Order_ID,Order_Date,Product_Category,Product_Name,Price,Quantity,Total_Amount,Customer_City,Rating,Payment_Method
ORD000001,2023-01-01,Beauty,Pressure Cooker,15718.75,9,141468.75,Hyderabad,4.5,Wallet
ORD000002,2023-01-02,Sports,Cricket Bat,28190.06,6,169140.36,Hyderabad,4.4,Cash on Delivery
ORD000003,2023-01-03,Home & Kitchen,Jeans,46670.25,9,420032.25,Hyderabad,4.0,Credit Card
ORD000004,2023-01-04,Sports,Headphones,15639.98,9,140759.82,Indore,3.9,Wallet
ORD000005,2023-01-05,Sports,Jeans,2907.06,7,20349.42,Delhi,4.1,UPI
ORD000006,2023-01-06,Fashion,Cricket Bat,33943.57,8,271548.56,Delhi,3.6,Wallet
ORD000007,2023-01-07,Home & Kitchen,Jeans,39448.64,2,78897.28,Delhi,4.8,Cash on Delivery
ORD000008,2023-01-08,Home & Kitchen,Football,47914.49,5,239572.45,Hyderabad,4.6,Wallet
ORD000009,2023-01-09,Home & Kitchen,Mixer,8311.14,3,24933.42,Ahmedabad,4.6,Cash on Delivery
ORD000010,2023-01-10,Sports,Cricket Bat,19910.93,1,19910.93,Hyderabad,3.9,Credit Card
ORD000011,2023-01-11,Beauty,Pressure Cooker,42284.95,6,253709.7,Indore,3.1,UPI
ORD000012,2023-01-12,Home & Kitchen,T-shirt,40440.13,9,363961.17,Indore,4.4,Cash on Delivery
ORD000013,2023-01-13,Sports,Pressure Cooker,31427.39,2,62854.78,Pune,3.7,UPI
ORD000014,2023-01-14,Fashion,Mixer,13833.74,9,124503.66,Hyderabad,4.7,Credit Card
ORD000015,2023-01-15,Beauty,Face Cream,14559.75,8,116478.0,Chennai,4.6,Credit Card
ORD000016,2023-01-16,Fashion,T-shirt,6638.15,9,59743.35,Chennai,3.3,Cash on Delivery
ORD000017,2023-01-17,Beauty,Mixer,46131.76,5,230658.8,Pune,4.2,Wallet
ORD000018,2023-01-18,Sports,T-shirt,9060.11,2,18120.22,Indore,4.4,UPI
ORD000019,2023-01-19,Electronics,Face Cream,28857.89,6,173147.34,Hyderabad,4.1,Wallet
ORD000020,2023-01-20,Beauty,Pressure Cooker,29425.4,7,205977.8,Delhi,4.0,UPI
ORD000021,2023-01-21,Fashion,Face Cream,18795.47,3,56386.41,Delhi,3.5,Credit Card
ORD000022,2023-01-22,Sports,Cricket Bat,17949.66,6,107697.96,Chennai,3.5,Credit Card
ORD000023,2023-01-23,Beauty,Smartphone,33595.13,6,201570.78,Chennai,4.5,Credit Card
ORD000024,2023-01-24,Electronics,Saree,19720.74,8,157765.92,Hyderabad,3.0,Wallet
ORD000025,2023-01-25,Electronics,Saree,13128.21,1,13128.21,Hyderabad,4.6,Credit Card
ORD000026,2023-01-26,Home & Kitchen,Mixer,20257.02,4,81028.08,Delhi,4.1,Wallet
ORD000027,2023-01-27,Home & Kitchen,Saree,40479.27,1,40479.27,Indore,4.9,Credit Card
ORD000028,2023-01-28,Fashion,Pressure Cooker,48340.68,8,386725.44,Bangalore,5.0,Wallet
ORD000029,2023-01-29,Beauty,Lipstick,31979.54,2,63959.08,Indore,4.3,Cash on Delivery
ORD000030,2023-01-30,Beauty,Mixer,39214.01,8,313712.08,Pune,3.8,Cash on Delivery
ORD000031,2023-01-31,Home & Kitchen,T-shirt,26874.83,3,80624.49,Delhi,4.0,UPI
ORD000032,2023-02-01,Beauty,Face Cream,31428.75,8,251430.0,Indore,3.4,Wallet
ORD000033,2023-02-02,Beauty,Face Cream,49410.29,6,296461.74,Delhi,3.2,Wallet
ORD000034,2023-02-03,Electronics,Headphones,22201.73,1,22201.73,Hyderabad,4.2,Cash on Delivery
ORD000035,2023-02-04,Home & Kitchen,Jeans,3779.61,7,26457.27,Ahmedabad,4.6,Cash on Delivery
ORD000036,2023-02-05,Sports,Pressure Cooker,47871.84,7,335102.88,Ahmedabad,3.5,Cash on Delivery
ORD000037,2023-02-06,Home & Kitchen,T-shirt,39756.56,6,238539.36,Bangalore,3.8,UPI
ORD000038,2023-02-07,Sports,Lipstick,20216.36,1,20216.36,Bangalore,4.1,Cash on Delivery
ORD000039,2023-02-08,Electronics,Headphones,49128.56,5,245642.8,Ahmedabad,4.8,UPI
ORD000040,2023-02-09,Fashion,Saree,17604.02,1,17604.02,Pune,3.3,UPI
ORD000041,2023-02-10,Beauty,Lipstick,18919.95,1,18919.95,Hyderabad,3.5,Cash on Delivery
ORD000042,2023-02-11,Electronics,Mixer,30681.7,6,184090.2,Mumbai,4.8,Cash on Delivery
ORD000043,2023-02-12,Beauty,Football,14080.2,8,112641.6,Hyderabad,3.1,Cash on Delivery
ORD000044,2023-02-13,Fashion,Face Cream,35079.29,1,35079.29,Chennai,4.3,Wallet
ORD000045,2023-02-14,Fashion,Laptop,8066.09,2,16132.18,Indore,4.3,Credit Card
ORD000046,2023-02-15,Electronics,Laptop,5847.25,5,29236.25,Bangalore,3.8,Wallet
ORD000047,2023-02-16,Fashion,Saree,26976.46,8,215811.68,Pune,3.9,UPI
ORD000048,2023-02-17,Sports,Laptop,27996.94,4,111987.76,Hyderabad,4.7,UPI
ORD000049,2023-02-18,Fashion,Laptop,5779.43,5,28897.15,Delhi,3.3,Credit Card
ORD000050,2023-02-19,Beauty,T-shirt,48226.72,5,241133.6,Delhi,3.5,Credit Card
ORD000051,2023-02-20,Beauty,T-shirt,28877.69,3,86633.07,Indore,4.0,Cash on Delivery
ORD000052,2023-02-21,Beauty,Jeans,7976.23,6,47857.38,Delhi,3.8,Wallet
ORD000053,2023-02-22,Beauty,Cricket Bat,15916.4,5,79582.0,Pune,4.1,Wallet
ORD000054,2023-02-23,Sports,Saree,40111.59,2,80223.18,Ahmedabad,4.8,Wallet
ORD000055,2023-02-24,Home & Kitchen,Laptop,26399.96,4,105599.84,Hyderabad,4.8,Credit Card
ORD000056,2023-02-25,Electronics,Jeans,9813.34,4,39253.36,Mumbai,3.5,Wallet
ORD000057,2023-02-26,Beauty,Saree,5591.02,7,39137.14,Pune,3.6,Credit Card
ORD000058,2023-02-27,Fashion,Laptop,21823.33,7,152763.31,Chennai,3.3,Wallet
ORD000059,2023-02-28,Beauty,Pressure Cooker,17202.03,9,154818.27,Delhi,4.9,Credit Card
ORD000060,2023-03-01,Fashion,Face Cream,32967.91,2,65935.82,Hyderabad,3.8,Wallet
ORD000061,2023-03-02,Fashion,Smartphone,46299.73,6,277798.38,Mumbai,3.9,UPI
ORD000062,2023-03-03,Beauty,Pressure Cooker,12762.65,2,25525.3,Bangalore,4.6,Credit Card
ORD000063,2023-03-04,Sports,Headphones,42834.08,9,385506.72,Ahmedabad,4.0,Cash on Delivery
ORD000064,2023-03-05,Fashion,Saree,46062.87,2,92125.74,Pune,3.2,UPI
ORD000065,2023-03-06,Fashion,Cricket Bat,45149.13,6,270894.78,Ahmedabad,3.9,UPI
ORD000066,2023-03-07,Beauty,Headphones,47627.83,8,381022.64,Pune,4.3,Credit Card
ORD000067,2023-03-08,Fashion,Jeans,42184.38,6,253106.28,Pune,4.4,Wallet
ORD000068,2023-03-09,Fashion,Jeans,29877.56,3,89632.68,Ahmedabad,4.3,Wallet
ORD000069,2023-03-10,Beauty,Laptop,20787.38,5,103936.9,Pune,3.2,Credit Card
ORD000070,2023-03-11,Beauty,Headphones,24838.55,4,99354.2,Bangalore,3.6,Wallet
ORD000071,2023-03-12,Electronics,Face Cream,43694.3,1,43694.3,Indore,4.5,Wallet
ORD000072,2023-03-13,Sports,Laptop,15419.22,5,77096.1,Ahmedabad,4.8,Wallet
ORD000073,2023-03-14,Sports,Saree,8383.45,5,41917.25,Chennai,3.1,Credit Card
ORD000074,2023-03-15,Fashion,Jeans,7470.55,7,52293.85,Hyderabad,3.1,Credit Card
ORD000075,2023-03-16,Sports,Smartphone,41436.23,7,290053.61,Hyderabad,4.3,Cash on Delivery
ORD000076,2023-03-17,Fashion,Jeans,38193.54,2,76387.08,Delhi,4.1,Wallet
ORD000077,2023-03-18,Electronics,T-shirt,25133.44,4,100533.76,Mumbai,3.3,Wallet
ORD000078,2023-03-19,Beauty,Football,14106.14,1,14106.14,Chennai,4.1,Credit Card
ORD000079,2023-03-20,Beauty,Lipstick,34041.85,5,170209.25,Mumbai,4.9,Cash on Delivery
ORD000080,2023-03-21,Beauty,Cricket Bat,2402.44,5,12012.2,Pune,4.3,Credit Card
ORD000081,2023-03-22,Sports,Headphones,28627.28,4,114509.12,Pune,3.9,Credit Card
ORD000082,2023-03-23,Electronics,Laptop,20222.05,7,141554.35,Pune,4.7,Cash on Delivery
ORD000083,2023-03-24,Sports,Lipstick,48904.05,6,293424.3,Chennai,3.4,Credit Card
ORD000084,2023-03-25,Sports,Lipstick,25624.23,3,76872.69,Hyderabad,3.8,UPI
ORD000085,2023-03-26,Electronics,Pressure Cooker,27837.25,2,55674.5,Hyderabad,4.1,Cash on Delivery
ORD000086,2023-03-27,Electronics,Football,35761.95,4,143047.8,Chennai,4.0,Wallet
ORD000087,2023-03-28,Electronics,Mixer,24484.65,9,220361.85,Mumbai,4.8,Wallet
ORD000088,2023-03-29,Electronics,Pressure Cooker,11616.15,5,58080.75,Indore,3.6,Cash on Delivery
ORD000089,2023-03-30,Beauty,Pressure Cooker,27095.25,1,27095.25,Bangalore,3.1,Wallet
ORD000090,2023-03-31,Home & Kitchen,Cricket Bat,47241.31,3,141723.93,Bangalore,4.8,UPI
ORD000091,2023-04-01,Home & Kitchen,T-shirt,20790.59,9,187115.31,Pune,3.4,Wallet
ORD000092,2023-04-02,Electronics,Jeans,34142.23,7,238995.61,Delhi,3.8,Cash on Delivery
ORD000093,2023-04-03,Home & Kitchen,Pressure Cooker,48912.69,3,146738.07,Delhi,4.1,Credit Card
ORD000094,2023-04-04,Home & Kitchen,Saree,41581.15,1,41581.15,Indore,5.0,Cash on Delivery
ORD000095,2023-04-05,Electronics,Jeans,33122.19,4,132488.76,Mumbai,4.1,Cash on Delivery
ORD000096,2023-04-06,Home & Kitchen,T-shirt,36931.83,9,332386.47,Indore,3.9,UPI
ORD000097,2023-04-07,Sports,Laptop,46855.92,7,327991.44,Hyderabad,4.2,Wallet
ORD000098,2023-04-08,Fashion,Mixer,48007.73,5,240038.65,Mumbai,4.9,Cash on Delivery
ORD000099,2023-04-09,Fashion,Jeans,48463.92,6,290783.52,Chennai,4.6,Wallet
ORD000100,2023-04-10,Electronics,Headphones,31469.26,1,31469.26,Pune,3.3,Credit Card
ORD000101,2023-04-11,Beauty,Cricket Bat,19543.23,7,136802.61,Bangalore,4.6,Cash on Delivery
ORD000102,2023-04-12,Electronics,Lipstick,7091.08,5,35455.4,Delhi,4.7,Cash on Delivery
ORD000103,2023-04-13,Beauty,Face Cream,19584.63,7,137092.41,Ahmedabad,4.4,Wallet
ORD000104,2023-04-14,Fashion,Football,47176.3,5,235881.5,Mumbai,4.3,UPI
ORD000105,2023-04-15,Electronics,Laptop,44544.96,5,222724.8,Mumbai,3.9,UPI
ORD000106,2023-04-16,Sports,T-shirt,26421.15,3,79263.45,Chennai,4.3,Wallet
ORD000107,2023-04-17,Home & Kitchen,Pressure Cooker,27081.86,5,135409.3,Pune,4.5,Cash on Delivery
ORD000108,2023-04-18,Beauty,Saree,15791.56,8,126332.48,Pune,3.2,Credit Card
ORD000109,2023-04-19,Home & Kitchen,Saree,22998.14,8,183985.12,Hyderabad,3.5,UPI
ORD000110,2023-04-20,Home & Kitchen,Mixer,35865.2,2,71730.4,Pune,3.4,UPI
ORD000111,2023-04-21,Electronics,T-shirt,20420.32,1,20420.32,Hyderabad,4.7,Credit Card
ORD000112,2023-04-22,Home & Kitchen,Laptop,9805.2,2,19610.4,Pune,4.4,UPI
ORD000113,2023-04-23,Sports,Headphones,27272.55,7,190907.85,Ahmedabad,3.9,Wallet
ORD000114,2023-04-24,Home & Kitchen,Lipstick,11654.18,3,34962.54,Pune,4.7,Cash on Delivery
ORD000115,2023-04-25,Electronics,Pressure Cooker,48727.23,8,389817.84,Bangalore,4.4,UPI
ORD000116,2023-04-26,Sports,Face Cream,19821.83,4,79287.32,Indore,4.8,Credit Card
ORD000117,2023-04-27,Fashion,Football,45528.42,8,364227.36,Indore,3.2,Wallet
ORD000118,2023-04-28,Home & Kitchen,Cricket Bat,11664.92,2,23329.84,Delhi,4.0,Wallet
ORD000119,2023-04-29,Electronics,Smartphone,9865.85,5,49329.25,Hyderabad,4.4,Wallet
ORD000120,2023-04-30,Fashion,Smartphone,31036.61,6,186219.66,Hyderabad,3.4,Wallet
ORD000121,2023-05-01,Fashion,Pressure Cooker,39079.26,1,39079.26,Ahmedabad,3.7,Cash on Delivery
ORD000122,2023-05-02,Beauty,Laptop,28554.85,1,28554.85,Hyderabad,3.8,Wallet
ORD000123,2023-05-03,Sports,Pressure Cooker,11874.89,9,106874.01,Indore,4.6,Wallet
ORD000124,2023-05-04,Home & Kitchen,T-shirt,2375.77,5,11878.85,Mumbai,4.0,Wallet
ORD000125,2023-05-05,Electronics,Football,31105.3,4,124421.2,Pune,4.0,Credit Card
ORD000126,2023-05-06,Beauty,Smartphone,6986.34,1,6986.34,Pune,3.9,Credit Card
ORD000127,2023-05-07,Sports,Mixer,17487.23,3,52461.69,Hyderabad,3.5,Credit Card
ORD000128,2023-05-08,Beauty,T-shirt,33951.35,4,135805.4,Indore,4.8,Credit Card
ORD000129,2023-05-09,Sports,Smartphone,5352.16,5,26760.8,Chennai,3.6,UPI
ORD000130,2023-05-10,Sports,Headphones,6798.95,5,33994.75,Indore,4.1,Wallet
ORD000131,2023-05-11,Home & Kitchen,Football,3552.48,8,28419.84,Bangalore,3.3,UPI
ORD000132,2023-05-12,Sports,Face Cream,49805.92,3,149417.76,Hyderabad,3.9,UPI
ORD000133,2023-05-13,Beauty,Lipstick,19660.3,7,137622.1,Ahmedabad,4.8,UPI
ORD000134,2023-05-14,Sports,Saree,45336.86,6,272021.16,Delhi,5.0,Cash on Delivery
ORD000135,2023-05-15,Home & Kitchen,T-shirt,15032.49,6,90194.94,Ahmedabad,3.7,Wallet
ORD000136,2023-05-16,Home & Kitchen,Saree,37783.53,9,340051.77,Mumbai,3.3,Wallet
ORD000137,2023-05-17,Beauty,Saree,11343.8,7,79406.6,Pune,3.6,UPI
ORD000138,2023-05-18,Fashion,Football,25167.07,7,176169.49,Chennai,3.7,Credit Card
ORD000139,2023-05-19,Fashion,Football,41318.48,1,41318.48,Indore,4.3,Cash on Delivery
ORD000140,2023-05-20,Sports,Smartphone,40908.55,1,40908.55,Bangalore,4.0,UPI
ORD000141,2023-05-21,Electronics,T-shirt,39816.9,9,358352.1,Mumbai,4.5,UPI
ORD000142,2023-05-22,Sports,Lipstick,41274.85,9,371473.65,Chennai,4.4,Cash on Delivery
ORD000143,2023-05-23,Beauty,Headphones,10967.88,3,32903.64,Mumbai,3.5,UPI
ORD000144,2023-05-24,Beauty,Jeans,24369.71,8,194957.68,Bangalore,4.6,Wallet
ORD000145,2023-05-25,Beauty,Mixer,24501.14,9,220510.26,Bangalore,4.7,Credit Card
ORD000146,2023-05-26,Beauty,Saree,44579.87,1,44579.87,Hyderabad,4.2,Credit Card
ORD000147,2023-05-27,Beauty,Lipstick,15196.15,3,45588.45,Delhi,4.9,Credit Card
ORD000148,2023-05-28,Home & Kitchen,Football,46609.05,6,279654.3,Hyderabad,4.6,Credit Card
ORD000149,2023-05-29,Fashion,Cricket Bat,22814.39,4,91257.56,Indore,4.2,UPI
ORD000150,2023-05-30,Beauty,Cricket Bat,33654.46,8,269235.68,Pune,4.8,Credit Card
ORD000151,2023-05-31,Electronics,Jeans,13809.71,9,124287.39,Mumbai,4.2,UPI
ORD000152,2023-06-01,Electronics,Jeans,20809.76,7,145668.32,Hyderabad,4.0,Wallet
ORD000153,2023-06-02,Electronics,Jeans,35635.15,1,35635.15,Bangalore,3.7,UPI
ORD000154,2023-06-03,Electronics,Face Cream,25880.98,2,51761.96,Bangalore,4.8,UPI
ORD000155,2023-06-04,Home & Kitchen,Mixer,46570.05,1,46570.05,Bangalore,3.2,UPI
ORD000156,2023-06-05,Electronics,Mixer,36987.69,9,332889.21,Hyderabad,3.9,Cash on Delivery
ORD000157,2023-06-06,Beauty,Headphones,28437.94,4,113751.76,Pune,4.1,Cash on Delivery
ORD000158,2023-06-07,Sports,Saree,44390.15,8,355121.2,Indore,4.1,Cash on Delivery
ORD000159,2023-06-08,Electronics,Laptop,33445.04,5,167225.2,Indore,4.3,Wallet
ORD000160,2023-06-09,Home & Kitchen,Face Cream,32542.36,5,162711.8,Chennai,4.0,Credit Card
ORD000161,2023-06-10,Home & Kitchen,Cricket Bat,12695.38,5,63476.9,Hyderabad,3.5,UPI
ORD000162,2023-06-11,Electronics,Smartphone,20045.42,5,100227.1,Hyderabad,4.7,UPI
ORD000163,2023-06-12,Sports,Smartphone,34323.53,3,102970.59,Ahmedabad,4.3,Credit Card
ORD000164,2023-06-13,Electronics,Jeans,44643.69,6,267862.14,Hyderabad,4.7,Cash on Delivery
ORD000165,2023-06-14,Home & Kitchen,Pressure Cooker,16119.6,1,16119.6,Hyderabad,3.6,Wallet
ORD000166,2023-06-15,Fashion,Cricket Bat,11166.54,8,89332.32,Bangalore,4.3,UPI
ORD000167,2023-06-16,Beauty,Laptop,29887.95,4,119551.8,Pune,4.4,Credit Card
ORD000168,2023-06-17,Home & Kitchen,Face Cream,3826.26,6,22957.56,Delhi,3.8,Cash on Delivery
ORD000169,2023-06-18,Electronics,Laptop,35869.81,2,71739.62,Hyderabad,4.6,Wallet
ORD000170,2023-06-19,Beauty,Smartphone,35305.36,2,70610.72,Ahmedabad,3.0,Credit Card
ORD000171,2023-06-20,Electronics,Pressure Cooker,18070.82,8,144566.56,Hyderabad,4.2,Credit Card
ORD000172,2023-06-21,Electronics,Laptop,44687.54,1,44687.54,Delhi,4.2,UPI
ORD000173,2023-06-22,Fashion,Cricket Bat,25357.97,8,202863.76,Ahmedabad,4.1,Wallet
ORD000174,2023-06-23,Beauty,Saree,32465.37,1,32465.37,Hyderabad,4.3,Wallet
ORD000175,2023-06-24,Beauty,Lipstick,10874.13,9,97867.17,Pune,3.3,Cash on Delivery
ORD000176,2023-06-25,Fashion,Pressure Cooker,21158.35,1,21158.35,Delhi,4.4,Cash on Delivery
ORD000177,2023-06-26,Home & Kitchen,Laptop,43189.67,4,172758.68,Bangalore,3.7,UPI
ORD000178,2023-06-27,Electronics,Football,11040.51,9,99364.59,Chennai,3.9,Wallet
ORD000179,2023-06-28,Sports,Pressure Cooker,19833.43,1,19833.43,Hyderabad,3.7,Cash on Delivery
ORD000180,2023-06-29,Electronics,Pressure Cooker,16244.79,9,146203.11,Chennai,3.9,Wallet
ORD000181,2023-06-30,Electronics,Saree,7979.95,8,63839.6,Hyderabad,4.2,Credit Card
ORD000182,2023-07-01,Home & Kitchen,Cricket Bat,14841.04,5,74205.2,Mumbai,4.7,Credit Card
ORD000183,2023-07-02,Electronics,Face Cream,12022.23,6,72133.38,Pune,4.0,Credit Card
ORD000184,2023-07-03,Fashion,Smartphone,46217.88,5,231089.4,Indore,3.6,Wallet
ORD000185,2023-07-04,Fashion,Football,37183.4,4,148733.6,Mumbai,4.0,UPI
ORD000186,2023-07-05,Beauty,Saree,16147.03,4,64588.12,Bangalore,4.4,Cash on Delivery
ORD000187,2023-07-06,Sports,Laptop,38285.28,8,306282.24,Chennai,3.7,UPI
ORD000188,2023-07-07,Electronics,Jeans,1595.93,8,12767.44,Chennai,3.8,UPI
ORD000189,2023-07-08,Electronics,Saree,26562.97,9,239066.73,Delhi,4.1,UPI
ORD000190,2023-07-09,Home & Kitchen,Jeans,12891.56,3,38674.68,Pune,3.6,UPI
ORD000191,2023-07-10,Fashion,T-shirt,6158.94,8,49271.52,Delhi,3.4,Cash on Delivery
ORD000192,2023-07-11,Sports,Smartphone,44246.05,3,132738.15,Hyderabad,3.3,Credit Card
ORD000193,2023-07-12,Beauty,Cricket Bat,10367.36,2,20734.72,Delhi,3.7,Credit Card
ORD000194,2023-07-13,Fashion,Lipstick,41208.36,2,82416.72,Delhi,3.1,Credit Card
ORD000195,2023-07-14,Beauty,Pressure Cooker,20954.52,9,188590.68,Chennai,4.2,Wallet
ORD000196,2023-07-15,Home & Kitchen,Jeans,1207.39,4,4829.56,Mumbai,3.4,Wallet
ORD000197,2023-07-16,Home & Kitchen,Lipstick,36760.38,5,183801.9,Chennai,3.8,Cash on Delivery
ORD000198,2023-07-17,Electronics,Lipstick,30019.81,2,60039.62,Pune,3.5,Cash on Delivery
ORD000199,2023-07-18,Sports,Jeans,17536.51,9,157828.59,Delhi,4.3,Cash on Delivery
ORD000200,2023-07-19,Beauty,Lipstick,14436.52,7,101055.64,Hyderabad,4.7,Credit Card
ORD000201,2023-07-20,Fashion,Pressure Cooker,4147.72,3,12443.16,Mumbai,4.3,Cash on Delivery
ORD000202,2023-07-21,Home & Kitchen,Face Cream,47100.57,6,282603.42,Ahmedabad,4.1,Credit Card
ORD000203,2023-07-22,Electronics,Headphones,24952.25,7,174665.75,Delhi,4.3,Credit Card
ORD000204,2023-07-23,Electronics,T-shirt,4733.46,6,28400.76,Delhi,3.1,UPI
ORD000205,2023-07-24,Beauty,Jeans,43499.65,6,260997.9,Indore,3.2,Wallet
ORD000206,2023-07-25,Home & Kitchen,Pressure Cooker,14302.24,8,114417.92,Ahmedabad,3.2,Wallet
ORD000207,2023-07-26,Sports,Football,10578.33,8,84626.64,Hyderabad,3.2,Cash on Delivery
ORD000208,2023-07-27,Home & Kitchen,Smartphone,14406.4,5,72032.0,Hyderabad,3.5,UPI
ORD000209,2023-07-28,Beauty,Jeans,28446.29,4,113785.16,Delhi,4.1,Cash on Delivery
ORD000210,2023-07-29,Beauty,Face Cream,4165.8,5,20829.0,Delhi,3.2,Cash on Delivery
ORD000211,2023-07-30,Home & Kitchen,Pressure Cooker,24346.97,9,219122.73,Chennai,4.9,Wallet
ORD000212,2023-07-31,Beauty,Pressure Cooker,44839.3,6,269035.8,Bangalore,4.7,UPI
ORD000213,2023-08-01,Home & Kitchen,Football,9814.49,3,29443.47,Hyderabad,4.9,Cash on Delivery
ORD000214,2023-08-02,Fashion,Saree,16893.84,3,50681.52,Pune,3.1,Cash on Delivery
ORD000215,2023-08-03,Home & Kitchen,Headphones,20108.04,1,20108.04,Ahmedabad,4.7,Cash on Delivery
ORD000216,2023-08-04,Home & Kitchen,Face Cream,29517.93,5,147589.65,Hyderabad,4.6,Credit Card
ORD000217,2023-08-05,Beauty,Jeans,46003.09,6,276018.54,Pune,4.8,Wallet
ORD000218,2023-08-06,Beauty,Football,20029.69,8,160237.52,Pune,4.1,Credit Card
ORD000219,2023-08-07,Electronics,Cricket Bat,3923.07,9,35307.63,Ahmedabad,4.6,Cash on Delivery
ORD000220,2023-08-08,Electronics,Pressure Cooker,17723.57,7,124064.99,Indore,3.1,UPI
ORD000221,2023-08-09,Fashion,T-shirt,9909.23,1,9909.23,Chennai,3.2,Credit Card
ORD000222,2023-08-10,Electronics,Saree,32762.84,7,229339.88,Ahmedabad,3.2,Credit Card
ORD000223,2023-08-11,Home & Kitchen,Pressure Cooker,1948.47,9,17536.23,Mumbai,4.8,Cash on Delivery
ORD000224,2023-08-12,Beauty,Jeans,14950.53,4,59802.12,Indore,3.1,Credit Card
ORD000225,2023-08-13,Electronics,Laptop,27486.09,7,192402.63,Indore,3.2,UPI
ORD000226,2023-08-14,Electronics,Pressure Cooker,14228.04,9,128052.36,Mumbai,4.9,UPI
ORD000227,2023-08-15,Fashion,Mixer,27774.27,1,27774.27,Ahmedabad,3.2,Wallet
ORD000228,2023-08-16,Fashion,Laptop,6178.26,9,55604.34,Mumbai,4.7,Wallet
ORD000229,2023-08-17,Home & Kitchen,Pressure Cooker,47168.87,4,188675.48,Hyderabad,4.6,UPI
ORD000230,2023-08-18,Beauty,Lipstick,14899.89,8,119199.12,Bangalore,3.1,UPI
ORD000231,2023-08-19,Fashion,Face Cream,46188.54,3,138565.62,Ahmedabad,3.0,Credit Card
ORD000232,2023-08-20,Electronics,Pressure Cooker,16628.85,2,33257.7,Bangalore,4.1,Wallet
ORD000233,2023-08-21,Beauty,Smartphone,39201.09,8,313608.72,Pune,5.0,Credit Card
ORD000234,2023-08-22,Beauty,Lipstick,12686.27,8,101490.16,Chennai,4.8,UPI
ORD000235,2023-08-23,Electronics,Jeans,33653.56,3,100960.68,Pune,3.6,Wallet
ORD000236,2023-08-24,Fashion,T-shirt,16523.95,8,132191.6,Mumbai,3.8,Credit Card
ORD000237,2023-08-25,Electronics,Laptop,25703.38,6,154220.28,Mumbai,3.8,Wallet
ORD000238,2023-08-26,Beauty,Cricket Bat,33853.8,9,304684.2,Delhi,4.5,Cash on Delivery
ORD000239,2023-08-27,Sports,Saree,29649.68,6,177898.08,Chennai,3.7,Cash on Delivery
ORD000240,2023-08-28,Sports,Football,29025.89,8,232207.12,Indore,3.3,Cash on Delivery
ORD000241,2023-08-29,Home & Kitchen,T-shirt,3751.2,2,7502.4,Indore,4.5,Cash on Delivery
ORD000242,2023-08-30,Electronics,Lipstick,12829.3,1,12829.3,Chennai,3.9,Cash on Delivery
ORD000243,2023-08-31,Electronics,Saree,28806.04,2,57612.08,Hyderabad,3.2,Wallet
ORD000244,2023-09-01,Home & Kitchen,Laptop,1406.7,4,5626.8,Hyderabad,4.6,UPI
ORD000245,2023-09-02,Home & Kitchen,Cricket Bat,12906.89,9,116162.01,Chennai,4.2,Credit Card
ORD000246,2023-09-03,Home & Kitchen,Mixer,11844.67,7,82912.69,Bangalore,4.0,UPI
ORD000247,2023-09-04,Beauty,Mixer,12867.88,9,115810.92,Chennai,4.3,UPI
ORD000248,2023-09-05,Electronics,Face Cream,27012.67,9,243114.03,Bangalore,4.0,UPI
ORD000249,2023-09-06,Beauty,Cricket Bat,29307.04,9,263763.36,Hyderabad,4.3,Credit Card
ORD000250,2023-09-07,Home & Kitchen,Saree,45495.4,8,363963.2,Pune,4.7,Cash on Delivery
ORD000251,2023-09-08,Electronics,Jeans,19608.54,6,117651.24,Chennai,4.2,Wallet
ORD000252,2023-09-09,Beauty,Saree,46365.66,7,324559.62,Bangalore,4.3,Wallet
ORD000253,2023-09-10,Beauty,Face Cream,32771.74,2,65543.48,Delhi,4.2,UPI
ORD000254,2023-09-11,Home & Kitchen,Pressure Cooker,45676.69,1,45676.69,Delhi,4.1,Wallet
ORD000255,2023-09-12,Electronics,Saree,41756.87,5,208784.35,Chennai,3.3,Credit Card
ORD000256,2023-09-13,Home & Kitchen,Jeans,34535.33,8,276282.64,Mumbai,3.7,UPI
ORD000257,2023-09-14,Electronics,T-shirt,18127.24,3,54381.72,Chennai,4.4,Credit Card
ORD000258,2023-09-15,Sports,Laptop,12434.97,7,87044.79,Hyderabad,3.9,UPI
ORD000259,2023-09-16,Fashion,Saree,11508.38,5,57541.9,Hyderabad,3.8,Cash on Delivery
ORD000260,2023-09-17,Fashion,Football,47632.6,8,381060.8,Ahmedabad,4.5,Wallet
ORD000261,2023-09-18,Fashion,Laptop,47949.41,6,287696.46,Delhi,3.0,Wallet
ORD000262,2023-09-19,Home & Kitchen,Lipstick,36379.15,6,218274.9,Bangalore,4.4,Credit Card
ORD000263,2023-09-20,Sports,Mixer,44247.9,7,309735.3,Delhi,4.0,Wallet
ORD000264,2023-09-21,Electronics,Mixer,45990.31,7,321932.17,Bangalore,3.8,UPI
ORD000265,2023-09-22,Beauty,Jeans,25822.03,4,103288.12,Pune,3.7,Cash on Delivery
ORD000266,2023-09-23,Electronics,Lipstick,31638.45,8,253107.6,Chennai,3.3,Wallet
ORD000267,2023-09-24,Beauty,Mixer,21228.35,6,127370.1,Mumbai,3.7,Cash on Delivery
ORD000268,2023-09-25,Electronics,Face Cream,21215.29,8,169722.32,Hyderabad,3.8,Credit Card
ORD000269,2023-09-26,Sports,Jeans,2402.23,7,16815.61,Chennai,3.9,Cash on Delivery
ORD000270,2023-09-27,Beauty,Saree,21974.16,1,21974.16,Delhi,4.3,Wallet
ORD000271,2023-09-28,Home & Kitchen,Lipstick,33837.75,4,135351.0,Indore,3.9,Wallet
ORD000272,2023-09-29,Electronics,Face Cream,21388.12,7,149716.84,Indore,4.6,Credit Card
ORD000273,2023-09-30,Electronics,Pressure Cooker,43684.28,9,393158.52,Chennai,4.3,Credit Card
ORD000274,2023-10-01,Beauty,Pressure Cooker,16961.87,2,33923.74,Mumbai,3.4,Cash on Delivery
ORD000275,2023-10-02,Home & Kitchen,Pressure Cooker,7067.76,5,35338.8,Bangalore,3.6,Cash on Delivery
ORD000276,2023-10-03,Home & Kitchen,T-shirt,40672.16,9,366049.44,Pune,3.2,Credit Card
ORD000277,2023-10-04,Sports,Pressure Cooker,33860.42,9,304743.78,Mumbai,4.9,Wallet
ORD000278,2023-10-05,Home & Kitchen,Lipstick,12470.06,6,74820.36,Delhi,4.8,Cash on Delivery
ORD000279,2023-10-06,Home & Kitchen,Smartphone,27054.34,7,189380.38,Mumbai,3.2,Credit Card
ORD000280,2023-10-07,Home & Kitchen,Mixer,20391.69,9,183525.21,Ahmedabad,4.1,Cash on Delivery
ORD000281,2023-10-08,Fashion,Pressure Cooker,46973.56,8,375788.48,Hyderabad,4.9,Credit Card
ORD000282,2023-10-09,Sports,Lipstick,30562.94,6,183377.64,Indore,4.5,Wallet
ORD000283,2023-10-10,Electronics,Face Cream,8340.27,6,50041.62,Ahmedabad,4.0,Cash on Delivery
ORD000284,2023-10-11,Beauty,Headphones,25356.35,7,177494.45,Mumbai,3.5,Cash on Delivery
ORD000285,2023-10-12,Electronics,Face Cream,43196.56,7,302375.92,Chennai,3.6,UPI
ORD000286,2023-10-13,Sports,Saree,33739.09,2,67478.18,Bangalore,4.5,UPI
ORD000287,2023-10-14,Beauty,Face Cream,42201.38,9,379812.42,Hyderabad,4.6,Wallet
ORD000288,2023-10-15,Sports,T-shirt,12894.77,4,51579.08,Hyderabad,4.1,Credit Card
ORD000289,2023-10-16,Home & Kitchen,Laptop,44473.39,9,400260.51,Hyderabad,3.2,UPI
ORD000290,2023-10-17,Beauty,Jeans,37902.76,3,113708.28,Ahmedabad,4.9,UPI
ORD000291,2023-10-18,Home & Kitchen,Headphones,36581.23,5,182906.15,Delhi,4.7,Wallet
ORD000292,2023-10-19,Electronics,Face Cream,17653.78,5,88268.9,Delhi,3.3,Credit Card
ORD000293,2023-10-20,Electronics,Headphones,44439.07,7,311073.49,Chennai,3.1,Wallet
ORD000294,2023-10-21,Beauty,T-shirt,32079.98,4,128319.92,Ahmedabad,4.1,Cash on Delivery
ORD000295,2023-10-22,Beauty,Jeans,42666.05,4,170664.2,Bangalore,3.6,Cash on Delivery
ORD000296,2023-10-23,Sports,T-shirt,18368.09,1,18368.09,Mumbai,3.6,Credit Card
ORD000297,2023-10-24,Sports,Pressure Cooker,7709.78,6,46258.68,Chennai,3.2,UPI
ORD000298,2023-10-25,Home & Kitchen,Laptop,16950.69,4,67802.76,Delhi,4.9,Wallet
ORD000299,2023-10-26,Beauty,Jeans,23035.59,5,115177.95,Chennai,4.7,Wallet
ORD000300,2023-10-27,Electronics,Lipstick,26903.67,9,242133.03,Bangalore,3.2,Cash on Delivery
ORD000301,2023-10-28,Sports,Face Cream,25785.06,4,103140.24,Ahmedabad,4.8,Wallet
ORD000302,2023-10-29,Sports,Face Cream,27529.7,1,27529.7,Chennai,4.4,UPI
ORD000303,2023-10-30,Electronics,Mixer,42164.44,9,379479.96,Pune,3.7,Credit Card
ORD000304,2023-10-31,Sports,T-shirt,8920.01,5,44600.05,Indore,4.7,Wallet
ORD000305,2023-11-01,Home & Kitchen,Laptop,16144.54,7,113011.78,Indore,4.2,UPI
ORD000306,2023-11-02,Beauty,Saree,44486.12,3,133458.36,Hyderabad,4.7,Credit Card
ORD000307,2023-11-03,Electronics,Smartphone,28242.68,4,112970.72,Mumbai,3.9,Wallet
ORD000308,2023-11-04,Beauty,Saree,29377.8,9,264400.2,Pune,4.0,Wallet
ORD000309,2023-11-05,Sports,Smartphone,24164.1,1,24164.1,Delhi,3.6,Credit Card
ORD000310,2023-11-06,Sports,Cricket Bat,27674.24,5,138371.2,Pune,3.8,Wallet
ORD000311,2023-11-07,Electronics,Lipstick,10304.95,8,82439.6,Delhi,4.1,Wallet
ORD000312,2023-11-08,Home & Kitchen,Cricket Bat,27569.91,7,192989.37,Indore,4.9,Wallet
ORD000313,2023-11-09,Fashion,T-shirt,49860.07,4,199440.28,Ahmedabad,4.2,Cash on Delivery
ORD000314,2023-11-10,Electronics,T-shirt,28519.35,7,199635.45,Bangalore,3.3,Credit Card
ORD000315,2023-11-11,Fashion,Face Cream,2697.92,1,2697.92,Bangalore,3.0,Cash on Delivery
ORD000316,2023-11-12,Fashion,Smartphone,39923.56,6,239541.36,Bangalore,4.7,Credit Card
ORD000317,2023-11-13,Home & Kitchen,Jeans,20125.53,9,181129.77,Delhi,3.7,Cash on Delivery
ORD000318,2023-11-14,Fashion,Football,8106.97,3,24320.91,Hyderabad,3.6,Wallet
ORD000319,2023-11-15,Fashion,Laptop,43194.73,4,172778.92,Pune,4.6,UPI
ORD000320,2023-11-16,Home & Kitchen,Pressure Cooker,10299.68,8,82397.44,Mumbai,4.9,Credit Card
ORD000321,2023-11-17,Fashion,Headphones,46077.99,5,230389.95,Bangalore,4.5,UPI
ORD000322,2023-11-18,Fashion,T-shirt,22368.93,5,111844.65,Delhi,3.3,Credit Card
ORD000323,2023-11-19,Fashion,Cricket Bat,37268.15,1,37268.15,Hyderabad,3.8,Credit Card
ORD000324,2023-11-20,Electronics,Cricket Bat,27576.29,6,165457.74,Bangalore,4.5,Wallet
ORD000325,2023-11-21,Electronics,Football,13203.03,2,26406.06,Pune,4.8,Credit Card
ORD000326,2023-11-22,Electronics,Saree,33718.96,1,33718.96,Bangalore,5.0,Wallet
ORD000327,2023-11-23,Home & Kitchen,Lipstick,47916.67,6,287500.02,Mumbai,4.0,Wallet
ORD000328,2023-11-24,Sports,Smartphone,38597.03,5,192985.15,Indore,4.6,Wallet
ORD000329,2023-11-25,Fashion,Headphones,30398.89,5,151994.45,Mumbai,3.1,Cash on Delivery
ORD000330,2023-11-26,Fashion,Smartphone,49536.09,9,445824.81,Chennai,3.6,Cash on Delivery
ORD000331,2023-11-27,Home & Kitchen,T-shirt,13633.67,3,40901.01,Indore,3.7,Wallet
ORD000332,2023-11-28,Fashion,Face Cream,3585.9,1,3585.9,Indore,5.0,UPI
ORD000333,2023-11-29,Electronics,Mixer,2090.48,8,16723.84,Pune,3.0,UPI
ORD000334,2023-11-30,Sports,Headphones,35679.05,5,178395.25,Indore,3.6,Credit Card
ORD000335,2023-12-01,Beauty,Saree,41596.5,5,207982.5,Bangalore,4.9,UPI
ORD000336,2023-12-02,Fashion,Cricket Bat,31937.48,8,255499.84,Chennai,3.6,Credit Card
ORD000337,2023-12-03,Electronics,Saree,45298.82,8,362390.56,Pune,3.5,Credit Card
ORD000338,2023-12-04,Beauty,Face Cream,35049.81,2,70099.62,Delhi,4.5,Credit Card
ORD000339,2023-12-05,Sports,T-shirt,18862.25,3,56586.75,Pune,4.5,Cash on Delivery
ORD000340,2023-12-06,Beauty,Mixer,9472.29,1,9472.29,Mumbai,3.9,Wallet
ORD000341,2023-12-07,Electronics,Pressure Cooker,46270.05,3,138810.15,Indore,4.9,UPI
ORD000342,2023-12-08,Beauty,Headphones,5628.06,4,22512.24,Indore,3.4,Wallet
ORD000343,2023-12-09,Home & Kitchen,Football,27377.93,7,191645.51,Hyderabad,4.8,Wallet
ORD000344,2023-12-10,Beauty,Smartphone,16043.39,9,144390.51,Bangalore,4.5,Cash on Delivery
ORD000345,2023-12-11,Fashion,Headphones,13935.04,5,69675.2,Pune,3.7,Credit Card
ORD000346,2023-12-12,Fashion,Cricket Bat,32468.83,1,32468.83,Bangalore,4.6,Wallet
ORD000347,2023-12-13,Home & Kitchen,Smartphone,11946.23,2,23892.46,Chennai,3.3,Credit Card
ORD000348,2023-12-14,Electronics,Pressure Cooker,45860.07,2,91720.14,Mumbai,3.3,Cash on Delivery
ORD000349,2023-12-15,Fashion,Football,20599.17,9,185392.53,Indore,4.9,Wallet
ORD000350,2023-12-16,Sports,Pressure Cooker,34030.08,7,238210.56,Indore,3.2,UPI
ORD000351,2023-12-17,Fashion,Football,36523.91,2,73047.82,Chennai,3.0,Wallet
ORD000352,2023-12-18,Fashion,Lipstick,34305.61,1,34305.61,Pune,3.8,Cash on Delivery
ORD000353,2023-12-19,Electronics,Smartphone,45218.31,5,226091.55,Bangalore,3.2,Cash on Delivery
ORD000354,2023-12-20,Beauty,Laptop,11940.98,1,11940.98,Mumbai,4.7,Wallet
ORD000355,2023-12-21,Fashion,Mixer,4759.7,9,42837.3,Bangalore,4.8,UPI
ORD000356,2023-12-22,Home & Kitchen,Laptop,3245.55,3,9736.65,Mumbai,4.0,Credit Card
ORD000357,2023-12-23,Beauty,Pressure Cooker,43953.29,2,87906.58,Pune,3.9,Wallet
ORD000358,2023-12-24,Sports,Smartphone,48677.71,6,292066.26,Bangalore,4.1,Wallet
ORD000359,2023-12-25,Electronics,Lipstick,15475.06,3,46425.18,Hyderabad,3.5,UPI
ORD000360,2023-12-26,Sports,Headphones,34828.94,5,174144.7,Indore,3.6,UPI
ORD000361,2023-12-27,Beauty,Headphones,941.18,8,7529.44,Pune,3.2,Cash on Delivery
ORD000362,2023-12-28,Beauty,Headphones,9837.26,2,19674.52,Pune,3.9,Credit Card
ORD000363,2023-12-29,Beauty,Face Cream,34619.08,5,173095.4,Chennai,4.2,Credit Card
ORD000364,2023-12-30,Sports,Lipstick,3761.41,8,30091.28,Ahmedabad,4.9,Wallet
ORD000365,2023-12-31,Beauty,Face Cream,23691.25,1,23691.25,Ahmedabad,4.5,Credit Card
ORD000366,2024-01-01,Sports,T-shirt,33297.87,4,133191.48,Mumbai,4.4,Cash on Delivery
ORD000367,2024-01-02,Beauty,Smartphone,38414.93,5,192074.65,Chennai,3.6,Cash on Delivery
ORD000368,2024-01-03,Home & Kitchen,Laptop,22963.89,3,68891.67,Mumbai,4.8,UPI
ORD000369,2024-01-04,Beauty,Mixer,31699.06,2,63398.12,Pune,4.9,UPI
ORD000370,2024-01-05,Sports,Pressure Cooker,27208.99,3,81626.97,Mumbai,4.9,Cash on Delivery
ORD000371,2024-01-06,Fashion,Mixer,3089.14,5,15445.7,Indore,3.1,UPI
ORD000372,2024-01-07,Beauty,Pressure Cooker,37268.83,7,260881.81,Mumbai,4.2,Cash on Delivery
ORD000373,2024-01-08,Fashion,Smartphone,9031.91,2,18063.82,Bangalore,4.3,UPI
ORD000374,2024-01-09,Home & Kitchen,Smartphone,2074.37,7,14520.59,Delhi,3.6,Wallet
ORD000375,2024-01-10,Electronics,Saree,22832.81,6,136996.86,Bangalore,5.0,Credit Card
ORD000376,2024-01-11,Home & Kitchen,Laptop,43349.06,7,303443.42,Delhi,3.6,Cash on Delivery
ORD000377,2024-01-12,Beauty,Cricket Bat,7966.06,7,55762.42,Indore,3.4,UPI
ORD000378,2024-01-13,Fashion,Pressure Cooker,1136.45,9,10228.05,Indore,4.0,Cash on Delivery
ORD000379,2024-01-14,Fashion,Jeans,5943.97,7,41607.79,Bangalore,3.6,Wallet
ORD000380,2024-01-15,Sports,Cricket Bat,18501.13,6,111006.78,Delhi,4.8,Cash on Delivery
ORD000381,2024-01-16,Fashion,Headphones,29218.51,8,233748.08,Ahmedabad,3.9,UPI
ORD000382,2024-01-17,Sports,Mixer,10054.1,7,70378.7,Ahmedabad,3.8,UPI
ORD000383,2024-01-18,Electronics,Football,40197.22,6,241183.32,Pune,4.3,Cash on Delivery
ORD000384,2024-01-19,Beauty,Football,37788.21,4,151152.84,Ahmedabad,3.2,Cash on Delivery
ORD000385,2024-01-20,Sports,Smartphone,34945.25,7,244616.75,Indore,4.5,UPI
ORD000386,2024-01-21,Electronics,Jeans,24629.76,8,197038.08,Mumbai,4.5,Wallet
ORD000387,2024-01-22,Fashion,Pressure Cooker,18578.24,8,148625.92,Mumbai,3.9,Wallet
ORD000388,2024-01-23,Fashion,T-shirt,19091.54,4,76366.16,Delhi,4.9,Wallet
ORD000389,2024-01-24,Electronics,Pressure Cooker,25401.99,9,228617.91,Ahmedabad,4.2,Credit Card
ORD000390,2024-01-25,Fashion,Football,4327.08,3,12981.24,Delhi,4.4,Credit Card
ORD000391,2024-01-26,Electronics,Mixer,34274.12,9,308467.08,Chennai,4.8,Credit Card
ORD000392,2024-01-27,Sports,Pressure Cooker,17899.62,3,53698.86,Mumbai,4.3,Cash on Delivery
ORD000393,2024-01-28,Sports,Pressure Cooker,11625.56,7,81378.92,Bangalore,3.9,Credit Card
ORD000394,2024-01-29,Electronics,Lipstick,14277.19,4,57108.76,Chennai,3.0,Cash on Delivery
ORD000395,2024-01-30,Sports,Laptop,9424.57,5,47122.85,Pune,4.5,Wallet
ORD000396,2024-01-31,Sports,Cricket Bat,45127.62,3,135382.86,Ahmedabad,4.9,UPI
ORD000397,2024-02-01,Sports,T-shirt,8867.36,2,17734.72,Delhi,3.9,Credit Card
ORD000398,2024-02-02,Home & Kitchen,Smartphone,44204.84,8,353638.72,Pune,3.7,UPI
ORD000399,2024-02-03,Beauty,Pressure Cooker,28826.05,7,201782.35,Indore,4.0,Credit Card
ORD000400,2024-02-04,Fashion,T-shirt,43438.82,7,304071.74,Bangalore,4.5,Credit Card
ORD000401,2024-02-05,Home & Kitchen,Saree,23966.18,8,191729.44,Hyderabad,3.0,UPI
ORD000402,2024-02-06,Sports,Pressure Cooker,46417.87,1,46417.87,Hyderabad,4.8,Wallet
ORD000403,2024-02-07,Electronics,Face Cream,10968.79,8,87750.32,Pune,4.8,Wallet
ORD000404,2024-02-08,Sports,Face Cream,27957.24,5,139786.2,Pune,4.1,Wallet
ORD000405,2024-02-09,Beauty,Lipstick,6729.02,8,53832.16,Ahmedabad,3.2,UPI
ORD000406,2024-02-10,Sports,Face Cream,22637.4,9,203736.6,Indore,4.3,Cash on Delivery
ORD000407,2024-02-11,Electronics,Lipstick,28710.23,2,57420.46,Hyderabad,3.3,UPI
ORD000408,2024-02-12,Beauty,Jeans,30480.92,3,91442.76,Indore,4.0,Cash on Delivery
ORD000409,2024-02-13,Sports,Headphones,18593.68,6,111562.08,Bangalore,3.2,Wallet
ORD000410,2024-02-14,Beauty,Mixer,4278.61,9,38507.49,Indore,4.2,Cash on Delivery
ORD000411,2024-02-15,Fashion,Cricket Bat,32938.64,8,263509.12,Pune,3.6,Wallet
ORD000412,2024-02-16,Fashion,Saree,24677.38,6,148064.28,Delhi,4.7,Wallet
ORD000413,2024-02-17,Sports,Mixer,7275.5,5,36377.5,Bangalore,4.6,Wallet
ORD000414,2024-02-18,Beauty,Face Cream,46825.86,3,140477.58,Chennai,5.0,Wallet
ORD000415,2024-02-19,Electronics,Mixer,47805.6,4,191222.4,Chennai,3.5,UPI
ORD000416,2024-02-20,Sports,Jeans,42902.01,7,300314.07,Hyderabad,3.1,Credit Card
ORD000417,2024-02-21,Fashion,Lipstick,42271.48,7,295900.36,Ahmedabad,3.9,Credit Card
ORD000418,2024-02-22,Fashion,Laptop,5384.23,3,16152.69,Pune,3.2,Credit Card
ORD000419,2024-02-23,Sports,T-shirt,49674.3,4,198697.2,Delhi,3.4,UPI
ORD000420,2024-02-24,Beauty,Smartphone,20318.84,3,60956.52,Pune,4.2,Wallet
ORD000421,2024-02-25,Fashion,Laptop,8574.5,2,17149.0,Chennai,4.2,Wallet
ORD000422,2024-02-26,Beauty,Laptop,40699.04,6,244194.24,Mumbai,3.1,Wallet
ORD000423,2024-02-27,Fashion,Headphones,11673.67,7,81715.69,Pune,3.9,Credit Card
ORD000424,2024-02-28,Fashion,Headphones,26545.68,4,106182.72,Mumbai,4.1,Wallet
ORD000425,2024-02-29,Home & Kitchen,Laptop,6836.8,5,34184.0,Hyderabad,3.5,Cash on Delivery
ORD000426,2024-03-01,Fashion,Lipstick,23994.96,8,191959.68,Pune,4.7,UPI
ORD000427,2024-03-02,Electronics,Mixer,28128.0,9,253152.0,Hyderabad,3.3,Wallet
ORD000428,2024-03-03,Sports,T-shirt,22573.24,7,158012.68,Hyderabad,3.5,Wallet
ORD000429,2024-03-04,Sports,Mixer,3939.6,1,3939.6,Ahmedabad,3.3,Wallet
ORD000430,2024-03-05,Beauty,Mixer,24504.48,3,73513.44,Chennai,3.2,Cash on Delivery
ORD000431,2024-03-06,Fashion,Mixer,23712.67,5,118563.35,Delhi,4.8,Wallet
ORD000432,2024-03-07,Electronics,T-shirt,13450.2,3,40350.6,Indore,3.6,Credit Card
ORD000433,2024-03-08,Beauty,T-shirt,46119.28,1,46119.28,Indore,4.4,Wallet
ORD000434,2024-03-09,Home & Kitchen,Jeans,21180.72,2,42361.44,Hyderabad,3.9,Credit Card
ORD000435,2024-03-10,Beauty,Cricket Bat,43273.73,8,346189.84,Bangalore,4.3,Credit Card
ORD000436,2024-03-11,Beauty,Football,5928.36,7,41498.52,Hyderabad,4.9,Wallet
ORD000437,2024-03-12,Fashion,Football,16284.43,3,48853.29,Ahmedabad,4.7,Cash on Delivery
ORD000438,2024-03-13,Home & Kitchen,Football,9228.38,4,36913.52,Pune,3.1,Credit Card
ORD000439,2024-03-14,Beauty,Laptop,20716.33,3,62148.99,Indore,4.7,Wallet
ORD000440,2024-03-15,Electronics,Pressure Cooker,6026.02,4,24104.08,Indore,3.9,Wallet
ORD000441,2024-03-16,Electronics,Jeans,22331.22,8,178649.76,Indore,3.7,Cash on Delivery
ORD000442,2024-03-17,Sports,Jeans,18016.6,9,162149.4,Ahmedabad,4.3,Wallet
ORD000443,2024-03-18,Home & Kitchen,Smartphone,11554.09,7,80878.63,Ahmedabad,4.9,UPI
ORD000444,2024-03-19,Home & Kitchen,Pressure Cooker,32287.88,9,290590.92,Chennai,3.2,UPI
ORD000445,2024-03-20,Sports,Headphones,47570.12,9,428131.08,Delhi,4.5,UPI
ORD000446,2024-03-21,Beauty,Smartphone,10752.12,7,75264.84,Hyderabad,3.4,Wallet
ORD000447,2024-03-22,Home & Kitchen,Headphones,35733.65,7,250135.55,Mumbai,3.8,Credit Card
ORD000448,2024-03-23,Electronics,Cricket Bat,37247.85,8,297982.8,Hyderabad,4.7,Cash on Delivery
ORD000449,2024-03-24,Electronics,Saree,25156.97,3,75470.91,Hyderabad,4.1,Wallet
ORD000450,2024-03-25,Fashion,Headphones,44934.58,8,359476.64,Delhi,3.1,Credit Card
ORD000451,2024-03-26,Home & Kitchen,Mixer,48336.31,1,48336.31,Bangalore,4.0,Wallet
ORD000452,2024-03-27,Beauty,Headphones,18431.2,6,110587.2,Ahmedabad,4.6,UPI
ORD000453,2024-03-28,Sports,Face Cream,32726.15,2,65452.3,Hyderabad,4.1,UPI
ORD000454,2024-03-29,Sports,Pressure Cooker,33279.52,7,232956.64,Hyderabad,3.3,Credit Card
ORD000455,2024-03-30,Beauty,Football,20479.96,3,61439.88,Indore,3.9,Credit Card
ORD000456,2024-03-31,Fashion,Football,16181.16,5,80905.8,Ahmedabad,4.8,Credit Card
ORD000457,2024-04-01,Sports,T-shirt,46720.34,2,93440.68,Chennai,4.3,Cash on Delivery
ORD000458,2024-04-02,Home & Kitchen,Pressure Cooker,39604.09,1,39604.09,Delhi,4.5,Credit Card
ORD000459,2024-04-03,Fashion,Cricket Bat,6166.0,5,30830.0,Chennai,4.6,UPI
ORD000460,2024-04-04,Home & Kitchen,Football,6434.26,9,57908.34,Indore,3.2,UPI
ORD000461,2024-04-05,Electronics,Jeans,46165.87,9,415492.83,Hyderabad,4.2,Cash on Delivery
ORD000462,2024-04-06,Fashion,Mixer,4529.78,7,31708.46,Hyderabad,3.8,Wallet
ORD000463,2024-04-07,Sports,Saree,34576.86,9,311191.74,Mumbai,3.3,Credit Card
ORD000464,2024-04-08,Fashion,Cricket Bat,11724.53,4,46898.12,Chennai,3.4,Cash on Delivery
ORD000465,2024-04-09,Fashion,Jeans,2241.67,3,6725.01,Indore,4.6,Wallet
ORD000466,2024-04-10,Fashion,Lipstick,3452.06,4,13808.24,Delhi,3.3,Wallet
ORD000467,2024-04-11,Fashion,Pressure Cooker,18989.34,7,132925.38,Pune,3.6,Credit Card
ORD000468,2024-04-12,Home & Kitchen,Face Cream,4340.63,8,34725.04,Pune,3.6,UPI
ORD000469,2024-04-13,Electronics,Cricket Bat,30033.64,2,60067.28,Pune,3.1,Credit Card
ORD000470,2024-04-14,Beauty,Pressure Cooker,32539.1,5,162695.5,Hyderabad,3.9,Credit Card
ORD000471,2024-04-15,Fashion,Saree,18986.69,5,94933.45,Mumbai,4.5,UPI
ORD000472,2024-04-16,Sports,Jeans,37272.46,9,335452.14,Mumbai,3.0,UPI
ORD000473,2024-04-17,Fashion,Pressure Cooker,24757.1,3,74271.3,Pune,3.2,UPI
ORD000474,2024-04-18,Sports,T-shirt,21796.31,6,130777.86,Bangalore,4.4,Wallet
ORD000475,2024-04-19,Home & Kitchen,Headphones,20645.91,5,103229.55,Delhi,4.2,Wallet
ORD000476,2024-04-20,Sports,Smartphone,21839.77,2,43679.54,Pune,4.4,Credit Card
ORD000477,2024-04-21,Beauty,Saree,48410.44,2,96820.88,Mumbai,3.5,Cash on Delivery
ORD000478,2024-04-22,Electronics,Smartphone,34229.65,4,136918.6,Delhi,4.6,Credit Card
ORD000479,2024-04-23,Sports,Laptop,16102.89,4,64411.56,Pune,4.0,Cash on Delivery
ORD000480,2024-04-24,Sports,Headphones,36826.06,7,257782.42,Hyderabad,4.2,Credit Card
ORD000481,2024-04-25,Electronics,Saree,16848.24,1,16848.24,Pune,3.2,Credit Card
ORD000482,2024-04-26,Beauty,Cricket Bat,6722.89,6,40337.34,Ahmedabad,3.4,Credit Card
ORD000483,2024-04-27,Fashion,T-shirt,24030.34,9,216273.06,Bangalore,4.5,Wallet
ORD000484,2024-04-28,Sports,Cricket Bat,37675.68,2,75351.36,Indore,3.4,Credit Card
ORD000485,2024-04-29,Electronics,Lipstick,19194.17,5,95970.85,Ahmedabad,3.2,Cash on Delivery
ORD000486,2024-04-30,Home & Kitchen,Laptop,43524.12,4,174096.48,Ahmedabad,4.2,Wallet
ORD000487,2024-05-01,Electronics,T-shirt,19654.16,4,78616.64,Delhi,4.1,Credit Card
ORD000488,2024-05-02,Home & Kitchen,Face Cream,17817.03,8,142536.24,Ahmedabad,4.2,UPI
ORD000489,2024-05-03,Beauty,Football,49913.07,6,299478.42,Indore,4.2,Wallet
ORD000490,2024-05-04,Fashion,Pressure Cooker,24382.37,7,170676.59,Bangalore,4.0,UPI
ORD000491,2024-05-05,Electronics,Pressure Cooker,40358.45,9,363226.05,Indore,4.0,Credit Card
ORD000492,2024-05-06,Sports,Football,40346.91,3,121040.73,Delhi,4.8,Cash on Delivery
ORD000493,2024-05-07,Beauty,Mixer,46355.28,2,92710.56,Indore,4.1,UPI
ORD000494,2024-05-08,Electronics,Pressure Cooker,4702.31,3,14106.93,Delhi,4.2,UPI
ORD000495,2024-05-09,Sports,Jeans,13925.4,8,111403.2,Chennai,3.5,Wallet
ORD000496,2024-05-10,Electronics,Laptop,38503.53,9,346531.77,Ahmedabad,4.7,UPI
ORD000497,2024-05-11,Home & Kitchen,Jeans,28348.77,5,141743.85,Bangalore,3.0,Credit Card
ORD000498,2024-05-12,Electronics,Football,28200.94,8,225607.52,Delhi,4.1,Wallet
ORD000499,2024-05-13,Electronics,Headphones,8727.66,7,61093.62,Chennai,3.8,UPI
ORD000500,2024-05-14,Electronics,Mixer,14417.07,9,129753.63,Chennai,4.2,Cash on Delivery
ORD000501,2024-05-15,Beauty,Mixer,26306.04,4,105224.16,Bangalore,3.7,Wallet
ORD000502,2024-05-16,Electronics,Football,14220.48,3,42661.44,Hyderabad,4.4,Cash on Delivery
ORD000503,2024-05-17,Sports,Football,10909.0,9,98181.0,Bangalore,3.0,Cash on Delivery
ORD000504,2024-05-18,Home & Kitchen,Pressure Cooker,4843.92,8,38751.36,Delhi,3.8,Wallet
ORD000505,2024-05-19,Home & Kitchen,T-shirt,8208.44,7,57459.08,Hyderabad,4.7,UPI
ORD000506,2024-05-20,Electronics,Headphones,38558.95,1,38558.95,Ahmedabad,3.5,UPI
ORD000507,2024-05-21,Beauty,Lipstick,36079.57,2,72159.14,Bangalore,3.1,Cash on Delivery
ORD000508,2024-05-22,Beauty,Laptop,2768.77,9,24918.93,Bangalore,4.0,UPI
ORD000509,2024-05-23,Sports,Laptop,10562.56,5,52812.8,Ahmedabad,5.0,Wallet
ORD000510,2024-05-24,Electronics,Saree,28242.54,1,28242.54,Bangalore,3.1,Cash on Delivery
ORD000511,2024-05-25,Home & Kitchen,Cricket Bat,16470.08,9,148230.72,Ahmedabad,3.1,Credit Card
ORD000512,2024-05-26,Beauty,Pressure Cooker,41250.86,1,41250.86,Bangalore,4.2,Credit Card
ORD000513,2024-05-27,Electronics,Saree,39356.97,8,314855.76,Hyderabad,3.5,Credit Card
ORD000514,2024-05-28,Beauty,Lipstick,44633.24,5,223166.2,Delhi,3.8,UPI
ORD000515,2024-05-29,Beauty,Mixer,28365.1,6,170190.6,Chennai,4.7,Credit Card
ORD000516,2024-05-30,Home & Kitchen,Football,17927.79,1,17927.79,Bangalore,3.4,Credit Card
ORD000517,2024-05-31,Fashion,Smartphone,30500.2,2,61000.4,Ahmedabad,4.4,Cash on Delivery
ORD000518,2024-06-01,Sports,Football,4912.27,7,34385.89,Chennai,4.0,Wallet
ORD000519,2024-06-02,Sports,Lipstick,974.51,2,1949.02,Chennai,4.8,Cash on Delivery
ORD000520,2024-06-03,Home & Kitchen,Lipstick,1346.13,5,6730.65,Chennai,4.9,Cash on Delivery
ORD000521,2024-06-04,Beauty,T-shirt,20673.38,9,186060.42,Bangalore,4.0,Credit Card
ORD000522,2024-06-05,Electronics,T-shirt,11789.84,5,58949.2,Bangalore,4.2,Cash on Delivery
ORD000523,2024-06-06,Beauty,T-shirt,8288.22,3,24864.66,Indore,4.5,Credit Card
ORD000524,2024-06-07,Home & Kitchen,T-shirt,30958.64,6,185751.84,Bangalore,3.6,UPI
ORD000525,2024-06-08,Sports,Cricket Bat,49757.2,7,348300.4,Pune,3.5,Credit Card
ORD000526,2024-06-09,Beauty,Pressure Cooker,9298.78,8,74390.24,Bangalore,4.9,Wallet
ORD000527,2024-06-10,Sports,Face Cream,27547.86,3,82643.58,Mumbai,3.9,Cash on Delivery
ORD000528,2024-06-11,Electronics,Laptop,6426.51,4,25706.04,Delhi,3.0,Wallet
ORD000529,2024-06-12,Sports,Pressure Cooker,46744.7,4,186978.8,Mumbai,4.7,Wallet
ORD000530,2024-06-13,Sports,Pressure Cooker,14941.88,2,29883.76,Indore,4.2,Cash on Delivery
ORD000531,2024-06-14,Fashion,Laptop,43977.82,7,307844.74,Pune,3.3,Cash on Delivery
ORD000532,2024-06-15,Fashion,T-shirt,14512.28,4,58049.12,Hyderabad,3.1,Cash on Delivery
ORD000533,2024-06-16,Fashion,Pressure Cooker,40399.6,4,161598.4,Pune,3.6,Wallet
ORD000534,2024-06-17,Sports,Football,10864.38,8,86915.04,Mumbai,4.9,UPI
ORD000535,2024-06-18,Home & Kitchen,Cricket Bat,14993.08,6,89958.48,Mumbai,4.9,Wallet
ORD000536,2024-06-19,Sports,T-shirt,10027.53,6,60165.18,Mumbai,3.6,UPI
ORD000537,2024-06-20,Home & Kitchen,Cricket Bat,13580.86,9,122227.74,Delhi,4.7,Credit Card
ORD000538,2024-06-21,Home & Kitchen,Saree,41825.85,4,167303.4,Chennai,3.9,Cash on Delivery
ORD000539,2024-06-22,Fashion,Face Cream,32132.11,9,289188.99,Hyderabad,4.3,Wallet
ORD000540,2024-06-23,Beauty,Pressure Cooker,20591.04,1,20591.04,Hyderabad,3.7,UPI
ORD000541,2024-06-24,Electronics,Football,48590.29,9,437312.61,Pune,4.0,UPI
ORD000542,2024-06-25,Fashion,Face Cream,23510.65,1,23510.65,Delhi,3.6,UPI
ORD000543,2024-06-26,Fashion,Jeans,48503.12,7,339521.84,Indore,3.1,Cash on Delivery
ORD000544,2024-06-27,Beauty,Cricket Bat,10231.05,6,61386.3,Pune,3.3,UPI
ORD000545,2024-06-28,Electronics,Saree,45279.6,7,316957.2,Mumbai,3.6,Cash on Delivery
ORD000546,2024-06-29,Sports,Headphones,1184.2,9,10657.8,Chennai,5.0,Wallet
ORD000547,2024-06-30,Sports,Headphones,27492.51,4,109970.04,Pune,4.9,UPI
ORD000548,2024-07-01,Fashion,Saree,21441.09,9,192969.81,Pune,4.7,UPI
ORD000549,2024-07-02,Electronics,Mixer,26491.85,3,79475.55,Bangalore,3.5,Cash on Delivery
ORD000550,2024-07-03,Fashion,Mixer,27895.52,9,251059.68,Pune,3.9,Cash on Delivery
ORD000551,2024-07-04,Home & Kitchen,T-shirt,19757.05,1,19757.05,Delhi,3.9,Wallet
ORD000552,2024-07-05,Fashion,Mixer,49910.79,5,249553.95,Indore,3.8,Cash on Delivery
ORD000553,2024-07-06,Fashion,Headphones,48837.11,5,244185.55,Chennai,3.1,Wallet
ORD000554,2024-07-07,Sports,Football,48106.4,1,48106.4,Indore,4.1,Wallet
ORD000555,2024-07-08,Sports,Mixer,48964.71,1,48964.71,Delhi,3.1,UPI
ORD000556,2024-07-09,Sports,Jeans,39754.11,3,119262.33,Delhi,4.6,Credit Card
ORD000557,2024-07-10,Home & Kitchen,Headphones,49435.23,9,444917.07,Bangalore,4.4,Credit Card
ORD000558,2024-07-11,Sports,Cricket Bat,44671.83,7,312702.81,Indore,3.7,Cash on Delivery
ORD000559,2024-07-12,Electronics,Lipstick,21088.67,6,126532.02,Chennai,4.3,Cash on Delivery
ORD000560,2024-07-13,Beauty,Mixer,39346.47,9,354118.23,Indore,3.5,Credit Card
ORD000561,2024-07-14,Electronics,Mixer,45647.36,4,182589.44,Pune,3.5,Wallet
ORD000562,2024-07-15,Electronics,Pressure Cooker,35774.0,4,143096.0,Indore,3.6,Credit Card
ORD000563,2024-07-16,Sports,Laptop,21427.73,3,64283.19,Ahmedabad,4.6,Wallet
ORD000564,2024-07-17,Beauty,Jeans,3756.62,5,18783.1,Mumbai,3.4,Wallet
ORD000565,2024-07-18,Beauty,Headphones,40580.0,5,202900.0,Indore,4.1,Cash on Delivery
ORD000566,2024-07-19,Beauty,Headphones,47660.77,7,333625.39,Chennai,3.4,Cash on Delivery
ORD000567,2024-07-20,Home & Kitchen,Face Cream,18441.93,7,129093.51,Pune,3.6,Cash on Delivery
ORD000568,2024-07-21,Sports,Smartphone,8019.35,6,48116.1,Chennai,3.5,Credit Card
ORD000569,2024-07-22,Beauty,Laptop,16661.94,4,66647.76,Ahmedabad,4.3,Credit Card
ORD000570,2024-07-23,Home & Kitchen,Mixer,29339.81,7,205378.67,Ahmedabad,4.1,Credit Card
ORD000571,2024-07-24,Fashion,Saree,16187.99,2,32375.98,Mumbai,4.4,Wallet
ORD000572,2024-07-25,Fashion,Pressure Cooker,30725.63,9,276530.67,Bangalore,3.4,Cash on Delivery
ORD000573,2024-07-26,Home & Kitchen,Face Cream,48359.19,7,338514.33,Chennai,3.0,UPI
ORD000574,2024-07-27,Home & Kitchen,Football,33701.36,2,67402.72,Indore,4.4,Credit Card
ORD000575,2024-07-28,Sports,Face Cream,18451.64,2,36903.28,Indore,3.2,UPI
ORD000576,2024-07-29,Sports,Cricket Bat,46819.77,6,280918.62,Mumbai,3.5,UPI
ORD000577,2024-07-30,Fashion,Pressure Cooker,28498.95,7,199492.65,Delhi,3.6,Credit Card
ORD000578,2024-07-31,Beauty,Mixer,6854.43,9,61689.87,Delhi,4.5,Credit Card
ORD000579,2024-08-01,Fashion,Smartphone,25199.56,4,100798.24,Pune,4.3,Credit Card
ORD000580,2024-08-02,Beauty,Lipstick,32855.0,8,262840.0,Mumbai,3.4,Cash on Delivery
ORD000581,2024-08-03,Beauty,Football,41993.59,2,83987.18,Delhi,4.2,UPI
ORD000582,2024-08-04,Sports,Headphones,46855.6,6,281133.6,Chennai,4.4,Wallet
ORD000583,2024-08-05,Electronics,Cricket Bat,16212.1,4,64848.4,Mumbai,3.8,UPI
ORD000584,2024-08-06,Electronics,Laptop,8197.86,8,65582.88,Indore,3.5,Wallet
ORD000585,2024-08-07,Home & Kitchen,Football,4154.52,9,37390.68,Pune,4.4,UPI
ORD000586,2024-08-08,Sports,Mixer,37048.55,2,74097.1,Pune,4.2,UPI
ORD000587,2024-08-09,Beauty,Face Cream,39860.33,7,279022.31,Ahmedabad,3.2,Cash on Delivery
ORD000588,2024-08-10,Electronics,Jeans,20763.97,7,145347.79,Chennai,4.3,Wallet
ORD000589,2024-08-11,Beauty,Saree,20098.31,8,160786.48,Hyderabad,4.0,Credit Card
ORD000590,2024-08-12,Electronics,Pressure Cooker,47734.73,5,238673.65,Bangalore,4.5,Credit Card
ORD000591,2024-08-13,Electronics,Smartphone,45875.73,3,137627.19,Indore,3.4,Cash on Delivery
ORD000592,2024-08-14,Electronics,Football,12046.66,1,12046.66,Indore,3.5,Credit Card
ORD000593,2024-08-15,Sports,Lipstick,39149.98,4,156599.92,Bangalore,4.1,UPI
ORD000594,2024-08-16,Fashion,T-shirt,31323.67,3,93971.01,Bangalore,4.0,Cash on Delivery
ORD000595,2024-08-17,Beauty,Face Cream,8134.03,2,16268.06,Mumbai,3.8,Wallet
ORD000596,2024-08-18,Sports,Saree,18160.17,6,108961.02,Hyderabad,4.5,Cash on Delivery
ORD000597,2024-08-19,Sports,Mixer,9284.91,7,64994.37,Ahmedabad,4.1,UPI
ORD000598,2024-08-20,Sports,Lipstick,15110.22,7,105771.54,Bangalore,4.4,Cash on Delivery
ORD000599,2024-08-21,Sports,Face Cream,30957.41,8,247659.28,Chennai,3.3,UPI
ORD000600,2024-08-22,Sports,Saree,19075.64,2,38151.28,Indore,4.5,Cash on Delivery
ORD000601,2024-08-23,Home & Kitchen,Saree,20005.95,6,120035.7,Bangalore,3.9,Wallet
ORD000602,2024-08-24,Beauty,Headphones,27212.54,6,163275.24,Hyderabad,3.1,Wallet
ORD000603,2024-08-25,Sports,Saree,4817.59,1,4817.59,Chennai,3.5,Credit Card
ORD000604,2024-08-26,Beauty,Jeans,37070.47,2,74140.94,Chennai,3.1,UPI
ORD000605,2024-08-27,Home & Kitchen,Lipstick,20384.62,9,183461.58,Mumbai,3.9,Credit Card
ORD000606,2024-08-28,Home & Kitchen,Mixer,24279.66,8,194237.28,Ahmedabad,3.7,Cash on Delivery
ORD000607,2024-08-29,Beauty,Mixer,48727.84,4,194911.36,Mumbai,5.0,Cash on Delivery
ORD000608,2024-08-30,Electronics,Jeans,17546.16,6,105276.96,Delhi,4.7,Cash on Delivery
ORD000609,2024-08-31,Fashion,Laptop,32586.84,2,65173.68,Hyderabad,4.7,Cash on Delivery
ORD000610,2024-09-01,Electronics,Football,19928.96,5,99644.8,Pune,4.0,Wallet
ORD000611,2024-09-02,Electronics,Lipstick,44766.99,2,89533.98,Chennai,4.6,Cash on Delivery
ORD000612,2024-09-03,Electronics,Saree,42414.44,5,212072.2,Hyderabad,3.5,Wallet
ORD000613,2024-09-04,Sports,Football,12460.4,7,87222.8,Bangalore,4.1,Credit Card
ORD000614,2024-09-05,Home & Kitchen,Smartphone,34741.41,7,243189.87,Pune,3.8,Wallet
ORD000615,2024-09-06,Electronics,Cricket Bat,3726.01,9,33534.09,Indore,3.3,Wallet
ORD000616,2024-09-07,Home & Kitchen,Lipstick,48177.68,3,144533.04,Bangalore,3.1,UPI
ORD000617,2024-09-08,Beauty,T-shirt,17775.01,4,71100.04,Indore,4.1,Cash on Delivery
ORD000618,2024-09-09,Fashion,Smartphone,41676.22,9,375085.98,Ahmedabad,3.2,Cash on Delivery
ORD000619,2024-09-10,Beauty,Jeans,16262.35,8,130098.8,Delhi,4.4,Cash on Delivery
ORD000620,2024-09-11,Beauty,Saree,31822.15,7,222755.05,Ahmedabad,4.8,Credit Card
ORD000621,2024-09-12,Sports,Laptop,49187.74,8,393501.92,Ahmedabad,3.3,Cash on Delivery
ORD000622,2024-09-13,Fashion,T-shirt,43899.12,9,395092.08,Chennai,3.9,Cash on Delivery
ORD000623,2024-09-14,Beauty,Laptop,8438.11,4,33752.44,Indore,4.5,Cash on Delivery
ORD000624,2024-09-15,Beauty,Laptop,27600.68,5,138003.4,Ahmedabad,3.6,UPI
ORD000625,2024-09-16,Fashion,Pressure Cooker,17752.32,9,159770.88,Chennai,4.8,Wallet
ORD000626,2024-09-17,Fashion,Face Cream,21999.77,7,153998.39,Indore,4.8,UPI
ORD000627,2024-09-18,Beauty,Face Cream,17091.56,4,68366.24,Delhi,3.2,Cash on Delivery
ORD000628,2024-09-19,Fashion,Headphones,17129.98,6,102779.88,Bangalore,3.1,Wallet
ORD000629,2024-09-20,Beauty,T-shirt,27356.39,1,27356.39,Chennai,5.0,UPI
ORD000630,2024-09-21,Beauty,Cricket Bat,10002.22,1,10002.22,Pune,4.9,Cash on Delivery
ORD000631,2024-09-22,Sports,Headphones,27101.07,9,243909.63,Ahmedabad,3.8,Cash on Delivery
ORD000632,2024-09-23,Electronics,T-shirt,14308.79,8,114470.32,Indore,3.1,UPI
ORD000633,2024-09-24,Beauty,Laptop,14804.65,1,14804.65,Hyderabad,4.2,Wallet
ORD000634,2024-09-25,Home & Kitchen,Headphones,37068.03,2,74136.06,Chennai,3.6,Wallet
ORD000635,2024-09-26,Electronics,T-shirt,1964.88,4,7859.52,Indore,4.9,UPI
ORD000636,2024-09-27,Electronics,Cricket Bat,19356.82,1,19356.82,Ahmedabad,4.6,Cash on Delivery
ORD000637,2024-09-28,Electronics,Football,20672.95,2,41345.9,Indore,4.3,Wallet
ORD000638,2024-09-29,Sports,Smartphone,24512.95,5,122564.75,Bangalore,3.6,UPI
ORD000639,2024-09-30,Beauty,Football,33616.05,8,268928.4,Chennai,4.4,UPI
ORD000640,2024-10-01,Sports,Lipstick,18799.5,6,112797.0,Chennai,3.6,UPI
ORD000641,2024-10-02,Beauty,Football,11050.29,6,66301.74,Mumbai,3.1,Wallet
ORD000642,2024-10-03,Sports,Football,44301.21,4,177204.84,Indore,4.0,Credit Card
ORD000643,2024-10-04,Sports,Saree,49061.41,2,98122.82,Ahmedabad,4.0,Credit Card
ORD000644,2024-10-05,Home & Kitchen,Football,1490.73,3,4472.19,Ahmedabad,4.5,Credit Card
ORD000645,2024-10-06,Sports,T-shirt,27550.11,6,165300.66,Chennai,4.7,Credit Card
ORD000646,2024-10-07,Fashion,Cricket Bat,17414.27,6,104485.62,Indore,3.7,Credit Card
ORD000647,2024-10-08,Home & Kitchen,Lipstick,14210.98,5,71054.9,Delhi,3.9,Cash on Delivery
ORD000648,2024-10-09,Sports,Headphones,17117.47,6,102704.82,Delhi,3.9,UPI
ORD000649,2024-10-10,Electronics,T-shirt,32124.45,6,192746.7,Hyderabad,3.6,Credit Card
ORD000650,2024-10-11,Fashion,T-shirt,9940.44,1,9940.44,Chennai,4.5,Wallet
ORD000651,2024-10-12,Fashion,Jeans,45686.61,6,274119.66,Hyderabad,4.0,UPI
ORD000652,2024-10-13,Fashion,T-shirt,23572.67,5,117863.35,Bangalore,4.8,Wallet
ORD000653,2024-10-14,Home & Kitchen,Saree,16616.05,8,132928.4,Indore,4.3,Wallet
ORD000654,2024-10-15,Sports,Face Cream,38393.8,9,345544.2,Bangalore,3.4,Wallet
ORD000655,2024-10-16,Sports,Jeans,1309.16,6,7854.96,Mumbai,3.3,Cash on Delivery
ORD000656,2024-10-17,Electronics,Lipstick,21876.72,4,87506.88,Mumbai,3.7,Wallet
ORD000657,2024-10-18,Electronics,Headphones,18087.53,3,54262.59,Ahmedabad,3.7,UPI
ORD000658,2024-10-19,Fashion,Face Cream,17241.39,1,17241.39,Chennai,3.8,UPI
ORD000659,2024-10-20,Electronics,Headphones,17185.03,7,120295.21,Chennai,3.4,Cash on Delivery
ORD000660,2024-10-21,Home & Kitchen,Mixer,2047.93,5,10239.65,Ahmedabad,5.0,Cash on Delivery
ORD000661,2024-10-22,Sports,Mixer,8029.76,4,32119.04,Hyderabad,3.3,UPI
ORD000662,2024-10-23,Fashion,Lipstick,7523.32,9,67709.88,Ahmedabad,4.3,UPI
ORD000663,2024-10-24,Electronics,Pressure Cooker,49436.22,7,346053.54,Hyderabad,3.0,Wallet
ORD000664,2024-10-25,Home & Kitchen,Cricket Bat,1597.2,8,12777.6,Chennai,3.8,Wallet
ORD000665,2024-10-26,Home & Kitchen,Pressure Cooker,8770.15,4,35080.6,Pune,3.6,Cash on Delivery
ORD000666,2024-10-27,Electronics,Cricket Bat,48721.64,8,389773.12,Ahmedabad,3.8,Credit Card
ORD000667,2024-10-28,Sports,Jeans,31598.7,4,126394.8,Chennai,4.0,Wallet
ORD000668,2024-10-29,Electronics,Lipstick,22808.02,1,22808.02,Mumbai,4.2,Wallet
ORD000669,2024-10-30,Fashion,Cricket Bat,4398.67,8,35189.36,Mumbai,4.2,Credit Card
ORD000670,2024-10-31,Electronics,Mixer,33648.23,1,33648.23,Mumbai,4.3,Wallet
ORD000671,2024-11-01,Home & Kitchen,Mixer,7321.25,3,21963.75,Chennai,4.7,Credit Card
ORD000672,2024-11-02,Electronics,Laptop,33723.71,7,236065.97,Ahmedabad,4.8,Credit Card
ORD000673,2024-11-03,Sports,Cricket Bat,48969.24,3,146907.72,Hyderabad,4.5,UPI
ORD000674,2024-11-04,Beauty,Football,26832.65,8,214661.2,Delhi,3.2,Credit Card
ORD000675,2024-11-05,Electronics,Lipstick,11097.19,5,55485.95,Delhi,4.9,Credit Card
ORD000676,2024-11-06,Sports,Face Cream,31451.55,3,94354.65,Hyderabad,4.9,Cash on Delivery
ORD000677,2024-11-07,Sports,Smartphone,25890.02,5,129450.1,Hyderabad,4.4,Cash on Delivery
ORD000678,2024-11-08,Home & Kitchen,Jeans,26890.44,5,134452.2,Ahmedabad,4.0,Cash on Delivery
ORD000679,2024-11-09,Sports,T-shirt,24166.29,8,193330.32,Pune,3.5,Wallet
ORD000680,2024-11-10,Sports,Football,33850.16,9,304651.44,Hyderabad,4.5,Cash on Delivery
ORD000681,2024-11-11,Sports,T-shirt,28811.3,6,172867.8,Mumbai,4.8,UPI
ORD000682,2024-11-12,Sports,Cricket Bat,49356.26,3,148068.78,Bangalore,4.3,UPI
ORD000683,2024-11-13,Fashion,Face Cream,41380.24,2,82760.48,Pune,4.3,UPI
ORD000684,2024-11-14,Fashion,Football,13602.57,3,40807.71,Chennai,3.4,Wallet
ORD000685,2024-11-15,Home & Kitchen,Pressure Cooker,36424.95,9,327824.55,Mumbai,3.7,Credit Card
ORD000686,2024-11-16,Electronics,Jeans,11107.87,7,77755.09,Delhi,4.4,Credit Card
ORD000687,2024-11-17,Sports,Football,39226.15,9,353035.35,Chennai,3.0,UPI
ORD000688,2024-11-18,Electronics,Headphones,7804.1,6,46824.6,Hyderabad,4.3,Credit Card
ORD000689,2024-11-19,Electronics,Face Cream,23940.91,8,191527.28,Ahmedabad,4.5,Credit Card
ORD000690,2024-11-20,Home & Kitchen,Saree,39635.01,9,356715.09,Indore,3.7,Credit Card
ORD000691,2024-11-21,Sports,T-shirt,14365.58,3,43096.74,Pune,3.2,Wallet
ORD000692,2024-11-22,Sports,Mixer,41937.4,7,293561.8,Pune,4.6,Credit Card
ORD000693,2024-11-23,Beauty,Jeans,32385.46,9,291469.14,Delhi,3.3,Credit Card
ORD000694,2024-11-24,Electronics,Football,20177.36,2,40354.72,Hyderabad,3.7,Wallet
ORD000695,2024-11-25,Electronics,Pressure Cooker,21459.13,7,150213.91,Indore,4.4,Cash on Delivery
ORD000696,2024-11-26,Fashion,Lipstick,46336.58,5,231682.9,Hyderabad,4.6,UPI
ORD000697,2024-11-27,Beauty,Face Cream,11280.65,8,90245.2,Hyderabad,4.7,Wallet
ORD000698,2024-11-28,Fashion,Pressure Cooker,34821.45,4,139285.8,Chennai,4.1,Wallet
ORD000699,2024-11-29,Fashion,Jeans,35511.06,1,35511.06,Delhi,4.0,UPI
ORD000700,2024-11-30,Fashion,Headphones,46161.26,8,369290.08,Delhi,4.7,Credit Card
ORD000701,2024-12-01,Home & Kitchen,T-shirt,35801.63,6,214809.78,Hyderabad,4.1,Credit Card
ORD000702,2024-12-02,Home & Kitchen,Face Cream,29431.14,8,235449.12,Ahmedabad,4.2,Wallet
ORD000703,2024-12-03,Fashion,Mixer,45174.87,3,135524.61,Mumbai,3.9,Cash on Delivery
ORD000704,2024-12-04,Beauty,Smartphone,41542.04,8,332336.32,Ahmedabad,3.7,UPI
ORD000705,2024-12-05,Electronics,Lipstick,35980.43,8,287843.44,Ahmedabad,4.0,Cash on Delivery
ORD000706,2024-12-06,Beauty,Face Cream,2112.63,1,2112.63,Bangalore,3.7,Wallet
ORD000707,2024-12-07,Sports,Mixer,18989.26,4,75957.04,Indore,3.7,Cash on Delivery
ORD000708,2024-12-08,Home & Kitchen,Headphones,31778.54,7,222449.78,Mumbai,5.0,Wallet
ORD000709,2024-12-09,Electronics,Saree,26351.4,1,26351.4,Chennai,3.7,UPI
ORD000710,2024-12-10,Electronics,Headphones,16306.26,3,48918.78,Ahmedabad,3.5,Cash on Delivery
ORD000711,2024-12-11,Sports,Headphones,7648.98,3,22946.94,Indore,3.7,Cash on Delivery
ORD000712,2024-12-12,Sports,Football,27873.33,6,167239.98,Bangalore,4.2,UPI
ORD000713,2024-12-13,Fashion,T-shirt,14652.92,5,73264.6,Mumbai,4.8,UPI
ORD000714,2024-12-14,Home & Kitchen,Jeans,12033.52,7,84234.64,Ahmedabad,4.6,Wallet
ORD000715,2024-12-15,Home & Kitchen,Face Cream,20248.43,3,60745.29,Indore,4.7,Wallet
ORD000716,2024-12-16,Beauty,Jeans,39381.83,1,39381.83,Pune,4.7,Wallet
ORD000717,2024-12-17,Fashion,Face Cream,24648.75,3,73946.25,Delhi,4.8,Wallet
ORD000718,2024-12-18,Fashion,Mixer,11216.36,8,89730.88,Mumbai,3.5,Wallet
ORD000719,2024-12-19,Fashion,Saree,6286.71,5,31433.55,Ahmedabad,3.9,UPI
ORD000720,2024-12-20,Fashion,Football,25199.87,3,75599.61,Hyderabad,3.8,Cash on Delivery
ORD000721,2024-12-21,Home & Kitchen,Saree,39821.14,8,318569.12,Chennai,3.8,Credit Card
ORD000722,2024-12-22,Home & Kitchen,Pressure Cooker,32814.49,6,196886.94,Mumbai,4.3,Credit Card
ORD000723,2024-12-23,Fashion,Football,11991.37,3,35974.11,Indore,3.8,Wallet
ORD000724,2024-12-24,Beauty,Smartphone,22116.98,5,110584.9,Mumbai,4.2,Credit Card
ORD000725,2024-12-25,Electronics,Headphones,42833.9,1,42833.9,Indore,3.8,Cash on Delivery
ORD000726,2024-12-26,Electronics,Smartphone,9293.97,6,55763.82,Ahmedabad,3.6,Cash on Delivery
ORD000727,2024-12-27,Beauty,Laptop,26837.99,9,241541.91,Bangalore,3.7,Wallet
ORD000728,2024-12-28,Fashion,Cricket Bat,18133.46,7,126934.22,Hyderabad,4.6,Credit Card
ORD000729,2024-12-29,Home & Kitchen,Headphones,6646.9,8,53175.2,Ahmedabad,4.2,UPI
ORD000730,2024-12-30,Electronics,Smartphone,2970.24,6,17821.44,Pune,4.9,UPI
ORD000731,2024-12-31,Sports,T-shirt,28015.63,5,140078.15,Bangalore,4.7,Wallet
ORD000732,2025-01-01,Sports,Cricket Bat,1527.07,6,9162.42,Pune,4.0,Cash on Delivery
ORD000733,2025-01-02,Beauty,Saree,5620.58,7,39344.06,Ahmedabad,3.5,Credit Card
ORD000734,2025-01-03,Fashion,Headphones,17704.43,9,159339.87,Chennai,4.3,Cash on Delivery
ORD000735,2025-01-04,Electronics,Headphones,2654.25,8,21234.0,Ahmedabad,4.5,Wallet
ORD000736,2025-01-05,Fashion,Saree,20322.04,5,101610.2,Chennai,3.9,Cash on Delivery
ORD000737,2025-01-06,Electronics,Pressure Cooker,6953.07,7,48671.49,Indore,3.5,Credit Card
ORD000738,2025-01-07,Beauty,T-shirt,17818.72,8,142549.76,Hyderabad,4.1,Cash on Delivery
ORD000739,2025-01-08,Beauty,Headphones,39662.4,1,39662.4,Bangalore,3.5,Wallet
ORD000740,2025-01-09,Sports,Smartphone,31505.04,8,252040.32,Hyderabad,4.9,UPI
ORD000741,2025-01-10,Fashion,Headphones,22547.35,7,157831.45,Ahmedabad,4.3,UPI
ORD000742,2025-01-11,Sports,Cricket Bat,5045.75,2,10091.5,Bangalore,3.6,Credit Card
ORD000743,2025-01-12,Fashion,Headphones,31147.91,2,62295.82,Indore,3.4,Wallet
ORD000744,2025-01-13,Sports,Smartphone,8603.63,6,51621.78,Indore,4.4,Wallet
ORD000745,2025-01-14,Home & Kitchen,Lipstick,4291.02,3,12873.06,Indore,4.4,Cash on Delivery
ORD000746,2025-01-15,Home & Kitchen,Cricket Bat,33367.8,1,33367.8,Delhi,4.2,UPI
ORD000747,2025-01-16,Home & Kitchen,Face Cream,45646.96,8,365175.68,Hyderabad,4.2,Credit Card
ORD000748,2025-01-17,Home & Kitchen,Mixer,23299.38,7,163095.66,Ahmedabad,4.2,Credit Card
ORD000749,2025-01-18,Electronics,Mixer,2529.3,4,10117.2,Pune,3.7,Credit Card
ORD000750,2025-01-19,Home & Kitchen,Cricket Bat,44074.74,1,44074.74,Chennai,4.9,Cash on Delivery
ORD000751,2025-01-20,Beauty,Face Cream,3815.2,2,7630.4,Bangalore,4.0,Wallet
ORD000752,2025-01-21,Beauty,T-shirt,43441.91,9,390977.19,Delhi,3.0,Credit Card
ORD000753,2025-01-22,Electronics,Lipstick,19895.06,4,79580.24,Chennai,3.7,Cash on Delivery
ORD000754,2025-01-23,Home & Kitchen,Cricket Bat,18587.03,3,55761.09,Bangalore,3.3,Credit Card
ORD000755,2025-01-24,Home & Kitchen,Smartphone,27368.47,8,218947.76,Delhi,3.7,Cash on Delivery
ORD000756,2025-01-25,Home & Kitchen,Football,47875.7,4,191502.8,Chennai,4.2,UPI
ORD000757,2025-01-26,Sports,Laptop,44987.66,7,314913.62,Chennai,3.0,Cash on Delivery
ORD000758,2025-01-27,Fashion,Football,23781.34,5,118906.7,Delhi,4.7,Wallet
ORD000759,2025-01-28,Sports,Jeans,34943.25,5,174716.25,Chennai,4.2,UPI
ORD000760,2025-01-29,Fashion,Headphones,29231.25,6,175387.5,Bangalore,3.6,UPI
ORD000761,2025-01-30,Home & Kitchen,Face Cream,34826.35,4,139305.4,Pune,3.6,Credit Card
ORD000762,2025-01-31,Home & Kitchen,Pressure Cooker,41551.71,2,83103.42,Bangalore,3.9,UPI
ORD000763,2025-02-01,Sports,Lipstick,2207.44,6,13244.64,Chennai,3.5,Cash on Delivery
ORD000764,2025-02-02,Sports,Smartphone,16625.11,5,83125.55,Mumbai,3.0,Wallet
ORD000765,2025-02-03,Fashion,Pressure Cooker,47986.79,3,143960.37,Indore,3.1,UPI
ORD000766,2025-02-04,Beauty,Mixer,47492.15,4,189968.6,Delhi,3.7,Wallet
ORD000767,2025-02-05,Fashion,Cricket Bat,1055.43,3,3166.29,Mumbai,3.2,Cash on Delivery
ORD000768,2025-02-06,Sports,Lipstick,10471.29,3,31413.87,Bangalore,3.0,Cash on Delivery
ORD000769,2025-02-07,Sports,Football,49691.62,4,198766.48,Chennai,4.7,Wallet
ORD000770,2025-02-08,Electronics,Saree,24894.84,2,49789.68,Hyderabad,3.5,Cash on Delivery
ORD000771,2025-02-09,Sports,Headphones,28856.87,4,115427.48,Pune,4.0,Wallet
ORD000772,2025-02-10,Electronics,Jeans,8737.8,2,17475.6,Hyderabad,3.4,Credit Card
ORD000773,2025-02-11,Beauty,Face Cream,44769.61,8,358156.88,Indore,3.1,Cash on Delivery
ORD000774,2025-02-12,Fashion,Football,11947.58,5,59737.9,Mumbai,4.5,Credit Card
ORD000775,2025-02-13,Fashion,Mixer,9887.56,7,69212.92,Ahmedabad,3.2,UPI
ORD000776,2025-02-14,Electronics,Cricket Bat,11792.06,4,47168.24,Mumbai,3.1,UPI
ORD000777,2025-02-15,Fashion,Headphones,46021.27,6,276127.62,Ahmedabad,4.2,Credit Card
ORD000778,2025-02-16,Sports,Mixer,35290.91,4,141163.64,Mumbai,3.0,UPI
ORD000779,2025-02-17,Home & Kitchen,Saree,38545.52,6,231273.12,Bangalore,3.9,UPI
ORD000780,2025-02-18,Electronics,Pressure Cooker,19163.3,1,19163.3,Indore,3.6,UPI
ORD000781,2025-02-19,Fashion,Football,45504.26,6,273025.56,Pune,3.6,UPI
ORD000782,2025-02-20,Electronics,Jeans,39575.69,6,237454.14,Indore,3.0,Cash on Delivery
ORD000783,2025-02-21,Electronics,Jeans,37654.57,2,75309.14,Bangalore,4.9,UPI
ORD000784,2025-02-22,Home & Kitchen,Headphones,48561.54,9,437053.86,Indore,4.0,Cash on Delivery
ORD000785,2025-02-23,Sports,Smartphone,18626.74,6,111760.44,Pune,4.1,Wallet
ORD000786,2025-02-24,Electronics,Headphones,30743.2,7,215202.4,Chennai,4.3,UPI
ORD000787,2025-02-25,Fashion,Mixer,45541.52,2,91083.04,Bangalore,4.6,Wallet
ORD000788,2025-02-26,Beauty,Face Cream,39649.0,2,79298.0,Ahmedabad,4.2,Credit Card
ORD000789,2025-02-27,Electronics,Smartphone,28387.26,2,56774.52,Ahmedabad,4.5,Credit Card
ORD000790,2025-02-28,Electronics,Jeans,4272.58,9,38453.22,Chennai,3.9,Cash on Delivery
ORD000791,2025-03-01,Home & Kitchen,Laptop,32809.81,3,98429.43,Chennai,3.7,Credit Card
ORD000792,2025-03-02,Sports,Jeans,26564.5,4,106258.0,Mumbai,4.6,Cash on Delivery
ORD000793,2025-03-03,Beauty,Headphones,9616.93,1,9616.93,Hyderabad,4.7,Wallet
ORD000794,2025-03-04,Fashion,Mixer,44171.53,1,44171.53,Pune,3.3,Wallet
ORD000795,2025-03-05,Beauty,Smartphone,17490.81,4,69963.24,Mumbai,4.1,UPI
ORD000796,2025-03-06,Fashion,Cricket Bat,19680.25,2,39360.5,Bangalore,4.4,Wallet
ORD000797,2025-03-07,Sports,Smartphone,33783.88,8,270271.04,Delhi,3.2,Credit Card
ORD000798,2025-03-08,Fashion,Saree,24695.54,4,98782.16,Bangalore,4.9,Cash on Delivery
ORD000799,2025-03-09,Home & Kitchen,T-shirt,4919.41,3,14758.23,Pune,4.0,Cash on Delivery
ORD000800,2025-03-10,Home & Kitchen,Football,19678.36,3,59035.08,Hyderabad,4.3,UPI
ORD000801,2025-03-11,Home & Kitchen,T-shirt,5176.07,6,31056.42,Bangalore,3.4,UPI
ORD000802,2025-03-12,Home & Kitchen,Lipstick,9942.14,6,59652.84,Hyderabad,3.5,Credit Card
ORD000803,2025-03-13,Beauty,Pressure Cooker,855.13,6,5130.78,Delhi,3.2,Cash on Delivery
ORD000804,2025-03-14,Sports,Lipstick,9475.0,6,56850.0,Ahmedabad,3.5,UPI
ORD000805,2025-03-15,Fashion,Face Cream,16857.14,8,134857.12,Delhi,4.0,Wallet
ORD000806,2025-03-16,Fashion,Face Cream,27141.81,8,217134.48,Indore,4.7,Credit Card
ORD000807,2025-03-17,Home & Kitchen,Lipstick,46004.22,9,414037.98,Chennai,4.1,Wallet
ORD000808,2025-03-18,Home & Kitchen,Smartphone,27246.18,1,27246.18,Pune,3.5,Cash on Delivery
ORD000809,2025-03-19,Electronics,Mixer,35427.38,8,283419.04,Bangalore,3.1,UPI
ORD000810,2025-03-20,Sports,Football,18205.02,5,91025.1,Chennai,4.2,Credit Card
ORD000811,2025-03-21,Beauty,Lipstick,37705.72,3,113117.16,Mumbai,3.8,Credit Card
ORD000812,2025-03-22,Fashion,Headphones,31213.2,3,93639.6,Pune,5.0,UPI
ORD000813,2025-03-23,Electronics,Smartphone,23259.8,6,139558.8,Mumbai,4.6,UPI
ORD000814,2025-03-24,Electronics,Mixer,10091.56,8,80732.48,Mumbai,4.6,Cash on Delivery
ORD000815,2025-03-25,Fashion,T-shirt,15525.27,2,31050.54,Indore,3.0,Wallet
ORD000816,2025-03-26,Beauty,Laptop,31236.83,9,281131.47,Mumbai,4.6,Wallet
ORD000817,2025-03-27,Electronics,Face Cream,21589.79,5,107948.95,Mumbai,3.4,Wallet
ORD000818,2025-03-28,Electronics,Headphones,44524.63,5,222623.15,Ahmedabad,4.2,Cash on Delivery
ORD000819,2025-03-29,Sports,Cricket Bat,12124.59,1,12124.59,Bangalore,3.9,UPI
ORD000820,2025-03-30,Beauty,Pressure Cooker,4117.1,6,24702.6,Ahmedabad,4.1,Credit Card
ORD000821,2025-03-31,Electronics,Cricket Bat,29672.75,5,148363.75,Chennai,3.3,Wallet
ORD000822,2025-04-01,Beauty,Mixer,44359.52,7,310516.64,Chennai,3.9,UPI
ORD000823,2025-04-02,Fashion,Football,18554.58,7,129882.06,Hyderabad,3.1,Wallet
ORD000824,2025-04-03,Home & Kitchen,Saree,32561.71,4,130246.84,Mumbai,3.1,Cash on Delivery
ORD000825,2025-04-04,Electronics,Mixer,11954.92,5,59774.6,Delhi,4.3,Cash on Delivery
ORD000826,2025-04-05,Sports,Laptop,28144.36,8,225154.88,Hyderabad,4.9,UPI
ORD000827,2025-04-06,Fashion,T-shirt,39446.21,2,78892.42,Hyderabad,4.6,Cash on Delivery
ORD000828,2025-04-07,Beauty,Jeans,43418.06,1,43418.06,Bangalore,3.9,Credit Card
ORD000829,2025-04-08,Fashion,Mixer,5703.4,6,34220.4,Hyderabad,3.1,Cash on Delivery
ORD000830,2025-04-09,Electronics,T-shirt,18140.54,4,72562.16,Delhi,3.1,Credit Card
ORD000831,2025-04-10,Beauty,Football,32162.4,3,96487.2,Chennai,3.3,Wallet
ORD000832,2025-04-11,Home & Kitchen,Cricket Bat,2218.78,7,15531.46,Hyderabad,5.0,Cash on Delivery
ORD000833,2025-04-12,Fashion,Mixer,34685.45,8,277483.6,Ahmedabad,3.8,Credit Card
ORD000834,2025-04-13,Electronics,Mixer,26637.68,4,106550.72,Bangalore,4.7,Wallet
ORD000835,2025-04-14,Sports,Lipstick,14784.03,6,88704.18,Pune,4.4,Wallet
ORD000836,2025-04-15,Beauty,Cricket Bat,40825.4,2,81650.8,Mumbai,4.2,Wallet
ORD000837,2025-04-16,Fashion,Pressure Cooker,14857.51,8,118860.08,Ahmedabad,4.9,Wallet
ORD000838,2025-04-17,Fashion,Pressure Cooker,49575.04,6,297450.24,Delhi,3.5,UPI
ORD000839,2025-04-18,Home & Kitchen,Headphones,40910.32,9,368192.88,Mumbai,3.9,Credit Card
ORD000840,2025-04-19,Home & Kitchen,Saree,35545.03,6,213270.18,Indore,4.7,UPI
ORD000841,2025-04-20,Sports,Face Cream,3536.7,6,21220.2,Hyderabad,4.1,Wallet
ORD000842,2025-04-21,Sports,Jeans,45263.36,2,90526.72,Chennai,3.5,Cash on Delivery
ORD000843,2025-04-22,Electronics,Mixer,39607.74,5,198038.7,Bangalore,3.4,Credit Card
ORD000844,2025-04-23,Electronics,Mixer,11836.74,9,106530.66,Pune,4.5,Credit Card
ORD000845,2025-04-24,Sports,Headphones,19916.28,1,19916.28,Delhi,3.0,Wallet
ORD000846,2025-04-25,Sports,Saree,13797.26,4,55189.04,Chennai,4.8,Cash on Delivery
ORD000847,2025-04-26,Beauty,Cricket Bat,49228.59,3,147685.77,Delhi,3.0,Cash on Delivery
ORD000848,2025-04-27,Home & Kitchen,Mixer,42782.72,1,42782.72,Bangalore,4.3,Credit Card
ORD000849,2025-04-28,Electronics,T-shirt,46546.15,1,46546.15,Ahmedabad,4.2,UPI
ORD000850,2025-04-29,Home & Kitchen,Smartphone,39544.32,1,39544.32,Bangalore,4.2,Cash on Delivery
ORD000851,2025-04-30,Home & Kitchen,Face Cream,23089.24,1,23089.24,Hyderabad,3.9,Credit Card
ORD000852,2025-05-01,Sports,Saree,10669.0,2,21338.0,Delhi,4.7,Cash on Delivery
ORD000853,2025-05-02,Beauty,Mixer,10799.97,5,53999.85,Indore,4.3,Wallet
ORD000854,2025-05-03,Fashion,Saree,8008.3,2,16016.6,Indore,4.6,Cash on Delivery
ORD000855,2025-05-04,Beauty,Pressure Cooker,27559.15,4,110236.6,Hyderabad,3.2,UPI
ORD000856,2025-05-05,Beauty,Football,46038.34,9,414345.06,Delhi,3.1,UPI
ORD000857,2025-05-06,Home & Kitchen,Jeans,49594.0,3,148782.0,Delhi,3.1,UPI
ORD000858,2025-05-07,Beauty,Mixer,14721.34,2,29442.68,Mumbai,3.3,Credit Card
ORD000859,2025-05-08,Electronics,Jeans,35017.07,4,140068.28,Hyderabad,4.3,Cash on Delivery
ORD000860,2025-05-09,Home & Kitchen,Laptop,30056.35,9,270507.15,Delhi,4.0,UPI
ORD000861,2025-05-10,Electronics,Football,24702.34,4,98809.36,Delhi,4.5,Wallet
ORD000862,2025-05-11,Fashion,Smartphone,33455.55,5,167277.75,Ahmedabad,3.4,Wallet
ORD000863,2025-05-12,Home & Kitchen,Headphones,18882.47,4,75529.88,Ahmedabad,3.7,Wallet
ORD000864,2025-05-13,Fashion,Jeans,47252.0,8,378016.0,Bangalore,4.8,Credit Card
ORD000865,2025-05-14,Home & Kitchen,Mixer,35419.72,4,141678.88,Pune,4.9,UPI
ORD000866,2025-05-15,Sports,Lipstick,37832.95,2,75665.9,Mumbai,4.8,UPI
ORD000867,2025-05-16,Beauty,Headphones,12499.89,4,49999.56,Indore,4.6,Cash on Delivery
ORD000868,2025-05-17,Sports,Face Cream,8844.81,2,17689.62,Ahmedabad,4.4,Credit Card
ORD000869,2025-05-18,Fashion,Headphones,20019.87,9,180178.83,Indore,4.8,Wallet
ORD000870,2025-05-19,Beauty,Cricket Bat,38450.29,8,307602.32,Bangalore,4.4,Cash on Delivery
ORD000871,2025-05-20,Home & Kitchen,Jeans,46970.4,9,422733.6,Pune,4.9,Wallet
ORD000872,2025-05-21,Beauty,Lipstick,21652.83,4,86611.32,Pune,3.0,Wallet
ORD000873,2025-05-22,Electronics,Jeans,38820.76,1,38820.76,Hyderabad,4.8,UPI
ORD000874,2025-05-23,Beauty,Cricket Bat,23785.18,3,71355.54,Indore,4.1,Cash on Delivery
ORD000875,2025-05-24,Electronics,Football,15113.8,7,105796.6,Hyderabad,3.2,Credit Card
ORD000876,2025-05-25,Beauty,Football,37093.62,1,37093.62,Delhi,3.4,Wallet
ORD000877,2025-05-26,Electronics,Face Cream,40011.01,8,320088.08,Chennai,4.7,UPI
ORD000878,2025-05-27,Fashion,Smartphone,10540.62,9,94865.58,Pune,4.0,UPI
ORD000879,2025-05-28,Sports,Mixer,15605.89,8,124847.12,Pune,5.0,Wallet
ORD000880,2025-05-29,Home & Kitchen,Pressure Cooker,24991.45,5,124957.25,Bangalore,3.2,UPI
ORD000881,2025-05-30,Beauty,Football,9732.83,9,87595.47,Pune,3.8,UPI
ORD000882,2025-05-31,Sports,Pressure Cooker,46477.3,4,185909.2,Hyderabad,3.7,Wallet
ORD000883,2025-06-01,Home & Kitchen,Jeans,29771.03,9,267939.27,Pune,4.0,Credit Card
ORD000884,2025-06-02,Home & Kitchen,Face Cream,6499.56,1,6499.56,Delhi,4.3,Wallet
ORD000885,2025-06-03,Electronics,Cricket Bat,9609.48,3,28828.44,Delhi,4.3,Cash on Delivery
ORD000886,2025-06-04,Fashion,Saree,47740.59,4,190962.36,Bangalore,3.0,Wallet
ORD000887,2025-06-05,Fashion,Mixer,37039.34,1,37039.34,Pune,3.2,Wallet
ORD000888,2025-06-06,Sports,Jeans,36853.05,6,221118.3,Ahmedabad,3.1,Credit Card
ORD000889,2025-06-07,Fashion,Saree,4088.68,4,16354.72,Ahmedabad,4.7,Wallet
ORD000890,2025-06-08,Beauty,Mixer,44817.29,4,179269.16,Indore,3.6,Wallet
ORD000891,2025-06-09,Fashion,Saree,22464.9,1,22464.9,Delhi,3.7,UPI
ORD000892,2025-06-10,Sports,Headphones,33156.01,5,165780.05,Mumbai,3.9,Wallet
ORD000893,2025-06-11,Fashion,Jeans,48004.62,9,432041.58,Indore,4.7,Credit Card
ORD000894,2025-06-12,Beauty,Face Cream,5450.61,6,32703.66,Chennai,3.0,UPI
ORD000895,2025-06-13,Electronics,Face Cream,24372.68,8,194981.44,Bangalore,3.2,Wallet
ORD000896,2025-06-14,Sports,Cricket Bat,2955.83,4,11823.32,Bangalore,4.4,UPI
ORD000897,2025-06-15,Electronics,Mixer,25227.5,9,227047.5,Bangalore,4.9,Cash on Delivery
ORD000898,2025-06-16,Electronics,Pressure Cooker,12986.84,7,90907.88,Delhi,4.3,Wallet
ORD000899,2025-06-17,Electronics,Jeans,45597.74,7,319184.18,Delhi,3.5,Wallet
ORD000900,2025-06-18,Home & Kitchen,Mixer,20225.38,8,161803.04,Bangalore,4.0,UPI
ORD000901,2025-06-19,Home & Kitchen,Mixer,31876.69,2,63753.38,Ahmedabad,4.9,Wallet
ORD000902,2025-06-20,Electronics,Face Cream,43084.22,6,258505.32,Bangalore,4.1,Wallet
ORD000903,2025-06-21,Sports,Saree,49192.75,7,344349.25,Mumbai,3.7,Credit Card
ORD000904,2025-06-22,Beauty,Football,25439.06,3,76317.18,Ahmedabad,3.8,Wallet
ORD000905,2025-06-23,Beauty,Saree,23060.01,8,184480.08,Hyderabad,4.9,Credit Card
ORD000906,2025-06-24,Fashion,Lipstick,4249.11,1,4249.11,Indore,4.4,Cash on Delivery
ORD000907,2025-06-25,Sports,Jeans,1130.58,1,1130.58,Indore,4.4,Cash on Delivery
ORD000908,2025-06-26,Home & Kitchen,Laptop,30635.7,3,91907.1,Mumbai,3.5,UPI
ORD000909,2025-06-27,Electronics,T-shirt,3740.49,6,22442.94,Bangalore,4.1,UPI
ORD000910,2025-06-28,Fashion,Laptop,19328.76,7,135301.32,Pune,3.7,UPI
ORD000911,2025-06-29,Beauty,Mixer,678.52,2,1357.04,Delhi,3.5,UPI
ORD000912,2025-06-30,Home & Kitchen,Lipstick,30953.76,6,185722.56,Delhi,4.8,Wallet
ORD000913,2025-07-01,Home & Kitchen,Face Cream,21558.05,5,107790.25,Bangalore,3.8,Credit Card
ORD000914,2025-07-02,Electronics,Mixer,6787.53,6,40725.18,Hyderabad,3.6,UPI
ORD000915,2025-07-03,Beauty,Laptop,15170.2,1,15170.2,Chennai,4.9,Cash on Delivery
ORD000916,2025-07-04,Sports,Football,28698.2,7,200887.4,Chennai,3.4,Wallet
ORD000917,2025-07-05,Home & Kitchen,Mixer,33007.31,8,264058.48,Mumbai,4.5,Credit Card
ORD000918,2025-07-06,Electronics,Saree,23385.63,7,163699.41,Indore,4.3,Credit Card
ORD000919,2025-07-07,Sports,Jeans,40295.98,9,362663.82,Hyderabad,4.8,UPI
ORD000920,2025-07-08,Beauty,Football,6065.8,1,6065.8,Chennai,4.7,UPI
ORD000921,2025-07-09,Home & Kitchen,Pressure Cooker,4685.01,9,42165.09,Hyderabad,4.4,Credit Card
ORD000922,2025-07-10,Sports,Laptop,2690.09,3,8070.27,Delhi,3.6,Cash on Delivery
ORD000923,2025-07-11,Sports,T-shirt,27023.48,2,54046.96,Delhi,4.0,UPI
ORD000924,2025-07-12,Sports,T-shirt,35458.47,6,212750.82,Pune,4.9,Credit Card
ORD000925,2025-07-13,Home & Kitchen,Saree,6960.81,5,34804.05,Ahmedabad,3.0,Wallet
ORD000926,2025-07-14,Home & Kitchen,Jeans,32127.81,4,128511.24,Hyderabad,4.6,Credit Card
ORD000927,2025-07-15,Fashion,Smartphone,24108.91,4,96435.64,Ahmedabad,3.5,UPI
ORD000928,2025-07-16,Beauty,Smartphone,49373.55,8,394988.4,Bangalore,3.4,Wallet
ORD000929,2025-07-17,Electronics,Cricket Bat,36014.94,3,108044.82,Chennai,3.5,Cash on Delivery
ORD000930,2025-07-18,Sports,Cricket Bat,33044.93,1,33044.93,Chennai,3.1,Credit Card
ORD000931,2025-07-19,Fashion,Laptop,28737.26,5,143686.3,Delhi,5.0,Credit Card
ORD000932,2025-07-20,Electronics,Saree,49869.63,8,398957.04,Pune,4.7,Credit Card
ORD000933,2025-07-21,Fashion,Saree,49032.73,3,147098.19,Ahmedabad,4.0,Wallet
ORD000934,2025-07-22,Home & Kitchen,Mixer,27136.7,2,54273.4,Pune,4.4,UPI
ORD000935,2025-07-23,Sports,T-shirt,23031.58,1,23031.58,Indore,4.1,Credit Card
ORD000936,2025-07-24,Electronics,T-shirt,23374.69,4,93498.76,Mumbai,4.6,Wallet
ORD000937,2025-07-25,Electronics,Football,21702.95,2,43405.9,Chennai,4.7,Credit Card
ORD000938,2025-07-26,Electronics,T-shirt,26804.22,8,214433.76,Delhi,3.5,UPI
ORD000939,2025-07-27,Electronics,Lipstick,14042.42,9,126381.78,Pune,3.9,Wallet
ORD000940,2025-07-28,Electronics,Jeans,46376.04,1,46376.04,Delhi,4.3,Cash on Delivery
ORD000941,2025-07-29,Fashion,Headphones,24766.39,2,49532.78,Hyderabad,5.0,Credit Card
ORD000942,2025-07-30,Sports,Face Cream,42179.39,6,253076.34,Hyderabad,4.4,UPI
ORD000943,2025-07-31,Home & Kitchen,Face Cream,24027.53,7,168192.71,Indore,4.8,Cash on Delivery
ORD000944,2025-08-01,Home & Kitchen,Face Cream,36055.37,2,72110.74,Hyderabad,4.7,UPI
ORD000945,2025-08-02,Home & Kitchen,Mixer,17175.66,8,137405.28,Ahmedabad,4.2,Cash on Delivery
ORD000946,2025-08-03,Home & Kitchen,Smartphone,31427.94,9,282851.46,Mumbai,4.8,UPI
ORD000947,2025-08-04,Fashion,Saree,25169.39,8,201355.12,Pune,3.8,Cash on Delivery
ORD000948,2025-08-05,Beauty,Smartphone,18672.16,9,168049.44,Chennai,3.8,Wallet
ORD000949,2025-08-06,Sports,Lipstick,44137.03,6,264822.18,Mumbai,4.6,Cash on Delivery
ORD000950,2025-08-07,Electronics,Smartphone,6079.23,7,42554.61,Pune,3.3,UPI
ORD000951,2025-08-08,Beauty,T-shirt,24602.7,6,147616.2,Mumbai,3.6,Credit Card
ORD000952,2025-08-09,Home & Kitchen,Pressure Cooker,10121.27,7,70848.89,Hyderabad,4.2,Cash on Delivery
ORD000953,2025-08-10,Beauty,Mixer,43122.23,3,129366.69,Indore,3.8,UPI
ORD000954,2025-08-11,Sports,Pressure Cooker,13046.73,4,52186.92,Delhi,4.9,Credit Card
ORD000955,2025-08-12,Electronics,Cricket Bat,31854.8,9,286693.2,Bangalore,4.9,Wallet
ORD000956,2025-08-13,Electronics,Pressure Cooker,8695.39,3,26086.17,Delhi,4.0,Wallet
ORD000957,2025-08-14,Sports,Headphones,20543.23,2,41086.46,Delhi,4.1,Credit Card
ORD000958,2025-08-15,Sports,Football,45018.18,7,315127.26,Delhi,4.4,UPI
ORD000959,2025-08-16,Home & Kitchen,Saree,8720.19,6,52321.14,Delhi,3.9,UPI
ORD000960,2025-08-17,Electronics,Lipstick,33328.19,3,99984.57,Mumbai,3.4,Cash on Delivery
ORD000961,2025-08-18,Beauty,Face Cream,10623.26,6,63739.56,Hyderabad,4.5,Wallet
ORD000962,2025-08-19,Fashion,Saree,21079.58,7,147557.06,Hyderabad,4.5,Wallet
ORD000963,2025-08-20,Fashion,Headphones,27260.54,6,163563.24,Delhi,3.5,Wallet
ORD000964,2025-08-21,Sports,Saree,29076.67,1,29076.67,Bangalore,4.7,Wallet
ORD000965,2025-08-22,Home & Kitchen,Pressure Cooker,30324.31,1,30324.31,Chennai,4.2,UPI
ORD000966,2025-08-23,Fashion,Jeans,32186.51,9,289678.59,Delhi,3.5,Wallet
ORD000967,2025-08-24,Electronics,Saree,13952.55,6,83715.3,Delhi,4.3,Credit Card
ORD000968,2025-08-25,Sports,Cricket Bat,20367.69,2,40735.38,Bangalore,3.5,UPI
ORD000969,2025-08-26,Beauty,Mixer,2347.27,1,2347.27,Mumbai,3.5,Credit Card
ORD000970,2025-08-27,Sports,Mixer,38553.47,2,77106.94,Delhi,4.7,Credit Card
ORD000971,2025-08-28,Beauty,Smartphone,41936.43,8,335491.44,Bangalore,4.9,UPI
ORD000972,2025-08-29,Sports,Laptop,10362.22,5,51811.1,Mumbai,3.5,Credit Card
ORD000973,2025-08-30,Sports,Pressure Cooker,10471.48,7,73300.36,Mumbai,4.9,Credit Card
ORD000974,2025-08-31,Sports,T-shirt,2580.8,7,18065.6,Indore,3.5,Cash on Delivery
ORD000975,2025-09-01,Beauty,Headphones,48534.0,2,97068.0,Pune,3.2,Wallet
ORD000976,2025-09-02,Beauty,Lipstick,40455.74,4,161822.96,Pune,3.1,Credit Card
ORD000977,2025-09-03,Sports,Football,18354.81,2,36709.62,Indore,3.5,Cash on Delivery
ORD000978,2025-09-04,Fashion,Pressure Cooker,24354.46,7,170481.22,Indore,3.8,Cash on Delivery
ORD000979,2025-09-05,Home & Kitchen,Face Cream,14952.36,5,74761.8,Delhi,4.9,Wallet
ORD000980,2025-09-06,Home & Kitchen,Mixer,30063.58,1,30063.58,Pune,3.5,Cash on Delivery
ORD000981,2025-09-07,Home & Kitchen,Smartphone,36006.77,2,72013.54,Mumbai,3.7,Cash on Delivery
ORD000982,2025-09-08,Beauty,Football,22644.74,6,135868.44,Delhi,4.5,Credit Card
ORD000983,2025-09-09,Beauty,Face Cream,43742.91,4,174971.64,Ahmedabad,3.6,Wallet
ORD000984,2025-09-10,Fashion,Football,26092.78,7,182649.46,Ahmedabad,4.4,Wallet
ORD000985,2025-09-11,Home & Kitchen,Saree,7640.54,2,15281.08,Delhi,3.9,Credit Card
ORD000986,2025-09-12,Home & Kitchen,T-shirt,31303.42,2,62606.84,Hyderabad,3.4,UPI
ORD000987,2025-09-13,Sports,T-shirt,23380.43,6,140282.58,Chennai,4.5,Cash on Delivery
ORD000988,2025-09-14,Beauty,Laptop,46815.76,8,374526.08,Chennai,3.1,Credit Card
ORD000989,2025-09-15,Home & Kitchen,Jeans,19898.75,1,19898.75,Hyderabad,3.6,Cash on Delivery
ORD000990,2025-09-16,Fashion,Football,20441.85,5,102209.25,Pune,3.7,Wallet
ORD000991,2025-09-17,Fashion,Laptop,32713.28,1,32713.28,Delhi,3.9,Wallet
ORD000992,2025-09-18,Home & Kitchen,Saree,26585.82,6,159514.92,Bangalore,4.4,Cash on Delivery
ORD000993,2025-09-19,Beauty,Football,19035.27,7,133246.89,Mumbai,3.9,Wallet
ORD000994,2025-09-20,Fashion,Pressure Cooker,49493.83,6,296962.98,Hyderabad,4.2,Wallet
ORD000995,2025-09-21,Sports,Cricket Bat,15458.18,9,139123.62,Indore,4.2,UPI
ORD000996,2025-09-22,Fashion,Headphones,14237.68,3,42713.04,Hyderabad,3.7,Wallet
ORD000997,2025-09-23,Electronics,T-shirt,43289.17,8,346313.36,Hyderabad,4.9,Wallet
ORD000998,2025-09-24,Electronics,Lipstick,666.96,3,2000.88,Pune,4.9,Cash on Delivery
ORD000999,2025-09-25,Beauty,Pressure Cooker,10462.03,7,73234.21,Pune,4.2,Credit Card
ORD001000,2025-09-26,Home & Kitchen,Lipstick,29727.11,5,148635.55,Hyderabad,3.1,Wallet
ORD001001,2025-09-27,Beauty,Smartphone,8541.3,1,8541.3,Chennai,4.0,Wallet
ORD001002,2025-09-28,Beauty,Lipstick,49297.29,4,197189.16,Delhi,3.4,Credit Card
ORD001003,2025-09-29,Beauty,T-shirt,23477.68,9,211299.12,Hyderabad,4.0,Credit Card
ORD001004,2025-09-30,Beauty,Face Cream,30069.52,8,240556.16,Hyderabad,3.4,Credit Card
ORD001005,2025-10-01,Sports,T-shirt,8438.49,3,25315.47,Ahmedabad,4.4,Cash on Delivery
ORD001006,2025-10-02,Sports,T-shirt,14824.22,2,29648.44,Hyderabad,3.2,Wallet
ORD001007,2025-10-03,Fashion,Pressure Cooker,30923.93,9,278315.37,Bangalore,4.9,Wallet
ORD001008,2025-10-04,Electronics,Face Cream,27702.89,1,27702.89,Bangalore,3.4,Credit Card
ORD001009,2025-10-05,Beauty,Face Cream,39326.02,9,353934.18,Mumbai,4.3,UPI
ORD001010,2025-10-06,Fashion,Pressure Cooker,13827.04,7,96789.28,Delhi,4.8,Cash on Delivery
ORD001011,2025-10-07,Electronics,Face Cream,32850.34,2,65700.68,Hyderabad,3.5,Credit Card
ORD001012,2025-10-08,Home & Kitchen,Headphones,14903.29,5,74516.45,Mumbai,4.9,Credit Card
ORD001013,2025-10-09,Sports,Mixer,29544.25,2,59088.5,Pune,3.8,Wallet
ORD001014,2025-10-10,Electronics,Jeans,30449.03,5,152245.15,Indore,4.9,UPI
ORD001015,2025-10-11,Home & Kitchen,Saree,6531.04,7,45717.28,Mumbai,4.9,Cash on Delivery
ORD001016,2025-10-12,Electronics,Saree,27657.34,5,138286.7,Indore,3.4,UPI
ORD001017,2025-10-13,Sports,Smartphone,1090.95,2,2181.9,Indore,4.7,UPI
ORD001018,2025-10-14,Sports,Laptop,25309.93,5,126549.65,Delhi,3.4,Wallet
ORD001019,2025-10-15,Fashion,Headphones,35027.33,6,210163.98,Bangalore,3.5,Credit Card
ORD001020,2025-10-16,Beauty,Mixer,4105.22,5,20526.1,Ahmedabad,3.2,Credit Card
ORD001021,2025-10-17,Electronics,Cricket Bat,46966.19,2,93932.38,Delhi,3.3,UPI
ORD001022,2025-10-18,Electronics,Smartphone,23208.4,6,139250.4,Mumbai,4.3,Cash on Delivery
ORD001023,2025-10-19,Home & Kitchen,Football,46951.61,6,281709.66,Indore,3.9,Cash on Delivery
ORD001024,2025-10-20,Sports,Pressure Cooker,5816.22,2,11632.44,Delhi,4.6,Wallet
ORD001025,2025-10-21,Electronics,Football,47520.18,4,190080.72,Bangalore,3.7,Cash on Delivery
ORD001026,2025-10-22,Sports,Mixer,5905.26,7,41336.82,Mumbai,4.9,Wallet
ORD001027,2025-10-23,Electronics,Face Cream,23344.04,1,23344.04,Delhi,3.1,UPI
ORD001028,2025-10-24,Fashion,Football,46930.61,1,46930.61,Pune,3.1,Cash on Delivery
ORD001029,2025-10-25,Beauty,T-shirt,12019.06,6,72114.36,Pune,4.4,Credit Card
ORD001030,2025-10-26,Electronics,Pressure Cooker,2221.86,7,15553.02,Hyderabad,4.8,UPI
ORD001031,2025-10-27,Sports,Football,39758.98,5,198794.9,Hyderabad,4.6,Wallet
ORD001032,2025-10-28,Fashion,Football,29996.24,8,239969.92,Ahmedabad,4.0,UPI
ORD001033,2025-10-29,Electronics,Laptop,25939.1,4,103756.4,Delhi,3.5,UPI
ORD001034,2025-10-30,Home & Kitchen,Laptop,2200.0,3,6600.0,Delhi,3.0,Wallet
ORD001035,2025-10-31,Beauty,Saree,32834.95,7,229844.65,Indore,4.0,Cash on Delivery
ORD001036,2025-11-01,Electronics,Jeans,8995.36,4,35981.44,Pune,4.0,Cash on Delivery
ORD001037,2025-11-02,Fashion,Jeans,46594.24,1,46594.24,Indore,3.7,Credit Card
ORD001038,2025-11-03,Home & Kitchen,Cricket Bat,34443.48,8,275547.84,Bangalore,4.2,Cash on Delivery
ORD001039,2025-11-04,Fashion,Pressure Cooker,35498.18,5,177490.9,Mumbai,4.5,Wallet
ORD001040,2025-11-05,Fashion,Pressure Cooker,12012.72,8,96101.76,Delhi,4.4,Wallet
ORD001041,2025-11-06,Home & Kitchen,Laptop,44097.31,8,352778.48,Mumbai,3.5,Wallet
ORD001042,2025-11-07,Fashion,T-shirt,27117.76,5,135588.8,Hyderabad,4.2,Cash on Delivery
ORD001043,2025-11-08,Home & Kitchen,T-shirt,42925.67,8,343405.36,Mumbai,3.3,Wallet
ORD001044,2025-11-09,Electronics,Lipstick,13911.9,7,97383.3,Chennai,3.2,Cash on Delivery
ORD001045,2025-11-10,Home & Kitchen,T-shirt,37895.35,3,113686.05,Pune,4.6,Wallet
ORD001046,2025-11-11,Home & Kitchen,Face Cream,28941.06,4,115764.24,Bangalore,4.4,Wallet
ORD001047,2025-11-12,Beauty,Mixer,2896.76,7,20277.32,Pune,4.5,Cash on Delivery
ORD001048,2025-11-13,Home & Kitchen,Jeans,20564.45,4,82257.8,Bangalore,3.3,Credit Card
ORD001049,2025-11-14,Home & Kitchen,T-shirt,9603.57,6,57621.42,Ahmedabad,4.8,Credit Card
ORD001050,2025-11-15,Electronics,Headphones,18279.09,2,36558.18,Mumbai,3.3,Credit Card
ORD001051,2025-11-16,Beauty,Pressure Cooker,19475.91,2,38951.82,Ahmedabad,4.7,Cash on Delivery
ORD001052,2025-11-17,Sports,T-shirt,24008.95,3,72026.85,Ahmedabad,3.7,Wallet
ORD001053,2025-11-18,Electronics,Lipstick,30214.38,7,211500.66,Bangalore,3.2,Cash on Delivery
ORD001054,2025-11-19,Electronics,Cricket Bat,28763.39,3,86290.17,Mumbai,3.6,UPI
ORD001055,2025-11-20,Sports,Cricket Bat,2430.07,3,7290.21,Mumbai,3.4,UPI
ORD001056,2025-11-21,Home & Kitchen,Laptop,37659.12,4,150636.48,Hyderabad,4.0,Cash on Delivery
ORD001057,2025-11-22,Fashion,T-shirt,47484.6,6,284907.6,Pune,4.9,UPI
ORD001058,2025-11-23,Beauty,Football,17759.72,1,17759.72,Ahmedabad,3.7,Credit Card
ORD001059,2025-11-24,Fashion,Pressure Cooker,9397.47,6,56384.82,Mumbai,4.2,Credit Card
ORD001060,2025-11-25,Sports,Pressure Cooker,27230.08,8,217840.64,Bangalore,4.8,Credit Card
ORD001061,2025-11-26,Electronics,Jeans,35393.19,8,283145.52,Ahmedabad,4.3,UPI
ORD001062,2025-11-27,Electronics,Cricket Bat,34105.79,6,204634.74,Chennai,3.7,Credit Card
ORD001063,2025-11-28,Beauty,Laptop,30799.42,6,184796.52,Delhi,5.0,Credit Card
ORD001064,2025-11-29,Electronics,T-shirt,7738.5,3,23215.5,Bangalore,3.4,Credit Card
ORD001065,2025-11-30,Electronics,Cricket Bat,41922.83,2,83845.66,Chennai,4.0,Cash on Delivery
ORD001066,2025-12-01,Beauty,Cricket Bat,21568.27,7,150977.89,Bangalore,4.6,Wallet
ORD001067,2025-12-02,Beauty,Pressure Cooker,11462.69,8,91701.52,Chennai,3.0,Wallet
ORD001068,2025-12-03,Sports,T-shirt,4770.17,6,28621.02,Bangalore,4.4,Cash on Delivery
ORD001069,2025-12-04,Electronics,Football,21127.6,5,105638.0,Delhi,3.5,Credit Card
ORD001070,2025-12-05,Electronics,Smartphone,31089.67,4,124358.68,Ahmedabad,3.3,Credit Card
ORD001071,2025-12-06,Sports,Football,33436.2,1,33436.2,Hyderabad,3.5,Cash on Delivery
ORD001072,2025-12-07,Home & Kitchen,T-shirt,48155.48,9,433399.32,Hyderabad,4.9,Cash on Delivery
ORD001073,2025-12-08,Home & Kitchen,Mixer,8080.83,4,32323.32,Delhi,4.8,UPI
ORD001074,2025-12-09,Home & Kitchen,Cricket Bat,49295.8,2,98591.6,Bangalore,3.4,Cash on Delivery
ORD001075,2025-12-10,Sports,Jeans,32906.46,4,131625.84,Pune,3.2,Credit Card
ORD001076,2025-12-11,Electronics,Face Cream,22984.34,5,114921.7,Chennai,3.7,Cash on Delivery
ORD001077,2025-12-12,Sports,Face Cream,44465.61,2,88931.22,Mumbai,4.2,Credit Card
ORD001078,2025-12-13,Sports,Smartphone,34876.75,7,244137.25,Bangalore,4.7,UPI
ORD001079,2025-12-14,Home & Kitchen,Lipstick,17761.5,3,53284.5,Delhi,4.9,Cash on Delivery
ORD001080,2025-12-15,Fashion,Laptop,44262.24,8,354097.92,Indore,4.5,UPI
ORD001081,2025-12-16,Electronics,Football,33497.47,4,133989.88,Hyderabad,4.2,Credit Card
ORD001082,2025-12-17,Home & Kitchen,T-shirt,35092.45,5,175462.25,Hyderabad,3.3,Credit Card
ORD001083,2025-12-18,Fashion,Jeans,44871.3,3,134613.9,Ahmedabad,3.1,Credit Card
ORD001084,2025-12-19,Fashion,Lipstick,22696.6,5,113483.0,Bangalore,4.2,Credit Card
ORD001085,2025-12-20,Beauty,Lipstick,33016.75,9,297150.75,Chennai,4.1,UPI
ORD001086,2025-12-21,Electronics,Cricket Bat,37362.11,2,74724.22,Pune,4.7,Cash on Delivery
ORD001087,2025-12-22,Fashion,Mixer,22970.03,7,160790.21,Pune,3.6,Cash on Delivery
ORD001088,2025-12-23,Home & Kitchen,Cricket Bat,4630.88,8,37047.04,Delhi,3.1,Credit Card
ORD001089,2025-12-24,Beauty,Laptop,38686.27,3,116058.81,Delhi,3.8,Credit Card
ORD001090,2025-12-25,Electronics,Smartphone,2866.91,4,11467.64,Chennai,4.9,UPI
ORD001091,2025-12-26,Sports,Football,36036.76,2,72073.52,Chennai,4.6,UPI
ORD001092,2025-12-27,Home & Kitchen,Pressure Cooker,45588.32,9,410294.88,Pune,3.1,Credit Card
ORD001093,2025-12-28,Fashion,Headphones,17674.97,3,53024.91,Bangalore,4.7,Credit Card
ORD001094,2025-12-29,Fashion,Smartphone,5552.06,9,49968.54,Pune,3.9,Cash on Delivery
ORD001095,2025-12-30,Home & Kitchen,Football,12026.77,7,84187.39,Bangalore,3.7,Cash on Delivery
ORD001096,2025-12-31,Fashion,Laptop,28332.94,6,169997.64,Indore,3.7,Cash on Delivery
ORD001097,2026-01-01,Beauty,Face Cream,47161.66,3,141484.98,Hyderabad,4.2,Credit Card
ORD001098,2026-01-02,Electronics,Football,25858.0,7,181006.0,Ahmedabad,4.1,Wallet
ORD001099,2026-01-03,Beauty,Pressure Cooker,6080.5,3,18241.5,Hyderabad,4.3,UPI
ORD001100,2026-01-04,Fashion,Lipstick,31575.27,6,189451.62,Chennai,4.1,UPI
ORD001101,2026-01-05,Sports,Smartphone,36775.82,8,294206.56,Mumbai,3.3,UPI
ORD001102,2026-01-06,Electronics,Pressure Cooker,19967.54,5,99837.7,Mumbai,3.5,Credit Card
ORD001103,2026-01-07,Electronics,T-shirt,36214.95,3,108644.85,Mumbai,4.7,Credit Card
ORD001104,2026-01-08,Home & Kitchen,Cricket Bat,16578.73,6,99472.38,Delhi,4.3,UPI
ORD001105,2026-01-09,Home & Kitchen,Football,39559.96,8,316479.68,Bangalore,3.9,UPI
ORD001106,2026-01-10,Sports,Headphones,17383.07,3,52149.21,Chennai,3.4,UPI
ORD001107,2026-01-11,Electronics,Jeans,13177.3,5,65886.5,Hyderabad,3.0,Credit Card
ORD001108,2026-01-12,Sports,Football,44019.48,9,396175.32,Mumbai,3.6,Wallet
ORD001109,2026-01-13,Home & Kitchen,T-shirt,27649.43,3,82948.29,Hyderabad,3.1,Wallet
ORD001110,2026-01-14,Home & Kitchen,Smartphone,14615.24,2,29230.48,Bangalore,4.0,Wallet
ORD001111,2026-01-15,Electronics,Football,46786.8,8,374294.4,Indore,4.6,Cash on Delivery
ORD001112,2026-01-16,Beauty,Saree,34697.13,7,242879.91,Indore,3.6,Cash on Delivery
ORD001113,2026-01-17,Fashion,Pressure Cooker,11424.67,9,102822.03,Chennai,4.7,Credit Card
ORD001114,2026-01-18,Home & Kitchen,Lipstick,30924.8,4,123699.2,Mumbai,4.4,Wallet
ORD001115,2026-01-19,Home & Kitchen,Lipstick,43582.76,3,130748.28,Ahmedabad,3.3,Wallet
ORD001116,2026-01-20,Beauty,Saree,34959.58,5,174797.9,Mumbai,4.3,Cash on Delivery
ORD001117,2026-01-21,Beauty,Smartphone,12615.58,1,12615.58,Indore,3.3,Wallet
ORD001118,2026-01-22,Sports,Lipstick,32617.99,5,163089.95,Chennai,4.3,UPI
ORD001119,2026-01-23,Sports,Football,31148.39,3,93445.17,Hyderabad,3.3,Cash on Delivery
ORD001120,2026-01-24,Fashion,Mixer,41131.76,1,41131.76,Bangalore,3.8,UPI
ORD001121,2026-01-25,Fashion,Face Cream,9317.56,3,27952.68,Indore,4.1,Wallet
ORD001122,2026-01-26,Electronics,Lipstick,35131.92,5,175659.6,Indore,3.1,Credit Card
ORD001123,2026-01-27,Sports,Face Cream,1854.85,5,9274.25,Bangalore,3.3,Wallet
ORD001124,2026-01-28,Home & Kitchen,Headphones,34960.68,8,279685.44,Bangalore,3.6,Credit Card
ORD001125,2026-01-29,Sports,Mixer,48041.65,1,48041.65,Indore,3.9,UPI
ORD001126,2026-01-30,Home & Kitchen,Laptop,9132.22,7,63925.54,Hyderabad,4.7,UPI
ORD001127,2026-01-31,Beauty,Football,15909.34,5,79546.7,Hyderabad,3.4,Wallet
ORD001128,2026-02-01,Sports,Football,29352.14,3,88056.42,Mumbai,3.7,Cash on Delivery
ORD001129,2026-02-02,Beauty,Laptop,36753.55,4,147014.2,Hyderabad,4.0,UPI
ORD001130,2026-02-03,Fashion,Pressure Cooker,17546.38,3,52639.14,Delhi,3.6,Credit Card
ORD001131,2026-02-04,Fashion,Mixer,33380.82,8,267046.56,Chennai,4.3,Credit Card
ORD001132,2026-02-05,Electronics,T-shirt,45014.3,4,180057.2,Hyderabad,3.5,Cash on Delivery
ORD001133,2026-02-06,Sports,Pressure Cooker,36464.66,3,109393.98,Bangalore,4.5,Wallet
ORD001134,2026-02-07,Beauty,T-shirt,35695.62,2,71391.24,Hyderabad,4.0,UPI
ORD001135,2026-02-08,Home & Kitchen,Headphones,19407.55,3,58222.65,Mumbai,3.2,Wallet
ORD001136,2026-02-09,Fashion,Cricket Bat,45615.75,7,319310.25,Pune,4.3,UPI
ORD001137,2026-02-10,Fashion,Smartphone,14227.49,6,85364.94,Chennai,4.1,Wallet
ORD001138,2026-02-11,Home & Kitchen,Football,10661.38,5,53306.9,Chennai,3.7,Cash on Delivery
ORD001139,2026-02-12,Beauty,Football,18529.08,8,148232.64,Bangalore,3.0,Credit Card
ORD001140,2026-02-13,Beauty,Mixer,32682.73,1,32682.73,Chennai,3.4,Wallet
ORD001141,2026-02-14,Sports,Saree,43153.06,3,129459.18,Delhi,3.8,Wallet
ORD001142,2026-02-15,Sports,Jeans,7037.9,2,14075.8,Chennai,3.4,UPI
ORD001143,2026-02-16,Electronics,Smartphone,40783.21,2,81566.42,Indore,4.2,Wallet
ORD001144,2026-02-17,Fashion,Headphones,40734.76,1,40734.76,Bangalore,4.4,Wallet
ORD001145,2026-02-18,Sports,Mixer,29552.51,5,147762.55,Chennai,4.7,Cash on Delivery
ORD001146,2026-02-19,Beauty,Laptop,38152.07,5,190760.35,Hyderabad,4.3,Wallet
ORD001147,2026-02-20,Home & Kitchen,Football,9503.09,3,28509.27,Mumbai,4.4,Cash on Delivery
ORD001148,2026-02-21,Beauty,Smartphone,8894.51,9,80050.59,Indore,4.2,Cash on Delivery
ORD001149,2026-02-22,Fashion,Football,43208.6,6,259251.6,Indore,5.0,Cash on Delivery
ORD001150,2026-02-23,Beauty,Football,25158.35,6,150950.1,Hyderabad,3.5,UPI
ORD001151,2026-02-24,Electronics,Football,12673.89,6,76043.34,Pune,3.5,Cash on Delivery
ORD001152,2026-02-25,Fashion,T-shirt,34592.15,2,69184.3,Indore,3.3,UPI
ORD001153,2026-02-26,Home & Kitchen,Saree,44647.82,8,357182.56,Delhi,4.0,Credit Card
ORD001154,2026-02-27,Electronics,Smartphone,31799.97,6,190799.82,Delhi,3.2,Cash on Delivery
ORD001155,2026-02-28,Fashion,Jeans,17693.58,3,53080.74,Mumbai,3.5,Wallet
ORD001156,2026-03-01,Home & Kitchen,Headphones,24420.27,9,219782.43,Mumbai,4.0,Cash on Delivery
ORD001157,2026-03-02,Electronics,Headphones,37737.34,2,75474.68,Mumbai,4.9,Credit Card
ORD001158,2026-03-03,Electronics,Pressure Cooker,3841.31,7,26889.17,Mumbai,4.9,Cash on Delivery
ORD001159,2026-03-04,Fashion,Football,11249.64,3,33748.92,Chennai,4.5,UPI
ORD001160,2026-03-05,Sports,Face Cream,23397.87,6,140387.22,Ahmedabad,3.8,Credit Card
ORD001161,2026-03-06,Electronics,Face Cream,30409.93,5,152049.65,Indore,4.7,Credit Card
ORD001162,2026-03-07,Electronics,Headphones,17288.7,6,103732.2,Hyderabad,4.8,UPI
ORD001163,2026-03-08,Home & Kitchen,Pressure Cooker,15270.35,8,122162.8,Delhi,4.8,UPI
ORD001164,2026-03-09,Beauty,Headphones,2548.52,3,7645.56,Chennai,4.3,Wallet
ORD001165,2026-03-10,Fashion,Jeans,2113.79,2,4227.58,Mumbai,3.4,Credit Card
ORD001166,2026-03-11,Fashion,Headphones,14295.4,8,114363.2,Bangalore,3.2,Cash on Delivery
ORD001167,2026-03-12,Sports,Saree,26760.05,1,26760.05,Bangalore,4.8,UPI
ORD001168,2026-03-13,Sports,Cricket Bat,28040.39,2,56080.78,Hyderabad,3.1,Wallet
ORD001169,2026-03-14,Fashion,Football,24954.36,1,24954.36,Delhi,3.6,UPI
ORD001170,2026-03-15,Sports,Laptop,20789.09,5,103945.45,Ahmedabad,4.0,UPI
ORD001171,2026-03-16,Home & Kitchen,Saree,12988.43,8,103907.44,Pune,3.0,Wallet
ORD001172,2026-03-17,Fashion,Face Cream,20334.37,2,40668.74,Delhi,4.8,Credit Card
ORD001173,2026-03-18,Sports,Headphones,7368.62,4,29474.48,Hyderabad,3.6,Cash on Delivery
ORD001174,2026-03-19,Fashion,Mixer,6205.33,4,24821.32,Pune,3.1,UPI
ORD001175,2026-03-20,Beauty,Football,15347.19,7,107430.33,Mumbai,5.0,Credit Card
ORD001176,2026-03-21,Electronics,T-shirt,49769.77,1,49769.77,Ahmedabad,3.6,Wallet
ORD001177,2026-03-22,Fashion,Cricket Bat,16661.6,9,149954.4,Mumbai,4.8,Wallet
ORD001178,2026-03-23,Electronics,Laptop,46854.59,3,140563.77,Ahmedabad,3.9,Wallet
ORD001179,2026-03-24,Sports,T-shirt,19916.98,6,119501.88,Indore,4.3,Credit Card
ORD001180,2026-03-25,Electronics,Football,22230.99,5,111154.95,Delhi,3.5,Cash on Delivery
ORD001181,2026-03-26,Fashion,Saree,39954.61,4,159818.44,Delhi,4.0,Credit Card
ORD001182,2026-03-27,Beauty,Jeans,5135.1,9,46215.9,Delhi,3.5,Credit Card
ORD001183,2026-03-28,Sports,Jeans,9524.51,9,85720.59,Pune,4.9,Wallet
ORD001184,2026-03-29,Fashion,T-shirt,48705.09,1,48705.09,Mumbai,3.1,UPI
ORD001185,2026-03-30,Sports,Mixer,25542.91,7,178800.37,Bangalore,3.5,UPI
ORD001186,2026-03-31,Home & Kitchen,T-shirt,2693.33,9,24239.97,Hyderabad,4.8,Wallet
ORD001187,2026-04-01,Electronics,Saree,2845.35,5,14226.75,Hyderabad,4.0,UPI
ORD001188,2026-04-02,Home & Kitchen,T-shirt,45408.41,1,45408.41,Chennai,4.2,Wallet
ORD001189,2026-04-03,Fashion,Laptop,43731.57,8,349852.56,Chennai,4.3,Credit Card
ORD001190,2026-04-04,Beauty,Football,23190.76,5,115953.8,Bangalore,3.1,Wallet
ORD001191,2026-04-05,Sports,Mixer,8579.49,6,51476.94,Delhi,3.0,Cash on Delivery
ORD001192,2026-04-06,Electronics,Lipstick,41599.09,7,291193.63,Bangalore,4.9,Cash on Delivery
ORD001193,2026-04-07,Sports,Smartphone,16567.71,7,115973.97,Pune,3.5,Cash on Delivery
ORD001194,2026-04-08,Fashion,Football,21243.39,7,148703.73,Ahmedabad,3.8,Credit Card
ORD001195,2026-04-09,Sports,Face Cream,34282.58,1,34282.58,Pune,4.4,UPI
ORD001196,2026-04-10,Electronics,Lipstick,17993.22,7,125952.54,Chennai,3.5,Credit Card
ORD001197,2026-04-11,Fashion,Pressure Cooker,31619.16,3,94857.48,Indore,4.5,UPI
ORD001198,2026-04-12,Sports,T-shirt,44321.49,5,221607.45,Ahmedabad,3.9,Credit Card
ORD001199,2026-04-13,Beauty,Jeans,39969.98,5,199849.9,Chennai,4.7,Credit Card
ORD001200,2026-04-14,Fashion,Lipstick,19389.75,8,155118.0,Hyderabad,3.6,Cash on Delivery
ORD001201,2026-04-15,Fashion,Headphones,14752.86,7,103270.02,Pune,3.4,Credit Card
ORD001202,2026-04-16,Beauty,Saree,14632.77,7,102429.39,Bangalore,4.7,Cash on Delivery
ORD001203,2026-04-17,Home & Kitchen,Lipstick,17755.26,6,106531.56,Mumbai,3.7,Credit Card
ORD001204,2026-04-18,Electronics,Cricket Bat,24929.09,7,174503.63,Chennai,3.8,Wallet
ORD001205,2026-04-19,Home & Kitchen,Mixer,21121.58,7,147851.06,Hyderabad,4.6,Cash on Delivery
ORD001206,2026-04-20,Sports,Football,7083.7,5,35418.5,Delhi,4.3,Wallet
ORD001207,2026-04-21,Beauty,Saree,8591.06,5,42955.3,Ahmedabad,3.9,Credit Card
ORD001208,2026-04-22,Home & Kitchen,Jeans,17475.02,4,69900.08,Bangalore,3.5,Credit Card
ORD001209,2026-04-23,Fashion,Pressure Cooker,28322.17,4,113288.68,Chennai,4.5,Wallet
ORD001210,2026-04-24,Sports,Face Cream,29836.87,5,149184.35,Mumbai,3.4,UPI
ORD001211,2026-04-25,Sports,Lipstick,24567.25,9,221105.25,Ahmedabad,4.9,UPI
ORD001212,2026-04-26,Home & Kitchen,Mixer,37069.41,6,222416.46,Chennai,3.3,UPI
ORD001213,2026-04-27,Home & Kitchen,Smartphone,36993.82,8,295950.56,Mumbai,4.6,Credit Card
ORD001214,2026-04-28,Beauty,Mixer,21667.56,9,195008.04,Bangalore,3.8,UPI
ORD001215,2026-04-29,Electronics,Mixer,6659.82,4,26639.28,Indore,3.4,UPI
ORD001216,2026-04-30,Home & Kitchen,Saree,26743.65,7,187205.55,Mumbai,3.8,Credit Card
ORD001217,2026-05-01,Home & Kitchen,Smartphone,19382.72,5,96913.6,Mumbai,3.4,Credit Card
ORD001218,2026-05-02,Fashion,Mixer,7327.19,4,29308.76,Hyderabad,3.3,UPI
ORD001219,2026-05-03,Sports,Cricket Bat,49099.95,7,343699.65,Indore,3.5,UPI
ORD001220,2026-05-04,Electronics,Face Cream,18802.89,3,56408.67,Bangalore,4.7,Wallet
ORD001221,2026-05-05,Fashion,Lipstick,31476.99,1,31476.99,Chennai,3.2,Credit Card
ORD001222,2026-05-06,Beauty,Lipstick,24761.38,7,173329.66,Indore,4.9,Credit Card
ORD001223,2026-05-07,Beauty,Football,7570.0,9,68130.0,Delhi,3.0,Wallet
ORD001224,2026-05-08,Home & Kitchen,Cricket Bat,3249.41,2,6498.82,Ahmedabad,4.3,Cash on Delivery
ORD001225,2026-05-09,Home & Kitchen,Lipstick,31475.59,7,220329.13,Bangalore,4.7,Cash on Delivery
ORD001226,2026-05-10,Beauty,Mixer,12727.58,2,25455.16,Indore,4.9,Credit Card
ORD001227,2026-05-11,Home & Kitchen,Pressure Cooker,12560.87,3,37682.61,Bangalore,3.3,Credit Card
ORD001228,2026-05-12,Electronics,Mixer,47870.32,3,143610.96,Delhi,4.4,UPI
ORD001229,2026-05-13,Home & Kitchen,Saree,23357.78,4,93431.12,Chennai,3.2,Cash on Delivery
ORD001230,2026-05-14,Sports,Headphones,1956.59,6,11739.54,Pune,3.7,UPI
ORD001231,2026-05-15,Home & Kitchen,Football,17322.21,3,51966.63,Hyderabad,4.5,Cash on Delivery
ORD001232,2026-05-16,Fashion,Pressure Cooker,29432.33,9,264890.97,Indore,3.7,Wallet
ORD001233,2026-05-17,Electronics,Jeans,16764.09,2,33528.18,Chennai,3.6,UPI
ORD001234,2026-05-18,Fashion,Jeans,1829.17,7,12804.19,Delhi,3.2,Wallet
ORD001235,2026-05-19,Fashion,Pressure Cooker,22493.41,6,134960.46,Chennai,3.1,Wallet
ORD001236,2026-05-20,Sports,Mixer,5742.36,2,11484.72,Bangalore,3.2,Cash on Delivery
ORD001237,2026-05-21,Electronics,T-shirt,31148.42,3,93445.26,Hyderabad,4.8,Credit Card
ORD001238,2026-05-22,Electronics,Headphones,31169.56,6,187017.36,Mumbai,3.0,Credit Card
ORD001239,2026-05-23,Electronics,Cricket Bat,2369.08,4,9476.32,Indore,4.4,Wallet
ORD001240,2026-05-24,Electronics,Mixer,14887.98,1,14887.98,Chennai,4.5,Credit Card
ORD001241,2026-05-25,Electronics,Pressure Cooker,20977.47,1,20977.47,Mumbai,4.1,UPI
ORD001242,2026-05-26,Sports,T-shirt,27738.07,3,83214.21,Hyderabad,4.5,Cash on Delivery
ORD001243,2026-05-27,Home & Kitchen,Mixer,15155.14,8,121241.12,Pune,4.3,UPI
ORD001244,2026-05-28,Fashion,T-shirt,14743.45,4,58973.8,Mumbai,3.9,Credit Card
ORD001245,2026-05-29,Electronics,Pressure Cooker,49159.25,1,49159.25,Chennai,3.8,Wallet
ORD001246,2026-05-30,Home & Kitchen,Mixer,2572.21,8,20577.68,Delhi,4.9,Cash on Delivery
ORD001247,2026-05-31,Home & Kitchen,Smartphone,49457.75,6,296746.5,Indore,4.9,Wallet
ORD001248,2026-06-01,Fashion,Lipstick,2863.72,1,2863.72,Bangalore,4.3,Cash on Delivery
ORD001249,2026-06-02,Sports,Pressure Cooker,14772.9,6,88637.4,Pune,3.4,UPI
ORD001250,2026-06-03,Beauty,Jeans,24937.7,1,24937.7,Bangalore,3.9,Credit Card
ORD001251,2026-06-04,Beauty,Jeans,7593.27,3,22779.81,Indore,4.0,UPI
ORD001252,2026-06-05,Home & Kitchen,Headphones,7174.89,2,14349.78,Mumbai,4.5,Wallet
ORD001253,2026-06-06,Fashion,Laptop,13187.48,4,52749.92,Bangalore,4.3,UPI
ORD001254,2026-06-07,Beauty,Jeans,48688.61,2,97377.22,Indore,4.0,Credit Card
ORD001255,2026-06-08,Home & Kitchen,Laptop,19315.78,5,96578.9,Indore,4.4,Credit Card
ORD001256,2026-06-09,Sports,Smartphone,28516.74,4,114066.96,Bangalore,3.0,UPI
ORD001257,2026-06-10,Beauty,Pressure Cooker,35362.42,6,212174.52,Delhi,4.6,Cash on Delivery
ORD001258,2026-06-11,Home & Kitchen,T-shirt,37239.98,7,260679.86,Mumbai,3.4,Credit Card
ORD001259,2026-06-12,Home & Kitchen,Football,34558.03,2,69116.06,Ahmedabad,4.3,Credit Card
ORD001260,2026-06-13,Electronics,Headphones,17177.95,2,34355.9,Delhi,3.2,Credit Card
ORD001261,2026-06-14,Sports,Lipstick,6030.53,8,48244.24,Delhi,3.2,Credit Card
ORD001262,2026-06-15,Electronics,Football,14444.97,9,130004.73,Hyderabad,3.1,Cash on Delivery
ORD001263,2026-06-16,Fashion,Cricket Bat,10909.61,5,54548.05,Mumbai,4.8,Cash on Delivery
ORD001264,2026-06-17,Electronics,Laptop,7245.73,7,50720.11,Pune,4.2,Wallet
ORD001265,2026-06-18,Electronics,Lipstick,1712.59,9,15413.31,Delhi,3.7,Wallet
ORD001266,2026-06-19,Beauty,Headphones,46818.43,1,46818.43,Chennai,4.6,Wallet
ORD001267,2026-06-20,Home & Kitchen,Headphones,46091.2,8,368729.6,Bangalore,4.3,UPI
ORD001268,2026-06-21,Sports,Jeans,2995.64,9,26960.76,Mumbai,4.2,UPI
ORD001269,2026-06-22,Electronics,Lipstick,9067.69,9,81609.21,Hyderabad,4.0,Wallet
ORD001270,2026-06-23,Sports,Mixer,7405.27,7,51836.89,Delhi,3.0,Credit Card
ORD001271,2026-06-24,Electronics,Saree,14420.54,3,43261.62,Chennai,3.5,Wallet
ORD001272,2026-06-25,Fashion,Headphones,10601.41,5,53007.05,Bangalore,3.2,UPI
ORD001273,2026-06-26,Electronics,Laptop,47319.75,2,94639.5,Bangalore,4.3,Cash on Delivery
ORD001274,2026-06-27,Beauty,Football,4666.44,3,13999.32,Pune,3.5,Credit Card
ORD001275,2026-06-28,Home & Kitchen,Cricket Bat,10977.71,7,76843.97,Ahmedabad,3.9,Credit Card
ORD001276,2026-06-29,Fashion,Cricket Bat,4495.8,1,4495.8,Chennai,3.7,Credit Card
ORD001277,2026-06-30,Electronics,Face Cream,49029.07,3,147087.21,Mumbai,3.3,UPI
ORD001278,2026-07-01,Sports,Football,45961.47,5,229807.35,Bangalore,4.9,Credit Card
ORD001279,2026-07-02,Fashion,Smartphone,35973.26,4,143893.04,Bangalore,4.9,Credit Card
ORD001280,2026-07-03,Fashion,Smartphone,21585.67,3,64757.01,Bangalore,3.2,Cash on Delivery
ORD001281,2026-07-04,Electronics,Football,9913.82,6,59482.92,Ahmedabad,4.7,Credit Card
ORD001282,2026-07-05,Fashion,Jeans,11463.74,6,68782.44,Ahmedabad,4.0,UPI
ORD001283,2026-07-06,Sports,Mixer,22430.48,4,89721.92,Indore,4.5,Credit Card
ORD001284,2026-07-07,Fashion,Jeans,38527.02,9,346743.18,Delhi,3.3,UPI
ORD001285,2026-07-08,Sports,Cricket Bat,13604.11,6,81624.66,Delhi,3.3,Cash on Delivery
ORD001286,2026-07-09,Electronics,T-shirt,15884.2,9,142957.8,Bangalore,4.8,Cash on Delivery
ORD001287,2026-07-10,Home & Kitchen,Cricket Bat,30197.24,2,60394.48,Hyderabad,4.8,Credit Card
ORD001288,2026-07-11,Fashion,Headphones,12267.6,6,73605.6,Ahmedabad,3.9,Wallet
ORD001289,2026-07-12,Home & Kitchen,Lipstick,29418.82,4,117675.28,Indore,4.7,Cash on Delivery
ORD001290,2026-07-13,Sports,Lipstick,19662.98,2,39325.96,Bangalore,4.3,Credit Card
ORD001291,2026-07-14,Fashion,Headphones,2201.23,5,11006.15,Mumbai,3.4,Cash on Delivery
ORD001292,2026-07-15,Beauty,Headphones,20433.71,3,61301.13,Pune,3.7,Cash on Delivery
ORD001293,2026-07-16,Home & Kitchen,Cricket Bat,46016.5,6,276099.0,Pune,3.3,UPI
ORD001294,2026-07-17,Fashion,Lipstick,15009.04,8,120072.32,Indore,4.5,Wallet
ORD001295,2026-07-18,Home & Kitchen,Lipstick,16480.2,4,65920.8,Hyderabad,5.0,UPI
ORD001296,2026-07-19,Fashion,Pressure Cooker,3764.07,4,15056.28,Ahmedabad,4.1,Credit Card
ORD001297,2026-07-20,Electronics,Face Cream,30944.85,5,154724.25,Mumbai,4.3,Credit Card
ORD001298,2026-07-21,Home & Kitchen,Lipstick,42537.5,6,255225.0,Ahmedabad,4.5,UPI
ORD001299,2026-07-22,Beauty,Headphones,17969.68,7,125787.76,Ahmedabad,3.4,Wallet
ORD001300,2026-07-23,Beauty,Smartphone,12392.16,6,74352.96,Chennai,3.7,Wallet
ORD001301,2026-07-24,Sports,Mixer,47852.29,7,334966.03,Chennai,3.8,Wallet
ORD001302,2026-07-25,Fashion,T-shirt,37381.09,9,336429.81,Delhi,4.2,Cash on Delivery
ORD001303,2026-07-26,Home & Kitchen,Football,28574.6,4,114298.4,Indore,4.7,Credit Card
ORD001304,2026-07-27,Sports,Headphones,15623.79,1,15623.79,Delhi,3.5,Cash on Delivery
ORD001305,2026-07-28,Home & Kitchen,Face Cream,11429.5,9,102865.5,Delhi,3.9,UPI
ORD001306,2026-07-29,Fashion,Lipstick,35929.33,7,251505.31,Ahmedabad,4.5,Wallet
ORD001307,2026-07-30,Beauty,Laptop,26328.55,4,105314.2,Indore,3.2,Cash on Delivery
ORD001308,2026-07-31,Electronics,Cricket Bat,26269.69,8,210157.52,Pune,4.0,Wallet
ORD001309,2026-08-01,Beauty,Cricket Bat,4148.64,7,29040.48,Chennai,3.3,Cash on Delivery
ORD001310,2026-08-02,Sports,Mixer,25853.63,2,51707.26,Indore,4.1,Credit Card
ORD001311,2026-08-03,Electronics,Headphones,41225.83,1,41225.83,Mumbai,4.5,Wallet
ORD001312,2026-08-04,Sports,Mixer,47366.56,9,426299.04,Hyderabad,3.5,Cash on Delivery
ORD001313,2026-08-05,Fashion,Smartphone,5780.78,7,40465.46,Delhi,4.7,UPI
ORD001314,2026-08-06,Electronics,Saree,31742.68,1,31742.68,Pune,3.7,Cash on Delivery
ORD001315,2026-08-07,Sports,Jeans,28633.19,4,114532.76,Chennai,3.4,UPI
ORD001316,2026-08-08,Fashion,Laptop,44570.47,5,222852.35,Delhi,3.9,UPI
ORD001317,2026-08-09,Beauty,Jeans,37686.58,5,188432.9,Pune,4.8,Wallet
ORD001318,2026-08-10,Fashion,Saree,48280.46,5,241402.3,Ahmedabad,3.1,Credit Card
ORD001319,2026-08-11,Home & Kitchen,Laptop,48021.61,3,144064.83,Bangalore,3.7,UPI
ORD001320,2026-08-12,Fashion,Jeans,11671.41,5,58357.05,Hyderabad,4.3,UPI
ORD001321,2026-08-13,Fashion,Laptop,36404.87,4,145619.48,Mumbai,3.7,Credit Card
ORD001322,2026-08-14,Home & Kitchen,Mixer,26760.89,5,133804.45,Delhi,3.1,Credit Card
ORD001323,2026-08-15,Sports,T-shirt,11122.8,7,77859.6,Bangalore,3.7,Credit Card
ORD001324,2026-08-16,Sports,Pressure Cooker,10146.02,5,50730.1,Bangalore,4.6,UPI
ORD001325,2026-08-17,Fashion,Laptop,4513.67,8,36109.36,Pune,4.9,Credit Card
ORD001326,2026-08-18,Home & Kitchen,Saree,39879.49,8,319035.92,Hyderabad,3.1,UPI
ORD001327,2026-08-19,Home & Kitchen,Mixer,16562.99,3,49688.97,Chennai,4.1,UPI
ORD001328,2026-08-20,Beauty,Pressure Cooker,42919.96,5,214599.8,Chennai,3.2,UPI
ORD001329,2026-08-21,Sports,Mixer,30611.61,4,122446.44,Delhi,4.4,Credit Card
ORD001330,2026-08-22,Electronics,Smartphone,33844.85,5,169224.25,Delhi,3.0,UPI
ORD001331,2026-08-23,Sports,Lipstick,14937.85,8,119502.8,Chennai,3.0,Wallet
ORD001332,2026-08-24,Sports,Cricket Bat,23136.07,4,92544.28,Mumbai,4.6,UPI
ORD001333,2026-08-25,Beauty,Smartphone,20909.72,5,104548.6,Mumbai,3.1,Credit Card
ORD001334,2026-08-26,Electronics,Saree,12166.59,7,85166.13,Bangalore,3.6,Credit Card
ORD001335,2026-08-27,Beauty,Headphones,41709.35,3,125128.05,Hyderabad,4.9,UPI
ORD001336,2026-08-28,Electronics,Football,31293.18,6,187759.08,Mumbai,5.0,UPI
ORD001337,2026-08-29,Fashion,Headphones,2352.88,9,21175.92,Delhi,3.3,UPI
ORD001338,2026-08-30,Electronics,Cricket Bat,41085.89,4,164343.56,Ahmedabad,4.1,Wallet
ORD001339,2026-08-31,Beauty,Mixer,5748.87,4,22995.48,Pune,4.1,Credit Card
ORD001340,2026-09-01,Sports,T-shirt,20482.97,6,122897.82,Ahmedabad,3.9,Wallet
ORD001341,2026-09-02,Electronics,Football,28777.22,6,172663.32,Mumbai,4.8,Credit Card
ORD001342,2026-09-03,Electronics,Saree,878.74,3,2636.22,Hyderabad,4.5,Cash on Delivery
ORD001343,2026-09-04,Home & Kitchen,Cricket Bat,32818.95,1,32818.95,Delhi,4.5,Credit Card
ORD001344,2026-09-05,Sports,Face Cream,33155.3,3,99465.9,Hyderabad,3.5,UPI
ORD001345,2026-09-06,Fashion,Pressure Cooker,32800.05,8,262400.4,Chennai,3.9,Credit Card
ORD001346,2026-09-07,Beauty,Pressure Cooker,8591.66,8,68733.28,Hyderabad,4.0,Credit Card
ORD001347,2026-09-08,Fashion,Headphones,13158.75,6,78952.5,Hyderabad,3.6,Cash on Delivery
ORD001348,2026-09-09,Sports,Lipstick,12745.1,7,89215.7,Hyderabad,3.2,Cash on Delivery
ORD001349,2026-09-10,Electronics,Football,48023.32,2,96046.64,Delhi,3.3,Wallet
ORD001350,2026-09-11,Electronics,Face Cream,3842.65,9,34583.85,Hyderabad,3.4,Wallet
ORD001351,2026-09-12,Sports,Mixer,21723.69,3,65171.07,Hyderabad,3.4,UPI
ORD001352,2026-09-13,Electronics,Headphones,43627.07,2,87254.14,Pune,3.5,Wallet
ORD001353,2026-09-14,Electronics,T-shirt,38588.57,5,192942.85,Ahmedabad,3.5,Wallet
ORD001354,2026-09-15,Electronics,Football,41210.89,1,41210.89,Ahmedabad,3.9,Cash on Delivery
ORD001355,2026-09-16,Beauty,Cricket Bat,48628.53,5,243142.65,Pune,4.0,UPI
ORD001356,2026-09-17,Beauty,Laptop,19669.46,4,78677.84,Indore,3.6,UPI
ORD001357,2026-09-18,Home & Kitchen,T-shirt,15827.94,6,94967.64,Indore,4.8,Wallet
ORD001358,2026-09-19,Fashion,Football,2017.64,5,10088.2,Pune,4.1,UPI
ORD001359,2026-09-20,Sports,Laptop,7925.96,9,71333.64,Bangalore,4.6,UPI
ORD001360,2026-09-21,Sports,Mixer,28319.73,5,141598.65,Ahmedabad,4.8,Cash on Delivery
ORD001361,2026-09-22,Sports,Cricket Bat,8304.2,8,66433.6,Delhi,3.3,Wallet
ORD001362,2026-09-23,Home & Kitchen,Face Cream,36947.1,2,73894.2,Indore,3.9,UPI
ORD001363,2026-09-24,Beauty,Pressure Cooker,2343.01,3,7029.03,Hyderabad,3.9,Wallet
ORD001364,2026-09-25,Home & Kitchen,Face Cream,13344.66,3,40033.98,Mumbai,3.7,Wallet
ORD001365,2026-09-26,Sports,Face Cream,34924.93,3,104774.79,Hyderabad,3.0,UPI
ORD001366,2026-09-27,Fashion,Face Cream,13147.39,6,78884.34,Mumbai,4.6,Credit Card
ORD001367,2026-09-28,Electronics,Pressure Cooker,36573.64,7,256015.48,Ahmedabad,3.2,UPI
ORD001368,2026-09-29,Beauty,Smartphone,49795.26,7,348566.82,Pune,5.0,Credit Card
ORD001369,2026-09-30,Beauty,Pressure Cooker,39955.66,7,279689.62,Ahmedabad,4.5,Cash on Delivery
ORD001370,2026-10-01,Home & Kitchen,Saree,17420.86,3,52262.58,Pune,4.2,Wallet
ORD001371,2026-10-02,Beauty,Smartphone,45079.3,1,45079.3,Chennai,3.3,Credit Card
ORD001372,2026-10-03,Sports,Smartphone,3033.4,6,18200.4,Chennai,4.0,Wallet
ORD001373,2026-10-04,Sports,Football,36387.84,3,109163.52,Pune,3.5,Cash on Delivery
ORD001374,2026-10-05,Home & Kitchen,Pressure Cooker,1654.46,3,4963.38,Pune,3.5,Cash on Delivery
ORD001375,2026-10-06,Sports,Headphones,9140.5,3,27421.5,Delhi,4.7,Credit Card
ORD001376,2026-10-07,Fashion,Lipstick,49385.49,9,444469.41,Delhi,3.8,Cash on Delivery
ORD001377,2026-10-08,Home & Kitchen,Lipstick,18363.8,4,73455.2,Ahmedabad,3.9,Wallet
ORD001378,2026-10-09,Fashion,Football,41114.72,5,205573.6,Pune,4.7,Cash on Delivery
ORD001379,2026-10-10,Electronics,Saree,19116.29,3,57348.87,Chennai,3.2,Cash on Delivery
ORD001380,2026-10-11,Fashion,Jeans,42081.41,1,42081.41,Delhi,4.2,Credit Card
ORD001381,2026-10-12,Electronics,Headphones,48289.26,4,193157.04,Pune,4.2,Cash on Delivery
ORD001382,2026-10-13,Electronics,Jeans,22059.04,1,22059.04,Mumbai,3.9,UPI
ORD001383,2026-10-14,Fashion,Laptop,28187.78,7,197314.46,Mumbai,4.7,Wallet
ORD001384,2026-10-15,Home & Kitchen,Face Cream,31617.65,7,221323.55,Bangalore,4.9,Credit Card
ORD001385,2026-10-16,Sports,Headphones,46774.32,4,187097.28,Ahmedabad,3.9,UPI
ORD001386,2026-10-17,Sports,Football,13208.83,5,66044.15,Delhi,3.9,Credit Card
ORD001387,2026-10-18,Electronics,Cricket Bat,30756.84,7,215297.88,Delhi,4.0,UPI
ORD001388,2026-10-19,Electronics,Jeans,16573.65,6,99441.9,Bangalore,4.4,Cash on Delivery
ORD001389,2026-10-20,Home & Kitchen,Saree,11238.19,4,44952.76,Hyderabad,4.3,UPI
ORD001390,2026-10-21,Beauty,Saree,4703.56,4,18814.24,Mumbai,3.4,UPI
ORD001391,2026-10-22,Fashion,Headphones,31225.19,2,62450.38,Hyderabad,3.1,UPI
ORD001392,2026-10-23,Electronics,Smartphone,44163.23,2,88326.46,Indore,4.9,Wallet
ORD001393,2026-10-24,Sports,Cricket Bat,17893.95,4,71575.8,Bangalore,3.5,Credit Card
ORD001394,2026-10-25,Home & Kitchen,Mixer,27857.09,5,139285.45,Indore,4.3,Cash on Delivery
ORD001395,2026-10-26,Fashion,Cricket Bat,32285.62,4,129142.48,Pune,4.7,Cash on Delivery
ORD001396,2026-10-27,Home & Kitchen,Football,21025.18,3,63075.54,Ahmedabad,3.6,Wallet
ORD001397,2026-10-28,Fashion,Saree,45215.72,2,90431.44,Indore,4.3,Wallet
ORD001398,2026-10-29,Fashion,Laptop,18456.38,4,73825.52,Ahmedabad,3.2,Wallet
ORD001399,2026-10-30,Electronics,Face Cream,6688.04,5,33440.2,Delhi,4.9,UPI
ORD001400,2026-10-31,Home & Kitchen,Jeans,7629.01,1,7629.01,Hyderabad,3.1,Wallet
ORD001401,2026-11-01,Home & Kitchen,Jeans,44597.45,1,44597.45,Delhi,3.9,Wallet
ORD001402,2026-11-02,Sports,Laptop,49406.4,6,296438.4,Pune,4.1,UPI
ORD001403,2026-11-03,Sports,T-shirt,14802.42,5,74012.1,Ahmedabad,4.6,Credit Card
ORD001404,2026-11-04,Electronics,Face Cream,7608.33,4,30433.32,Ahmedabad,3.2,Wallet
ORD001405,2026-11-05,Electronics,Headphones,24369.51,1,24369.51,Bangalore,3.9,Wallet
ORD001406,2026-11-06,Beauty,Football,35621.64,7,249351.48,Chennai,3.6,UPI
ORD001407,2026-11-07,Sports,Saree,30813.94,4,123255.76,Delhi,3.6,UPI
ORD001408,2026-11-08,Fashion,Lipstick,47579.86,3,142739.58,Indore,4.6,UPI
ORD001409,2026-11-09,Home & Kitchen,Pressure Cooker,40980.01,7,286860.07,Pune,3.0,Credit Card
ORD001410,2026-11-10,Electronics,Laptop,43514.12,2,87028.24,Indore,4.5,Wallet
ORD001411,2026-11-11,Home & Kitchen,Laptop,27312.52,1,27312.52,Hyderabad,4.6,Wallet
ORD001412,2026-11-12,Home & Kitchen,Cricket Bat,16700.12,4,66800.48,Hyderabad,4.8,UPI
ORD001413,2026-11-13,Beauty,Headphones,35235.93,8,281887.44,Bangalore,4.3,UPI
ORD001414,2026-11-14,Sports,Headphones,22233.13,6,133398.78,Hyderabad,3.7,Wallet
ORD001415,2026-11-15,Electronics,Lipstick,14743.83,9,132694.47,Mumbai,3.9,Wallet
ORD001416,2026-11-16,Home & Kitchen,Pressure Cooker,8037.4,1,8037.4,Delhi,4.9,Wallet
ORD001417,2026-11-17,Electronics,Headphones,26629.77,1,26629.77,Pune,4.8,UPI
ORD001418,2026-11-18,Fashion,Smartphone,29915.55,5,149577.75,Pune,3.9,Credit Card
ORD001419,2026-11-19,Beauty,Saree,28654.89,6,171929.34,Indore,4.9,Credit Card
ORD001420,2026-11-20,Fashion,Football,6269.14,8,50153.12,Mumbai,4.6,Wallet
ORD001421,2026-11-21,Electronics,Smartphone,28714.37,3,86143.11,Bangalore,4.8,Cash on Delivery
ORD001422,2026-11-22,Electronics,T-shirt,8836.5,6,53019.0,Indore,4.4,Credit Card
ORD001423,2026-11-23,Sports,Football,33353.85,3,100061.55,Mumbai,4.7,Cash on Delivery
ORD001424,2026-11-24,Home & Kitchen,Saree,21754.51,8,174036.08,Pune,4.8,Cash on Delivery
ORD001425,2026-11-25,Home & Kitchen,Face Cream,42515.04,4,170060.16,Mumbai,3.2,Wallet
ORD001426,2026-11-26,Fashion,Mixer,39024.15,2,78048.3,Pune,4.9,UPI
ORD001427,2026-11-27,Beauty,Saree,36356.91,9,327212.19,Indore,3.7,Cash on Delivery
ORD001428,2026-11-28,Home & Kitchen,Saree,35186.49,8,281491.92,Delhi,3.9,Wallet
ORD001429,2026-11-29,Sports,Lipstick,28244.16,6,169464.96,Delhi,4.6,UPI
ORD001430,2026-11-30,Fashion,Face Cream,3525.12,3,10575.36,Chennai,4.3,Credit Card
ORD001431,2026-12-01,Fashion,Smartphone,32946.74,2,65893.48,Ahmedabad,4.8,Wallet
ORD001432,2026-12-02,Sports,Pressure Cooker,23612.65,4,94450.6,Mumbai,3.8,Credit Card
ORD001433,2026-12-03,Beauty,Cricket Bat,23742.96,4,94971.84,Delhi,3.7,Wallet
ORD001434,2026-12-04,Sports,Lipstick,19261.6,1,19261.6,Pune,3.1,Cash on Delivery
ORD001435,2026-12-05,Beauty,Saree,46489.01,9,418401.09,Ahmedabad,3.9,UPI
ORD001436,2026-12-06,Sports,Cricket Bat,12847.84,8,102782.72,Mumbai,4.4,Cash on Delivery
ORD001437,2026-12-07,Sports,Football,16171.43,7,113200.01,Mumbai,3.6,Wallet
ORD001438,2026-12-08,Electronics,Face Cream,48170.52,6,289023.12,Bangalore,3.9,Wallet
ORD001439,2026-12-09,Fashion,Football,40602.61,3,121807.83,Bangalore,3.4,Cash on Delivery
ORD001440,2026-12-10,Sports,Jeans,1197.28,4,4789.12,Indore,4.5,Wallet
ORD001441,2026-12-11,Sports,Cricket Bat,45352.33,2,90704.66,Mumbai,3.1,Credit Card
ORD001442,2026-12-12,Home & Kitchen,Laptop,11719.04,7,82033.28,Bangalore,4.4,Cash on Delivery
ORD001443,2026-12-13,Fashion,Lipstick,35443.66,2,70887.32,Pune,3.8,UPI
ORD001444,2026-12-14,Home & Kitchen,Lipstick,27877.12,1,27877.12,Ahmedabad,3.1,Credit Card
ORD001445,2026-12-15,Fashion,Laptop,27072.19,6,162433.14,Indore,4.7,Credit Card
ORD001446,2026-12-16,Home & Kitchen,Jeans,36037.11,4,144148.44,Delhi,4.0,Wallet
ORD001447,2026-12-17,Sports,Headphones,10755.48,8,86043.84,Mumbai,4.2,Cash on Delivery
ORD001448,2026-12-18,Sports,Headphones,8371.74,1,8371.74,Bangalore,4.5,Wallet
ORD001449,2026-12-19,Electronics,Headphones,32769.67,9,294927.03,Delhi,4.3,Cash on Delivery
ORD001450,2026-12-20,Home & Kitchen,Headphones,14883.67,6,89302.02,Mumbai,4.5,Cash on Delivery
ORD001451,2026-12-21,Beauty,Smartphone,48710.54,2,97421.08,Indore,4.5,UPI
ORD001452,2026-12-22,Electronics,Laptop,22849.84,8,182798.72,Mumbai,4.2,Wallet
ORD001453,2026-12-23,Home & Kitchen,Football,6024.05,5,30120.25,Bangalore,3.7,Cash on Delivery
ORD001454,2026-12-24,Home & Kitchen,Jeans,34447.85,5,172239.25,Delhi,3.5,UPI
ORD001455,2026-12-25,Electronics,Football,15654.88,5,78274.4,Mumbai,4.8,Cash on Delivery
ORD001456,2026-12-26,Sports,Saree,7855.08,7,54985.56,Mumbai,4.9,Wallet
ORD001457,2026-12-27,Home & Kitchen,T-shirt,21429.76,7,150008.32,Pune,3.7,Cash on Delivery
ORD001458,2026-12-28,Sports,Lipstick,48229.0,7,337603.0,Indore,3.2,Credit Card
ORD001459,2026-12-29,Electronics,Cricket Bat,20865.81,2,41731.62,Chennai,3.4,Wallet
ORD001460,2026-12-30,Sports,Headphones,17693.02,8,141544.16,Mumbai,4.3,Credit Card
ORD001461,2026-12-31,Fashion,Cricket Bat,22503.19,1,22503.19,Chennai,3.3,UPI
ORD001462,2027-01-01,Beauty,T-shirt,1099.73,2,2199.46,Chennai,4.6,Cash on Delivery
ORD001463,2027-01-02,Home & Kitchen,Lipstick,7088.53,7,49619.71,Delhi,4.8,Wallet
ORD001464,2027-01-03,Beauty,Mixer,42558.89,4,170235.56,Hyderabad,4.9,UPI
ORD001465,2027-01-04,Sports,Football,48912.7,9,440214.3,Indore,3.0,Credit Card
ORD001466,2027-01-05,Home & Kitchen,Pressure Cooker,8318.1,9,74862.9,Chennai,4.9,Credit Card
ORD001467,2027-01-06,Sports,Jeans,27008.13,3,81024.39,Delhi,4.5,Credit Card
ORD001468,2027-01-07,Fashion,Smartphone,48333.5,3,145000.5,Indore,3.2,Credit Card
ORD001469,2027-01-08,Electronics,Cricket Bat,8250.78,9,74257.02,Pune,3.8,UPI
ORD001470,2027-01-09,Home & Kitchen,Headphones,9722.33,8,77778.64,Bangalore,4.4,Cash on Delivery
ORD001471,2027-01-10,Fashion,Laptop,46377.41,1,46377.41,Chennai,4.9,UPI
ORD001472,2027-01-11,Fashion,Cricket Bat,35431.54,6,212589.24,Hyderabad,3.3,Cash on Delivery
ORD001473,2027-01-12,Home & Kitchen,Lipstick,8022.35,7,56156.45,Bangalore,3.3,Wallet
ORD001474,2027-01-13,Sports,Mixer,19977.89,8,159823.12,Indore,3.9,Credit Card
ORD001475,2027-01-14,Fashion,Jeans,3285.36,2,6570.72,Chennai,4.9,UPI
ORD001476,2027-01-15,Beauty,Laptop,21917.24,1,21917.24,Ahmedabad,4.9,Wallet
ORD001477,2027-01-16,Fashion,Pressure Cooker,39006.12,4,156024.48,Pune,3.5,Cash on Delivery
ORD001478,2027-01-17,Sports,Lipstick,27921.62,1,27921.62,Chennai,3.6,Wallet
ORD001479,2027-01-18,Sports,Mixer,32548.39,2,65096.78,Hyderabad,4.8,Wallet
ORD001480,2027-01-19,Beauty,Laptop,16677.6,3,50032.8,Mumbai,4.5,Cash on Delivery
ORD001481,2027-01-20,Fashion,Pressure Cooker,8489.1,4,33956.4,Hyderabad,4.9,Wallet
ORD001482,2027-01-21,Sports,Cricket Bat,1149.28,6,6895.68,Pune,4.8,Credit Card
ORD001483,2027-01-22,Home & Kitchen,Lipstick,41154.96,8,329239.68,Delhi,3.4,Cash on Delivery
ORD001484,2027-01-23,Electronics,Football,32014.4,9,288129.6,Delhi,4.5,Cash on Delivery
ORD001485,2027-01-24,Electronics,Face Cream,11851.4,4,47405.6,Pune,3.1,UPI
ORD001486,2027-01-25,Electronics,Saree,21212.48,1,21212.48,Pune,4.6,Wallet
ORD001487,2027-01-26,Fashion,Face Cream,40171.44,5,200857.2,Pune,4.2,Credit Card
ORD001488,2027-01-27,Beauty,Pressure Cooker,27165.66,5,135828.3,Hyderabad,4.9,Credit Card
ORD001489,2027-01-28,Sports,Mixer,15357.91,9,138221.19,Hyderabad,4.9,Cash on Delivery
ORD001490,2027-01-29,Home & Kitchen,Saree,13725.63,6,82353.78,Ahmedabad,3.1,Wallet
ORD001491,2027-01-30,Home & Kitchen,Saree,11271.89,5,56359.45,Ahmedabad,3.3,Cash on Delivery
ORD001492,2027-01-31,Fashion,Smartphone,41274.63,5,206373.15,Hyderabad,4.0,Credit Card
ORD001493,2027-02-01,Electronics,Mixer,29302.09,8,234416.72,Ahmedabad,4.8,Credit Card
ORD001494,2027-02-02,Fashion,Saree,35603.28,1,35603.28,Hyderabad,4.6,Credit Card
ORD001495,2027-02-03,Beauty,Cricket Bat,43075.96,5,215379.8,Pune,4.9,Cash on Delivery
ORD001496,2027-02-04,Beauty,Lipstick,49349.65,1,49349.65,Hyderabad,4.2,Wallet
ORD001497,2027-02-05,Sports,Lipstick,12849.44,7,89946.08,Chennai,3.5,Wallet
ORD001498,2027-02-06,Sports,Face Cream,9454.67,7,66182.69,Ahmedabad,3.1,Cash on Delivery
ORD001499,2027-02-07,Beauty,Cricket Bat,23368.92,8,186951.36,Indore,3.4,Credit Card
ORD001500,2027-02-08,Beauty,Smartphone,2236.03,7,15652.21,Indore,4.4,Wallet
ORD001501,2027-02-09,Beauty,Jeans,39690.04,9,357210.36,Bangalore,4.9,Credit Card
ORD001502,2027-02-10,Fashion,Smartphone,44246.12,8,353968.96,Delhi,3.6,Cash on Delivery
ORD001503,2027-02-11,Beauty,Lipstick,34458.97,8,275671.76,Delhi,4.8,Wallet
ORD001504,2027-02-12,Home & Kitchen,Jeans,13765.75,3,41297.25,Indore,3.8,Wallet
ORD001505,2027-02-13,Electronics,Smartphone,6596.2,4,26384.8,Pune,3.6,Cash on Delivery
ORD001506,2027-02-14,Beauty,Saree,19416.14,4,77664.56,Pune,4.0,Cash on Delivery
ORD001507,2027-02-15,Electronics,Football,41750.11,1,41750.11,Ahmedabad,3.9,Wallet
ORD001508,2027-02-16,Fashion,Jeans,17717.48,6,106304.88,Indore,4.8,UPI
ORD001509,2027-02-17,Electronics,Football,2195.6,2,4391.2,Ahmedabad,3.9,Credit Card
ORD001510,2027-02-18,Fashion,Lipstick,14076.88,9,126691.92,Bangalore,3.6,UPI
ORD001511,2027-02-19,Home & Kitchen,Cricket Bat,49502.31,1,49502.31,Ahmedabad,4.7,Wallet
ORD001512,2027-02-20,Fashion,Headphones,33995.1,1,33995.1,Hyderabad,5.0,UPI
ORD001513,2027-02-21,Fashion,Football,45092.31,6,270553.86,Indore,4.3,Cash on Delivery
ORD001514,2027-02-22,Sports,Face Cream,38855.83,1,38855.83,Pune,3.5,Credit Card
ORD001515,2027-02-23,Beauty,Saree,27215.42,3,81646.26,Indore,3.5,Cash on Delivery
ORD001516,2027-02-24,Beauty,Saree,7860.1,2,15720.2,Ahmedabad,3.1,Cash on Delivery
ORD001517,2027-02-25,Home & Kitchen,Headphones,17757.9,9,159821.1,Bangalore,3.2,Cash on Delivery
ORD001518,2027-02-26,Home & Kitchen,Pressure Cooker,29395.14,5,146975.7,Hyderabad,4.8,Cash on Delivery
ORD001519,2027-02-27,Beauty,Face Cream,43596.3,6,261577.8,Ahmedabad,3.2,Credit Card
ORD001520,2027-02-28,Sports,Football,13799.41,2,27598.82,Delhi,4.0,Wallet
ORD001521,2027-03-01,Beauty,Football,6500.73,8,52005.84,Pune,4.4,Wallet
ORD001522,2027-03-02,Sports,T-shirt,28162.2,6,168973.2,Pune,4.7,Credit Card
ORD001523,2027-03-03,Home & Kitchen,Football,9236.81,8,73894.48,Indore,3.3,Cash on Delivery
ORD001524,2027-03-04,Electronics,Laptop,30712.91,8,245703.28,Mumbai,3.9,UPI
ORD001525,2027-03-05,Home & Kitchen,Mixer,13544.31,1,13544.31,Delhi,3.5,Wallet
ORD001526,2027-03-06,Home & Kitchen,Smartphone,11932.67,7,83528.69,Delhi,3.5,Cash on Delivery
ORD001527,2027-03-07,Fashion,T-shirt,20259.45,2,40518.9,Mumbai,3.6,UPI
ORD001528,2027-03-08,Fashion,Smartphone,29862.99,8,238903.92,Bangalore,4.2,UPI
ORD001529,2027-03-09,Fashion,T-shirt,27493.22,2,54986.44,Chennai,3.0,Cash on Delivery
ORD001530,2027-03-10,Fashion,Jeans,12614.36,4,50457.44,Hyderabad,3.8,Credit Card
ORD001531,2027-03-11,Sports,Cricket Bat,44610.28,2,89220.56,Hyderabad,3.4,Cash on Delivery
ORD001532,2027-03-12,Beauty,Football,5939.16,7,41574.12,Delhi,4.9,Credit Card
ORD001533,2027-03-13,Electronics,Football,2453.64,5,12268.2,Ahmedabad,4.2,UPI
ORD001534,2027-03-14,Home & Kitchen,Mixer,30333.96,9,273005.64,Mumbai,4.7,Wallet
ORD001535,2027-03-15,Sports,Mixer,6608.65,5,33043.25,Ahmedabad,3.4,Credit Card
ORD001536,2027-03-16,Electronics,Smartphone,25492.1,8,203936.8,Pune,4.6,Credit Card
ORD001537,2027-03-17,Sports,Headphones,47612.78,2,95225.56,Delhi,3.8,Credit Card
ORD001538,2027-03-18,Sports,Jeans,35079.72,3,105239.16,Delhi,3.4,Wallet
ORD001539,2027-03-19,Home & Kitchen,Pressure Cooker,31064.1,6,186384.6,Pune,4.5,Cash on Delivery
ORD001540,2027-03-20,Beauty,Mixer,28952.86,7,202670.02,Pune,4.5,UPI
ORD001541,2027-03-21,Fashion,Laptop,9387.19,8,75097.52,Indore,5.0,UPI
ORD001542,2027-03-22,Beauty,Football,21916.07,3,65748.21,Bangalore,4.6,Credit Card
ORD001543,2027-03-23,Home & Kitchen,Smartphone,17454.91,7,122184.37,Ahmedabad,3.3,UPI
ORD001544,2027-03-24,Home & Kitchen,Saree,47677.18,8,381417.44,Ahmedabad,3.6,Credit Card
ORD001545,2027-03-25,Home & Kitchen,Laptop,12494.85,6,74969.1,Ahmedabad,3.9,Wallet
ORD001546,2027-03-26,Electronics,Lipstick,23840.06,4,95360.24,Hyderabad,3.3,Credit Card
ORD001547,2027-03-27,Beauty,Smartphone,46934.93,6,281609.58,Chennai,4.6,Wallet
ORD001548,2027-03-28,Beauty,Smartphone,39564.44,9,356079.96,Mumbai,4.1,Credit Card
ORD001549,2027-03-29,Sports,Saree,48243.5,3,144730.5,Chennai,4.9,Credit Card
ORD001550,2027-03-30,Sports,Jeans,30612.35,2,61224.7,Mumbai,4.2,Wallet
ORD001551,2027-03-31,Sports,Saree,17022.45,5,85112.25,Hyderabad,4.0,Cash on Delivery
ORD001552,2027-04-01,Home & Kitchen,Face Cream,41419.16,7,289934.12,Ahmedabad,3.1,Wallet
ORD001553,2027-04-02,Beauty,Mixer,14927.09,3,44781.27,Bangalore,3.3,Credit Card
ORD001554,2027-04-03,Home & Kitchen,Cricket Bat,8656.25,5,43281.25,Chennai,4.7,UPI
ORD001555,2027-04-04,Electronics,Smartphone,35461.3,4,141845.2,Mumbai,5.0,Cash on Delivery
ORD001556,2027-04-05,Sports,Lipstick,32128.31,7,224898.17,Delhi,3.8,UPI
ORD001557,2027-04-06,Home & Kitchen,Headphones,44007.97,2,88015.94,Pune,4.6,Cash on Delivery
ORD001558,2027-04-07,Home & Kitchen,Smartphone,48115.28,7,336806.96,Hyderabad,4.3,Credit Card
ORD001559,2027-04-08,Electronics,Saree,42931.28,2,85862.56,Bangalore,4.9,Cash on Delivery
ORD001560,2027-04-09,Fashion,T-shirt,3471.08,3,10413.24,Pune,3.5,UPI
ORD001561,2027-04-10,Beauty,Smartphone,33393.41,5,166967.05,Indore,4.1,Wallet
ORD001562,2027-04-11,Fashion,Smartphone,39344.25,7,275409.75,Delhi,3.8,Cash on Delivery
ORD001563,2027-04-12,Sports,Face Cream,49105.47,6,294632.82,Bangalore,4.1,Cash on Delivery
ORD001564,2027-04-13,Home & Kitchen,Lipstick,19045.73,7,133320.11,Mumbai,3.5,Credit Card
ORD001565,2027-04-14,Electronics,Face Cream,8909.14,6,53454.84,Ahmedabad,4.0,Credit Card
ORD001566,2027-04-15,Electronics,Lipstick,42720.19,1,42720.19,Delhi,4.2,Cash on Delivery
ORD001567,2027-04-16,Beauty,Smartphone,16214.6,5,81073.0,Indore,3.2,Credit Card
ORD001568,2027-04-17,Fashion,T-shirt,30110.99,1,30110.99,Ahmedabad,4.5,Credit Card
ORD001569,2027-04-18,Beauty,Cricket Bat,19799.79,7,138598.53,Indore,4.4,Wallet
ORD001570,2027-04-19,Home & Kitchen,Pressure Cooker,20415.15,4,81660.6,Bangalore,4.8,Cash on Delivery
ORD001571,2027-04-20,Beauty,T-shirt,36756.99,5,183784.95,Hyderabad,3.9,UPI
ORD001572,2027-04-21,Electronics,T-shirt,18393.02,1,18393.02,Chennai,3.1,Wallet
ORD001573,2027-04-22,Electronics,T-shirt,34807.22,8,278457.76,Indore,3.9,Credit Card
ORD001574,2027-04-23,Sports,Football,1209.26,4,4837.04,Indore,3.3,Wallet
ORD001575,2027-04-24,Sports,Cricket Bat,16570.05,3,49710.15,Pune,4.3,Cash on Delivery
ORD001576,2027-04-25,Home & Kitchen,Jeans,16292.68,1,16292.68,Chennai,3.1,Cash on Delivery
ORD001577,2027-04-26,Fashion,Jeans,37567.35,4,150269.4,Delhi,3.7,Cash on Delivery
ORD001578,2027-04-27,Beauty,T-shirt,16070.58,3,48211.74,Hyderabad,3.2,UPI
ORD001579,2027-04-28,Home & Kitchen,Pressure Cooker,31849.69,8,254797.52,Hyderabad,3.0,UPI
ORD001580,2027-04-29,Sports,Face Cream,34581.96,9,311237.64,Pune,4.9,UPI
ORD001581,2027-04-30,Beauty,Saree,33092.06,5,165460.3,Bangalore,5.0,Credit Card
ORD001582,2027-05-01,Sports,Laptop,30363.04,9,273267.36,Delhi,4.1,Cash on Delivery
ORD001583,2027-05-02,Beauty,Jeans,20974.03,1,20974.03,Pune,3.5,Cash on Delivery
ORD001584,2027-05-03,Fashion,Headphones,18978.6,7,132850.2,Hyderabad,4.8,UPI
ORD001585,2027-05-04,Home & Kitchen,Lipstick,28446.91,7,199128.37,Bangalore,4.8,Wallet
ORD001586,2027-05-05,Beauty,Cricket Bat,3653.3,6,21919.8,Hyderabad,4.7,Wallet
ORD001587,2027-05-06,Electronics,Cricket Bat,43853.08,4,175412.32,Delhi,4.1,Credit Card
ORD001588,2027-05-07,Electronics,Laptop,41353.1,9,372177.9,Hyderabad,3.1,Wallet
ORD001589,2027-05-08,Beauty,Jeans,17646.04,3,52938.12,Pune,3.2,Credit Card
ORD001590,2027-05-09,Beauty,Pressure Cooker,28557.55,1,28557.55,Hyderabad,4.8,Wallet
ORD001591,2027-05-10,Beauty,Pressure Cooker,46645.27,2,93290.54,Hyderabad,4.8,Wallet
ORD001592,2027-05-11,Electronics,Lipstick,13946.02,3,41838.06,Chennai,3.9,Wallet
ORD001593,2027-05-12,Electronics,T-shirt,37251.54,2,74503.08,Mumbai,3.7,Cash on Delivery
ORD001594,2027-05-13,Beauty,Saree,4595.22,6,27571.32,Delhi,4.3,UPI
ORD001595,2027-05-14,Sports,Jeans,26406.92,7,184848.44,Ahmedabad,4.6,Cash on Delivery
ORD001596,2027-05-15,Sports,Pressure Cooker,44256.47,5,221282.35,Ahmedabad,4.5,UPI
ORD001597,2027-05-16,Fashion,Laptop,27809.61,5,139048.05,Ahmedabad,4.2,Wallet
ORD001598,2027-05-17,Home & Kitchen,Lipstick,31004.51,7,217031.57,Chennai,3.5,UPI
ORD001599,2027-05-18,Sports,Smartphone,45428.15,6,272568.9,Ahmedabad,3.5,Cash on Delivery
ORD001600,2027-05-19,Electronics,Lipstick,35910.35,8,287282.8,Mumbai,4.4,UPI
ORD001601,2027-05-20,Sports,Football,34945.55,9,314509.95,Indore,4.6,UPI
ORD001602,2027-05-21,Fashion,Pressure Cooker,29526.01,2,59052.02,Hyderabad,3.2,UPI
ORD001603,2027-05-22,Fashion,Smartphone,31832.94,2,63665.88,Hyderabad,3.4,Wallet
ORD001604,2027-05-23,Home & Kitchen,Headphones,40283.42,1,40283.42,Pune,4.4,UPI
ORD001605,2027-05-24,Sports,Mixer,48972.04,7,342804.28,Chennai,3.8,Wallet
ORD001606,2027-05-25,Electronics,Lipstick,39868.61,4,159474.44,Bangalore,4.1,Wallet
ORD001607,2027-05-26,Electronics,Laptop,35523.07,9,319707.63,Delhi,4.2,Credit Card
ORD001608,2027-05-27,Beauty,Laptop,7209.47,6,43256.82,Mumbai,4.6,UPI
ORD001609,2027-05-28,Electronics,Football,40945.48,7,286618.36,Ahmedabad,4.6,Wallet
ORD001610,2027-05-29,Home & Kitchen,Saree,36931.72,7,258522.04,Hyderabad,3.6,UPI
ORD001611,2027-05-30,Home & Kitchen,T-shirt,38636.39,8,309091.12,Ahmedabad,4.1,UPI
ORD001612,2027-05-31,Electronics,Lipstick,11939.28,4,47757.12,Ahmedabad,3.2,Cash on Delivery
ORD001613,2027-06-01,Electronics,Pressure Cooker,45220.46,3,135661.38,Delhi,4.7,Credit Card
ORD001614,2027-06-02,Beauty,Mixer,5315.43,3,15946.29,Hyderabad,4.7,UPI
ORD001615,2027-06-03,Electronics,Football,13053.8,8,104430.4,Hyderabad,3.6,UPI
ORD001616,2027-06-04,Beauty,Jeans,33319.66,3,99958.98,Hyderabad,3.3,Wallet
ORD001617,2027-06-05,Beauty,Pressure Cooker,33848.87,8,270790.96,Pune,3.1,Wallet
ORD001618,2027-06-06,Electronics,Laptop,16009.57,2,32019.14,Delhi,4.1,Cash on Delivery
ORD001619,2027-06-07,Fashion,Headphones,35225.23,5,176126.15,Chennai,3.2,Credit Card
ORD001620,2027-06-08,Fashion,Pressure Cooker,19702.56,5,98512.8,Delhi,4.4,Credit Card
ORD001621,2027-06-09,Beauty,Cricket Bat,508.69,7,3560.83,Delhi,4.4,Credit Card
ORD001622,2027-06-10,Electronics,Face Cream,8549.0,5,42745.0,Indore,4.2,UPI
ORD001623,2027-06-11,Fashion,Laptop,44189.6,9,397706.4,Ahmedabad,4.8,Credit Card
ORD001624,2027-06-12,Electronics,Lipstick,11523.35,3,34570.05,Bangalore,3.8,Cash on Delivery
ORD001625,2027-06-13,Electronics,Headphones,6089.06,9,54801.54,Pune,4.8,Cash on Delivery
ORD001626,2027-06-14,Electronics,Cricket Bat,34268.93,1,34268.93,Bangalore,3.1,UPI
ORD001627,2027-06-15,Sports,Smartphone,22314.97,3,66944.91,Pune,3.2,UPI
ORD001628,2027-06-16,Electronics,Mixer,39931.25,4,159725.0,Chennai,3.8,UPI
ORD001629,2027-06-17,Sports,Laptop,43141.52,6,258849.12,Bangalore,4.2,Wallet
ORD001630,2027-06-18,Beauty,Lipstick,42376.45,8,339011.6,Ahmedabad,3.1,UPI
ORD001631,2027-06-19,Fashion,Cricket Bat,15993.96,7,111957.72,Ahmedabad,4.1,Cash on Delivery
ORD001632,2027-06-20,Fashion,Cricket Bat,25524.52,8,204196.16,Pune,3.6,UPI
ORD001633,2027-06-21,Fashion,T-shirt,32682.02,6,196092.12,Chennai,4.8,Wallet
ORD001634,2027-06-22,Fashion,Cricket Bat,16438.16,6,98628.96,Pune,4.1,UPI
ORD001635,2027-06-23,Fashion,Mixer,2534.42,6,15206.52,Hyderabad,4.2,Wallet
ORD001636,2027-06-24,Fashion,Headphones,25035.39,3,75106.17,Hyderabad,4.9,Wallet
ORD001637,2027-06-25,Fashion,Football,1134.51,4,4538.04,Ahmedabad,4.5,Wallet
ORD001638,2027-06-26,Beauty,Headphones,47556.96,6,285341.76,Delhi,3.9,UPI
ORD001639,2027-06-27,Electronics,Cricket Bat,39935.84,7,279550.88,Hyderabad,4.0,UPI
ORD001640,2027-06-28,Home & Kitchen,Lipstick,10004.48,3,30013.44,Bangalore,4.3,Cash on Delivery
ORD001641,2027-06-29,Sports,Laptop,14734.8,4,58939.2,Ahmedabad,3.4,Credit Card
ORD001642,2027-06-30,Home & Kitchen,Lipstick,49150.51,6,294903.06,Mumbai,3.2,UPI
ORD001643,2027-07-01,Home & Kitchen,Football,18990.65,1,18990.65,Delhi,3.6,Cash on Delivery
ORD001644,2027-07-02,Electronics,Face Cream,39294.26,7,275059.82,Chennai,4.6,Credit Card
ORD001645,2027-07-03,Electronics,Saree,22617.37,1,22617.37,Hyderabad,3.5,Cash on Delivery
ORD001646,2027-07-04,Electronics,Laptop,43272.75,9,389454.75,Delhi,3.3,Credit Card
ORD001647,2027-07-05,Fashion,Smartphone,35335.8,9,318022.2,Delhi,3.4,Cash on Delivery
ORD001648,2027-07-06,Beauty,Face Cream,1634.05,9,14706.45,Delhi,4.4,UPI
ORD001649,2027-07-07,Fashion,Mixer,15072.3,4,60289.2,Hyderabad,4.2,Credit Card
ORD001650,2027-07-08,Beauty,Face Cream,28120.62,2,56241.24,Chennai,4.4,Wallet
ORD001651,2027-07-09,Beauty,Lipstick,46345.62,7,324419.34,Ahmedabad,3.6,Cash on Delivery
ORD001652,2027-07-10,Home & Kitchen,T-shirt,5550.48,4,22201.92,Delhi,4.8,UPI
ORD001653,2027-07-11,Home & Kitchen,Headphones,30257.55,5,151287.75,Ahmedabad,3.9,UPI
ORD001654,2027-07-12,Beauty,Cricket Bat,15457.75,1,15457.75,Delhi,4.0,Credit Card
ORD001655,2027-07-13,Beauty,Laptop,44521.73,6,267130.38,Delhi,4.9,Cash on Delivery
ORD001656,2027-07-14,Fashion,Football,38375.9,7,268631.3,Indore,5.0,UPI
ORD001657,2027-07-15,Fashion,Cricket Bat,18800.28,3,56400.84,Ahmedabad,4.3,Wallet
ORD001658,2027-07-16,Home & Kitchen,Smartphone,8771.61,2,17543.22,Hyderabad,4.9,Cash on Delivery
ORD001659,2027-07-17,Electronics,Saree,1069.15,7,7484.05,Indore,4.1,UPI
ORD001660,2027-07-18,Beauty,Cricket Bat,31246.16,1,31246.16,Bangalore,3.6,UPI
ORD001661,2027-07-19,Fashion,Lipstick,20603.13,2,41206.26,Chennai,3.6,Wallet
ORD001662,2027-07-20,Home & Kitchen,Laptop,16080.45,3,48241.35,Delhi,4.1,UPI
ORD001663,2027-07-21,Fashion,T-shirt,49282.36,4,197129.44,Indore,4.2,Credit Card
ORD001664,2027-07-22,Beauty,Smartphone,23574.04,5,117870.2,Delhi,3.9,Cash on Delivery
ORD001665,2027-07-23,Beauty,Pressure Cooker,37617.04,4,150468.16,Indore,4.8,Credit Card
ORD001666,2027-07-24,Sports,Mixer,9281.91,3,27845.73,Delhi,3.9,Credit Card
ORD001667,2027-07-25,Electronics,Saree,1166.04,1,1166.04,Pune,3.5,Wallet
ORD001668,2027-07-26,Sports,Lipstick,21169.35,7,148185.45,Hyderabad,3.0,Credit Card
ORD001669,2027-07-27,Home & Kitchen,Mixer,33450.41,6,200702.46,Bangalore,4.9,Credit Card
ORD001670,2027-07-28,Fashion,Football,25576.64,2,51153.28,Delhi,4.6,Credit Card
ORD001671,2027-07-29,Home & Kitchen,T-shirt,44578.08,2,89156.16,Indore,4.2,UPI
ORD001672,2027-07-30,Beauty,Mixer,21981.98,3,65945.94,Delhi,4.7,Wallet
ORD001673,2027-07-31,Sports,Headphones,15894.64,8,127157.12,Hyderabad,4.6,UPI
ORD001674,2027-08-01,Sports,Football,45844.41,8,366755.28,Chennai,4.9,UPI
ORD001675,2027-08-02,Sports,Laptop,20636.71,8,165093.68,Chennai,3.8,Credit Card
ORD001676,2027-08-03,Home & Kitchen,Mixer,13847.57,7,96932.99,Bangalore,4.1,UPI
ORD001677,2027-08-04,Beauty,Lipstick,5334.22,2,10668.44,Pune,3.2,UPI
ORD001678,2027-08-05,Fashion,Pressure Cooker,39768.83,1,39768.83,Chennai,4.9,UPI
ORD001679,2027-08-06,Fashion,Headphones,41342.03,6,248052.18,Delhi,5.0,Credit Card
ORD001680,2027-08-07,Home & Kitchen,Headphones,2148.24,8,17185.92,Hyderabad,4.6,Cash on Delivery
ORD001681,2027-08-08,Sports,Mixer,18252.96,1,18252.96,Pune,3.9,Cash on Delivery
ORD001682,2027-08-09,Electronics,Saree,37618.88,3,112856.64,Ahmedabad,4.0,UPI
ORD001683,2027-08-10,Home & Kitchen,Jeans,47345.9,1,47345.9,Delhi,3.9,Credit Card
ORD001684,2027-08-11,Home & Kitchen,Football,19202.01,9,172818.09,Delhi,3.6,Wallet
ORD001685,2027-08-12,Beauty,Saree,43666.64,7,305666.48,Bangalore,4.1,Cash on Delivery
ORD001686,2027-08-13,Fashion,Face Cream,19989.16,8,159913.28,Chennai,3.1,UPI
ORD001687,2027-08-14,Home & Kitchen,Cricket Bat,9384.98,9,84464.82,Chennai,5.0,Credit Card
ORD001688,2027-08-15,Home & Kitchen,Lipstick,670.58,3,2011.74,Chennai,3.8,Cash on Delivery
ORD001689,2027-08-16,Sports,Jeans,16843.96,2,33687.92,Indore,4.9,Cash on Delivery
ORD001690,2027-08-17,Sports,Laptop,19234.52,6,115407.12,Delhi,4.4,Credit Card
ORD001691,2027-08-18,Electronics,Headphones,47283.32,5,236416.6,Hyderabad,3.6,Cash on Delivery
ORD001692,2027-08-19,Beauty,Lipstick,10700.48,4,42801.92,Hyderabad,3.4,UPI
ORD001693,2027-08-20,Electronics,Football,19420.42,6,116522.52,Ahmedabad,5.0,UPI
ORD001694,2027-08-21,Sports,T-shirt,1745.13,6,10470.78,Delhi,4.5,Credit Card
ORD001695,2027-08-22,Fashion,Cricket Bat,38295.22,3,114885.66,Mumbai,3.5,Credit Card
ORD001696,2027-08-23,Sports,Pressure Cooker,45799.49,2,91598.98,Delhi,3.1,Wallet
ORD001697,2027-08-24,Beauty,Cricket Bat,12272.12,9,110449.08,Ahmedabad,4.4,Wallet
ORD001698,2027-08-25,Sports,Lipstick,21735.26,8,173882.08,Ahmedabad,3.6,UPI
ORD001699,2027-08-26,Beauty,Laptop,6544.57,4,26178.28,Ahmedabad,3.4,Credit Card
ORD001700,2027-08-27,Beauty,Headphones,23113.35,6,138680.1,Ahmedabad,4.5,Wallet
ORD001701,2027-08-28,Beauty,Smartphone,7100.45,3,21301.35,Pune,4.4,Wallet
ORD001702,2027-08-29,Beauty,Smartphone,26405.75,8,211246.0,Ahmedabad,4.0,Cash on Delivery
ORD001703,2027-08-30,Beauty,Lipstick,36863.79,3,110591.37,Indore,4.9,Cash on Delivery
ORD001704,2027-08-31,Fashion,Mixer,27890.47,2,55780.94,Pune,4.4,Wallet
ORD001705,2027-09-01,Electronics,Saree,12638.37,7,88468.59,Chennai,4.8,Cash on Delivery
ORD001706,2027-09-02,Home & Kitchen,Football,18012.9,3,54038.7,Delhi,3.4,Wallet
ORD001707,2027-09-03,Electronics,Cricket Bat,32109.35,9,288984.15,Indore,3.6,Cash on Delivery
ORD001708,2027-09-04,Beauty,Laptop,29692.89,3,89078.67,Mumbai,3.2,Credit Card
ORD001709,2027-09-05,Fashion,Football,7270.35,8,58162.8,Delhi,3.6,Cash on Delivery
ORD001710,2027-09-06,Sports,Cricket Bat,42325.0,2,84650.0,Pune,4.9,Credit Card
ORD001711,2027-09-07,Fashion,T-shirt,24021.85,9,216196.65,Chennai,4.9,UPI
ORD001712,2027-09-08,Beauty,Smartphone,8537.28,1,8537.28,Bangalore,4.5,Cash on Delivery
ORD001713,2027-09-09,Fashion,Face Cream,6579.91,3,19739.73,Hyderabad,4.0,Credit Card
ORD001714,2027-09-10,Fashion,Headphones,48294.81,2,96589.62,Mumbai,4.6,Wallet
ORD001715,2027-09-11,Beauty,Football,14435.99,7,101051.93,Bangalore,4.1,UPI
ORD001716,2027-09-12,Fashion,T-shirt,45475.38,5,227376.9,Hyderabad,3.0,Cash on Delivery
ORD001717,2027-09-13,Home & Kitchen,Face Cream,20823.97,8,166591.76,Bangalore,4.0,Wallet
ORD001718,2027-09-14,Home & Kitchen,Headphones,19603.11,2,39206.22,Pune,4.2,Wallet
ORD001719,2027-09-15,Fashion,Cricket Bat,35195.98,8,281567.84,Delhi,3.5,Cash on Delivery
ORD001720,2027-09-16,Sports,Football,989.22,7,6924.54,Ahmedabad,3.4,Cash on Delivery
ORD001721,2027-09-17,Beauty,Laptop,17235.43,5,86177.15,Delhi,3.5,Credit Card
ORD001722,2027-09-18,Home & Kitchen,Smartphone,15480.96,2,30961.92,Hyderabad,4.2,Credit Card
ORD001723,2027-09-19,Sports,Cricket Bat,43470.86,7,304296.02,Hyderabad,3.3,UPI
ORD001724,2027-09-20,Fashion,Smartphone,26691.62,4,106766.48,Delhi,4.4,Cash on Delivery
ORD001725,2027-09-21,Sports,Lipstick,18546.22,4,74184.88,Delhi,3.8,UPI
ORD001726,2027-09-22,Electronics,Face Cream,13670.93,8,109367.44,Indore,3.7,Credit Card
ORD001727,2027-09-23,Home & Kitchen,Pressure Cooker,29730.24,6,178381.44,Hyderabad,4.6,Cash on Delivery
ORD001728,2027-09-24,Fashion,Face Cream,8007.82,9,72070.38,Hyderabad,4.0,Wallet
ORD001729,2027-09-25,Beauty,Pressure Cooker,12687.14,2,25374.28,Ahmedabad,3.8,UPI
ORD001730,2027-09-26,Fashion,Headphones,15033.8,5,75169.0,Ahmedabad,4.8,Cash on Delivery
ORD001731,2027-09-27,Beauty,Cricket Bat,30591.49,6,183548.94,Ahmedabad,3.7,Wallet
ORD001732,2027-09-28,Fashion,Jeans,18976.12,8,151808.96,Ahmedabad,4.7,Credit Card
ORD001733,2027-09-29,Sports,Smartphone,25536.27,4,102145.08,Pune,4.0,Wallet
ORD001734,2027-09-30,Sports,Smartphone,32696.69,7,228876.83,Indore,3.4,UPI
ORD001735,2027-10-01,Sports,Jeans,47835.44,7,334848.08,Hyderabad,4.2,Cash on Delivery
ORD001736,2027-10-02,Electronics,Mixer,38359.45,4,153437.8,Pune,3.6,Wallet
ORD001737,2027-10-03,Beauty,Football,20560.21,1,20560.21,Chennai,3.3,Cash on Delivery
ORD001738,2027-10-04,Sports,Cricket Bat,37539.63,3,112618.89,Pune,3.2,Wallet
ORD001739,2027-10-05,Electronics,Jeans,47509.86,2,95019.72,Indore,3.5,Cash on Delivery
ORD001740,2027-10-06,Beauty,Pressure Cooker,25219.34,3,75658.02,Chennai,4.5,UPI
ORD001741,2027-10-07,Fashion,Football,20819.6,5,104098.0,Ahmedabad,4.7,Credit Card
ORD001742,2027-10-08,Electronics,Smartphone,4361.93,1,4361.93,Delhi,4.7,Credit Card
ORD001743,2027-10-09,Home & Kitchen,Face Cream,44672.33,5,223361.65,Chennai,3.5,Wallet
ORD001744,2027-10-10,Electronics,Pressure Cooker,12698.5,2,25397.0,Pune,4.3,UPI
ORD001745,2027-10-11,Electronics,Cricket Bat,3665.92,4,14663.68,Mumbai,3.5,Cash on Delivery
ORD001746,2027-10-12,Beauty,Laptop,27091.57,6,162549.42,Delhi,4.2,UPI
ORD001747,2027-10-13,Fashion,Face Cream,42372.03,9,381348.27,Mumbai,4.8,UPI
ORD001748,2027-10-14,Home & Kitchen,Laptop,20628.44,6,123770.64,Bangalore,3.1,Wallet
ORD001749,2027-10-15,Sports,Headphones,39261.84,2,78523.68,Mumbai,5.0,Credit Card
ORD001750,2027-10-16,Sports,Football,41901.6,8,335212.8,Bangalore,4.7,UPI
ORD001751,2027-10-17,Electronics,Pressure Cooker,22992.98,5,114964.9,Mumbai,4.5,Wallet
ORD001752,2027-10-18,Beauty,Pressure Cooker,29752.28,9,267770.52,Pune,4.4,Cash on Delivery
ORD001753,2027-10-19,Beauty,Pressure Cooker,26928.66,9,242357.94,Pune,4.5,Credit Card
ORD001754,2027-10-20,Sports,Mixer,46990.2,4,187960.8,Bangalore,5.0,Credit Card
ORD001755,2027-10-21,Home & Kitchen,Pressure Cooker,36412.53,1,36412.53,Ahmedabad,4.5,Cash on Delivery
ORD001756,2027-10-22,Fashion,Laptop,46304.47,9,416740.23,Bangalore,3.7,UPI
ORD001757,2027-10-23,Home & Kitchen,Mixer,11390.49,9,102514.41,Delhi,4.2,Credit Card
ORD001758,2027-10-24,Fashion,Headphones,15856.72,8,126853.76,Pune,3.7,UPI
ORD001759,2027-10-25,Sports,Lipstick,4010.22,5,20051.1,Hyderabad,4.9,Wallet
ORD001760,2027-10-26,Fashion,T-shirt,25245.44,5,126227.2,Hyderabad,4.8,Cash on Delivery
ORD001761,2027-10-27,Beauty,Headphones,43759.22,6,262555.32,Delhi,4.1,Credit Card
ORD001762,2027-10-28,Electronics,Saree,16678.91,1,16678.91,Bangalore,4.6,Cash on Delivery
ORD001763,2027-10-29,Electronics,Mixer,6849.96,9,61649.64,Hyderabad,4.8,Credit Card
ORD001764,2027-10-30,Sports,Laptop,3888.09,5,19440.45,Hyderabad,3.5,Cash on Delivery
ORD001765,2027-10-31,Beauty,Laptop,22651.26,7,158558.82,Mumbai,4.2,Wallet
ORD001766,2027-11-01,Home & Kitchen,Cricket Bat,8619.08,8,68952.64,Chennai,4.0,Wallet
ORD001767,2027-11-02,Beauty,Smartphone,17632.15,5,88160.75,Delhi,4.5,UPI
ORD001768,2027-11-03,Electronics,Pressure Cooker,41089.0,3,123267.0,Chennai,3.8,Wallet
ORD001769,2027-11-04,Electronics,Football,19510.35,6,117062.1,Bangalore,4.4,Cash on Delivery
ORD001770,2027-11-05,Beauty,Laptop,30688.61,7,214820.27,Mumbai,3.8,Cash on Delivery
ORD001771,2027-11-06,Beauty,Pressure Cooker,25356.92,4,101427.68,Hyderabad,3.2,Wallet
ORD001772,2027-11-07,Electronics,Jeans,36067.4,9,324606.6,Indore,3.2,Cash on Delivery
ORD001773,2027-11-08,Home & Kitchen,Smartphone,8230.17,4,32920.68,Mumbai,3.2,Cash on Delivery
ORD001774,2027-11-09,Sports,Jeans,46061.83,2,92123.66,Delhi,3.1,Cash on Delivery
ORD001775,2027-11-10,Sports,Football,32359.82,9,291238.38,Pune,4.1,UPI
ORD001776,2027-11-11,Beauty,Face Cream,13912.21,4,55648.84,Bangalore,4.3,UPI
ORD001777,2027-11-12,Sports,Pressure Cooker,6601.06,4,26404.24,Mumbai,3.3,Credit Card
ORD001778,2027-11-13,Electronics,Mixer,7911.42,1,7911.42,Mumbai,4.2,Cash on Delivery
ORD001779,2027-11-14,Electronics,Saree,39241.81,2,78483.62,Mumbai,4.2,UPI
ORD001780,2027-11-15,Beauty,Smartphone,29611.45,3,88834.35,Hyderabad,3.3,Wallet
ORD001781,2027-11-16,Beauty,Football,19347.54,7,135432.78,Bangalore,3.8,Cash on Delivery
ORD001782,2027-11-17,Beauty,Mixer,16978.59,9,152807.31,Hyderabad,4.5,Cash on Delivery
ORD001783,2027-11-18,Home & Kitchen,Laptop,42860.02,5,214300.1,Mumbai,3.0,Credit Card
ORD001784,2027-11-19,Sports,Saree,43800.74,4,175202.96,Pune,3.3,Wallet
ORD001785,2027-11-20,Beauty,Lipstick,29272.47,2,58544.94,Hyderabad,5.0,Wallet
ORD001786,2027-11-21,Fashion,Laptop,26464.93,7,185254.51,Hyderabad,4.5,Cash on Delivery
ORD001787,2027-11-22,Fashion,T-shirt,40914.18,6,245485.08,Delhi,3.9,UPI
ORD001788,2027-11-23,Electronics,Headphones,37592.09,7,263144.63,Ahmedabad,4.3,Credit Card
ORD001789,2027-11-24,Sports,Smartphone,20316.1,8,162528.8,Chennai,4.7,Credit Card
ORD001790,2027-11-25,Beauty,Football,4595.56,9,41360.04,Chennai,4.7,Credit Card
ORD001791,2027-11-26,Fashion,T-shirt,38540.76,5,192703.8,Ahmedabad,3.6,Cash on Delivery
ORD001792,2027-11-27,Sports,Pressure Cooker,8850.7,5,44253.5,Delhi,4.0,Credit Card
ORD001793,2027-11-28,Electronics,Smartphone,1310.66,4,5242.64,Delhi,4.3,UPI
ORD001794,2027-11-29,Home & Kitchen,Face Cream,42243.48,3,126730.44,Indore,3.1,Wallet
ORD001795,2027-11-30,Sports,Face Cream,29123.57,7,203864.99,Ahmedabad,4.9,UPI
ORD001796,2027-12-01,Sports,Headphones,44637.47,5,223187.35,Hyderabad,3.9,Credit Card
ORD001797,2027-12-02,Home & Kitchen,Smartphone,24487.11,7,171409.77,Indore,3.7,Wallet
ORD001798,2027-12-03,Sports,Mixer,46360.81,2,92721.62,Hyderabad,4.8,Credit Card
ORD001799,2027-12-04,Electronics,Jeans,18021.6,9,162194.4,Bangalore,3.2,Credit Card
ORD001800,2027-12-05,Electronics,Cricket Bat,36363.84,9,327274.56,Chennai,3.1,Cash on Delivery
ORD001801,2027-12-06,Home & Kitchen,Mixer,15398.83,9,138589.47,Hyderabad,4.4,Wallet
ORD001802,2027-12-07,Beauty,Headphones,557.6,5,2788.0,Bangalore,3.8,Credit Card
ORD001803,2027-12-08,Fashion,Football,19297.35,9,173676.15,Ahmedabad,4.5,Credit Card
ORD001804,2027-12-09,Beauty,Face Cream,37019.39,1,37019.39,Pune,3.1,Cash on Delivery
ORD001805,2027-12-10,Sports,Smartphone,7926.2,2,15852.4,Indore,3.8,Wallet
ORD001806,2027-12-11,Fashion,Mixer,25487.7,5,127438.5,Chennai,3.5,Credit Card
ORD001807,2027-12-12,Home & Kitchen,Jeans,11009.91,5,55049.55,Ahmedabad,4.5,Credit Card
ORD001808,2027-12-13,Home & Kitchen,T-shirt,4193.89,6,25163.34,Bangalore,3.5,UPI
ORD001809,2027-12-14,Fashion,Mixer,31063.87,8,248510.96,Bangalore,3.9,UPI
ORD001810,2027-12-15,Electronics,Pressure Cooker,47622.4,1,47622.4,Delhi,4.6,UPI
ORD001811,2027-12-16,Fashion,T-shirt,15879.86,9,142918.74,Mumbai,4.8,Cash on Delivery
ORD001812,2027-12-17,Sports,Headphones,29241.97,4,116967.88,Mumbai,4.4,UPI
ORD001813,2027-12-18,Electronics,T-shirt,47703.37,8,381626.96,Mumbai,3.9,UPI
ORD001814,2027-12-19,Home & Kitchen,Smartphone,32698.93,5,163494.65,Bangalore,4.1,Credit Card
ORD001815,2027-12-20,Fashion,Saree,33819.11,1,33819.11,Hyderabad,4.4,Cash on Delivery
ORD001816,2027-12-21,Beauty,Saree,9356.96,9,84212.64,Ahmedabad,4.7,Wallet
ORD001817,2027-12-22,Beauty,Lipstick,24884.18,8,199073.44,Indore,4.8,Credit Card
ORD001818,2027-12-23,Sports,Pressure Cooker,18670.6,5,93353.0,Mumbai,4.9,Credit Card
ORD001819,2027-12-24,Beauty,Smartphone,23812.36,4,95249.44,Hyderabad,4.6,Cash on Delivery
ORD001820,2027-12-25,Fashion,Headphones,40140.92,8,321127.36,Pune,3.3,Cash on Delivery
ORD001821,2027-12-26,Fashion,Laptop,23304.6,9,209741.4,Pune,4.5,Credit Card
ORD001822,2027-12-27,Beauty,Saree,3611.11,7,25277.77,Chennai,4.6,Credit Card
ORD001823,2027-12-28,Fashion,Headphones,45324.31,4,181297.24,Indore,4.8,Credit Card
ORD001824,2027-12-29,Sports,T-shirt,27468.39,7,192278.73,Indore,4.8,Cash on Delivery
ORD001825,2027-12-30,Electronics,Mixer,46262.47,6,277574.82,Mumbai,4.0,Credit Card
ORD001826,2027-12-31,Sports,Saree,28831.55,3,86494.65,Bangalore,4.3,Credit Card
ORD001827,2028-01-01,Sports,Smartphone,3947.0,3,11841.0,Delhi,3.0,Wallet
ORD001828,2028-01-02,Fashion,Saree,27867.03,1,27867.03,Pune,4.1,UPI
ORD001829,2028-01-03,Electronics,Jeans,28999.08,5,144995.4,Bangalore,3.9,UPI
ORD001830,2028-01-04,Fashion,Jeans,11109.82,8,88878.56,Ahmedabad,4.9,UPI
ORD001831,2028-01-05,Home & Kitchen,Jeans,23815.94,6,142895.64,Indore,4.8,UPI
ORD001832,2028-01-06,Fashion,Pressure Cooker,23242.35,8,185938.8,Pune,4.6,UPI
ORD001833,2028-01-07,Fashion,Football,31332.37,7,219326.59,Hyderabad,3.1,Credit Card
ORD001834,2028-01-08,Fashion,Saree,13350.9,2,26701.8,Pune,3.8,Credit Card
ORD001835,2028-01-09,Electronics,Lipstick,29296.55,8,234372.4,Chennai,4.4,Wallet
ORD001836,2028-01-10,Fashion,Face Cream,12427.13,4,49708.52,Indore,3.1,Cash on Delivery
ORD001837,2028-01-11,Electronics,Headphones,22599.04,5,112995.2,Bangalore,3.5,Wallet
ORD001838,2028-01-12,Beauty,Football,6573.93,8,52591.44,Indore,4.8,Cash on Delivery
ORD001839,2028-01-13,Home & Kitchen,Jeans,2346.38,5,11731.9,Ahmedabad,3.3,Cash on Delivery
ORD001840,2028-01-14,Electronics,T-shirt,16369.07,5,81845.35,Delhi,3.1,Wallet
ORD001841,2028-01-15,Beauty,Smartphone,14091.3,6,84547.8,Pune,4.2,Credit Card
ORD001842,2028-01-16,Electronics,Pressure Cooker,20643.33,7,144503.31,Delhi,4.9,Wallet
ORD001843,2028-01-17,Electronics,Cricket Bat,48118.14,9,433063.26,Chennai,4.7,UPI
ORD001844,2028-01-18,Home & Kitchen,Jeans,26350.35,7,184452.45,Mumbai,4.9,Wallet
ORD001845,2028-01-19,Sports,Headphones,27882.25,6,167293.5,Ahmedabad,4.5,Credit Card
ORD001846,2028-01-20,Sports,T-shirt,47109.25,4,188437.0,Bangalore,3.9,Credit Card
ORD001847,2028-01-21,Electronics,Smartphone,46096.78,2,92193.56,Indore,4.9,Cash on Delivery
ORD001848,2028-01-22,Fashion,Mixer,44263.54,9,398371.86,Ahmedabad,3.9,Cash on Delivery
ORD001849,2028-01-23,Beauty,Laptop,5350.74,5,26753.7,Ahmedabad,3.7,Wallet
ORD001850,2028-01-24,Fashion,T-shirt,31897.72,5,159488.6,Bangalore,3.9,Cash on Delivery
ORD001851,2028-01-25,Fashion,Lipstick,40500.9,3,121502.7,Delhi,4.6,Wallet
ORD001852,2028-01-26,Electronics,T-shirt,41860.95,3,125582.85,Hyderabad,4.8,Cash on Delivery
ORD001853,2028-01-27,Electronics,T-shirt,29106.4,1,29106.4,Ahmedabad,3.7,Credit Card
ORD001854,2028-01-28,Electronics,Football,1366.03,5,6830.15,Bangalore,3.9,Cash on Delivery
ORD001855,2028-01-29,Electronics,Lipstick,48698.79,3,146096.37,Pune,4.8,UPI
ORD001856,2028-01-30,Sports,Mixer,23873.74,2,47747.48,Ahmedabad,3.1,Credit Card
ORD001857,2028-01-31,Electronics,Pressure Cooker,19983.0,9,179847.0,Delhi,4.6,UPI
ORD001858,2028-02-01,Sports,Saree,20049.96,6,120299.76,Hyderabad,3.9,Credit Card
ORD001859,2028-02-02,Sports,Smartphone,21495.47,3,64486.41,Mumbai,3.8,Wallet
ORD001860,2028-02-03,Electronics,T-shirt,12487.95,7,87415.65,Pune,3.9,Credit Card
ORD001861,2028-02-04,Home & Kitchen,T-shirt,16703.01,9,150327.09,Mumbai,3.8,Cash on Delivery
ORD001862,2028-02-05,Beauty,Face Cream,49275.2,9,443476.8,Delhi,4.5,UPI
ORD001863,2028-02-06,Fashion,Lipstick,18724.32,1,18724.32,Pune,4.9,Credit Card
ORD001864,2028-02-07,Sports,Headphones,26572.89,2,53145.78,Delhi,4.0,Wallet
ORD001865,2028-02-08,Beauty,T-shirt,42490.57,8,339924.56,Mumbai,4.7,UPI
ORD001866,2028-02-09,Home & Kitchen,T-shirt,26607.68,1,26607.68,Delhi,4.5,Credit Card
ORD001867,2028-02-10,Fashion,Lipstick,16560.44,3,49681.32,Pune,3.7,Wallet
ORD001868,2028-02-11,Fashion,Headphones,26425.67,7,184979.69,Chennai,4.2,Credit Card
ORD001869,2028-02-12,Sports,Lipstick,6147.27,8,49178.16,Bangalore,4.3,Credit Card
ORD001870,2028-02-13,Electronics,Football,6935.34,5,34676.7,Chennai,3.0,UPI
ORD001871,2028-02-14,Home & Kitchen,Pressure Cooker,34858.32,2,69716.64,Hyderabad,3.8,Credit Card
ORD001872,2028-02-15,Sports,T-shirt,45914.3,3,137742.9,Delhi,5.0,UPI
ORD001873,2028-02-16,Home & Kitchen,Jeans,36421.07,9,327789.63,Delhi,4.3,UPI
ORD001874,2028-02-17,Electronics,Smartphone,4193.36,7,29353.52,Pune,3.7,Cash on Delivery
ORD001875,2028-02-18,Electronics,Headphones,20443.33,1,20443.33,Hyderabad,3.5,UPI
ORD001876,2028-02-19,Sports,Jeans,626.4,3,1879.2,Pune,3.4,Credit Card
ORD001877,2028-02-20,Electronics,Lipstick,25804.73,9,232242.57,Bangalore,3.8,Credit Card
ORD001878,2028-02-21,Beauty,Face Cream,10063.62,7,70445.34,Mumbai,3.4,Credit Card
ORD001879,2028-02-22,Fashion,T-shirt,43473.26,2,86946.52,Ahmedabad,3.3,Credit Card
ORD001880,2028-02-23,Sports,Face Cream,5664.59,6,33987.54,Chennai,3.7,UPI
ORD001881,2028-02-24,Home & Kitchen,Football,570.95,9,5138.55,Bangalore,4.2,Cash on Delivery
ORD001882,2028-02-25,Beauty,Face Cream,22831.73,4,91326.92,Mumbai,3.3,UPI
ORD001883,2028-02-26,Sports,Lipstick,8193.95,2,16387.9,Mumbai,3.1,Credit Card
ORD001884,2028-02-27,Electronics,Football,37030.33,3,111090.99,Delhi,3.1,UPI
ORD001885,2028-02-28,Electronics,Face Cream,46036.77,7,322257.39,Hyderabad,3.5,Cash on Delivery
ORD001886,2028-02-29,Electronics,Saree,2575.93,4,10303.72,Indore,3.4,Wallet
ORD001887,2028-03-01,Electronics,Saree,20081.31,7,140569.17,Ahmedabad,4.1,Cash on Delivery
ORD001888,2028-03-02,Home & Kitchen,Pressure Cooker,49842.34,5,249211.7,Delhi,3.9,Cash on Delivery
ORD001889,2028-03-03,Beauty,T-shirt,36767.26,8,294138.08,Pune,3.6,Wallet
ORD001890,2028-03-04,Fashion,T-shirt,47682.79,8,381462.32,Indore,4.7,Cash on Delivery
ORD001891,2028-03-05,Home & Kitchen,Jeans,8622.12,5,43110.6,Ahmedabad,4.0,Cash on Delivery
ORD001892,2028-03-06,Home & Kitchen,Football,11457.74,7,80204.18,Hyderabad,3.2,UPI
ORD001893,2028-03-07,Fashion,Cricket Bat,8163.16,6,48978.96,Ahmedabad,3.6,Cash on Delivery
ORD001894,2028-03-08,Fashion,T-shirt,15467.27,8,123738.16,Delhi,4.9,Cash on Delivery
ORD001895,2028-03-09,Electronics,Pressure Cooker,36357.01,9,327213.09,Chennai,5.0,Credit Card
ORD001896,2028-03-10,Home & Kitchen,Headphones,8664.86,5,43324.3,Delhi,3.5,Cash on Delivery
ORD001897,2028-03-11,Sports,Face Cream,26449.58,7,185147.06,Chennai,3.3,UPI
ORD001898,2028-03-12,Fashion,Headphones,13825.89,1,13825.89,Indore,4.0,Wallet
ORD001899,2028-03-13,Fashion,Lipstick,41545.19,8,332361.52,Bangalore,4.0,Credit Card
ORD001900,2028-03-14,Beauty,Jeans,826.32,3,2478.96,Bangalore,3.8,UPI
ORD001901,2028-03-15,Sports,Face Cream,11544.19,1,11544.19,Indore,4.1,Credit Card
ORD001902,2028-03-16,Sports,Football,30459.42,6,182756.52,Indore,3.5,Cash on Delivery
ORD001903,2028-03-17,Fashion,Face Cream,5287.17,8,42297.36,Delhi,3.2,UPI
ORD001904,2028-03-18,Electronics,Mixer,23582.45,3,70747.35,Bangalore,4.1,Credit Card
ORD001905,2028-03-19,Beauty,Football,22092.26,1,22092.26,Mumbai,4.9,UPI
ORD001906,2028-03-20,Sports,Laptop,42699.89,3,128099.67,Ahmedabad,3.3,Credit Card
ORD001907,2028-03-21,Fashion,Lipstick,31457.16,5,157285.8,Chennai,4.4,Cash on Delivery
ORD001908,2028-03-22,Sports,T-shirt,32165.25,8,257322.0,Indore,3.9,Wallet
ORD001909,2028-03-23,Beauty,Lipstick,47614.48,9,428530.32,Pune,3.6,Wallet
ORD001910,2028-03-24,Beauty,Football,49126.84,9,442141.56,Hyderabad,4.7,UPI
ORD001911,2028-03-25,Home & Kitchen,Mixer,32843.04,4,131372.16,Chennai,3.9,Wallet
ORD001912,2028-03-26,Fashion,Laptop,26339.07,8,210712.56,Delhi,4.2,UPI
ORD001913,2028-03-27,Beauty,Football,30592.04,5,152960.2,Bangalore,3.9,UPI
ORD001914,2028-03-28,Home & Kitchen,Mixer,19430.96,3,58292.88,Bangalore,3.2,Cash on Delivery
ORD001915,2028-03-29,Home & Kitchen,Mixer,49379.1,5,246895.5,Ahmedabad,4.2,Cash on Delivery
ORD001916,2028-03-30,Sports,Saree,35398.55,2,70797.1,Mumbai,3.8,Credit Card
ORD001917,2028-03-31,Sports,Face Cream,14904.84,6,89429.04,Bangalore,3.2,UPI
ORD001918,2028-04-01,Home & Kitchen,Headphones,3359.43,1,3359.43,Delhi,4.2,Credit Card
ORD001919,2028-04-02,Sports,Football,2713.74,6,16282.44,Delhi,3.0,Credit Card
ORD001920,2028-04-03,Beauty,Football,10643.19,5,53215.95,Hyderabad,3.4,Cash on Delivery
ORD001921,2028-04-04,Electronics,Cricket Bat,12029.2,9,108262.8,Chennai,4.6,UPI
ORD001922,2028-04-05,Beauty,Football,21044.75,7,147313.25,Pune,3.1,Cash on Delivery
ORD001923,2028-04-06,Home & Kitchen,T-shirt,11134.88,6,66809.28,Ahmedabad,4.3,UPI
ORD001924,2028-04-07,Home & Kitchen,Pressure Cooker,31730.07,7,222110.49,Chennai,4.9,Wallet
ORD001925,2028-04-08,Beauty,Jeans,10957.11,5,54785.55,Chennai,3.3,Wallet
ORD001926,2028-04-09,Sports,Lipstick,9799.89,1,9799.89,Pune,3.8,Credit Card
ORD001927,2028-04-10,Sports,T-shirt,23826.23,9,214436.07,Ahmedabad,4.2,Cash on Delivery
ORD001928,2028-04-11,Home & Kitchen,Face Cream,44489.1,5,222445.5,Hyderabad,3.9,Cash on Delivery
ORD001929,2028-04-12,Fashion,Saree,23681.12,4,94724.48,Hyderabad,4.2,UPI
ORD001930,2028-04-13,Sports,Headphones,20985.51,6,125913.06,Hyderabad,3.8,Credit Card
ORD001931,2028-04-14,Beauty,Lipstick,29115.7,5,145578.5,Mumbai,3.3,Cash on Delivery
ORD001932,2028-04-15,Sports,Jeans,13232.08,1,13232.08,Hyderabad,3.2,Credit Card
ORD001933,2028-04-16,Beauty,Cricket Bat,17995.11,2,35990.22,Ahmedabad,4.5,Cash on Delivery
ORD001934,2028-04-17,Home & Kitchen,Face Cream,11084.85,4,44339.4,Bangalore,3.5,Wallet
ORD001935,2028-04-18,Sports,T-shirt,28804.59,8,230436.72,Indore,4.7,Cash on Delivery
ORD001936,2028-04-19,Beauty,Pressure Cooker,35020.68,5,175103.4,Mumbai,4.5,Cash on Delivery
ORD001937,2028-04-20,Home & Kitchen,Headphones,33848.08,7,236936.56,Pune,3.1,Wallet
ORD001938,2028-04-21,Fashion,Smartphone,13113.48,2,26226.96,Bangalore,3.4,Credit Card
ORD001939,2028-04-22,Beauty,T-shirt,39092.59,8,312740.72,Pune,3.6,Credit Card
ORD001940,2028-04-23,Fashion,Face Cream,13169.71,5,65848.55,Chennai,4.2,Credit Card
ORD001941,2028-04-24,Fashion,Mixer,7940.42,4,31761.68,Delhi,4.6,Wallet
ORD001942,2028-04-25,Electronics,Mixer,17815.53,9,160339.77,Chennai,3.1,Wallet
ORD001943,2028-04-26,Sports,Pressure Cooker,30088.33,6,180529.98,Hyderabad,3.5,Wallet
ORD001944,2028-04-27,Beauty,Laptop,7529.09,4,30116.36,Delhi,3.8,Credit Card
ORD001945,2028-04-28,Fashion,Pressure Cooker,32580.31,8,260642.48,Chennai,3.4,Credit Card
ORD001946,2028-04-29,Electronics,Headphones,43221.87,3,129665.61,Mumbai,4.1,Credit Card
ORD001947,2028-04-30,Home & Kitchen,Mixer,15010.46,2,30020.92,Hyderabad,4.0,Credit Card
ORD001948,2028-05-01,Beauty,Cricket Bat,22785.23,7,159496.61,Chennai,3.6,UPI
ORD001949,2028-05-02,Fashion,Cricket Bat,11801.37,4,47205.48,Delhi,4.0,Wallet
ORD001950,2028-05-03,Sports,Mixer,18382.46,4,73529.84,Bangalore,3.7,Wallet
ORD001951,2028-05-04,Electronics,Headphones,1587.54,9,14287.86,Chennai,3.7,Wallet
ORD001952,2028-05-05,Fashion,Saree,47711.59,2,95423.18,Mumbai,3.5,Credit Card
ORD001953,2028-05-06,Sports,Jeans,21086.57,1,21086.57,Delhi,4.1,Credit Card
ORD001954,2028-05-07,Fashion,Jeans,39549.07,7,276843.49,Chennai,3.9,UPI
ORD001955,2028-05-08,Beauty,Headphones,7560.85,8,60486.8,Bangalore,3.4,UPI
ORD001956,2028-05-09,Beauty,Smartphone,40711.57,3,122134.71,Hyderabad,3.0,Credit Card
ORD001957,2028-05-10,Beauty,Jeans,43077.29,2,86154.58,Ahmedabad,3.3,Credit Card
ORD001958,2028-05-11,Electronics,Lipstick,35916.12,4,143664.48,Hyderabad,3.1,Credit Card
ORD001959,2028-05-12,Beauty,Jeans,45208.81,2,90417.62,Pune,3.9,Wallet
ORD001960,2028-05-13,Sports,Lipstick,8776.26,2,17552.52,Hyderabad,3.5,UPI
ORD001961,2028-05-14,Fashion,Mixer,24085.85,5,120429.25,Indore,3.8,Wallet
ORD001962,2028-05-15,Home & Kitchen,Saree,31195.42,5,155977.1,Delhi,3.7,Cash on Delivery
ORD001963,2028-05-16,Sports,Pressure Cooker,30011.55,8,240092.4,Pune,4.1,Cash on Delivery
ORD001964,2028-05-17,Sports,Saree,43121.53,9,388093.77,Pune,4.4,Cash on Delivery
ORD001965,2028-05-18,Beauty,Jeans,11176.72,2,22353.44,Pune,4.0,Cash on Delivery
ORD001966,2028-05-19,Electronics,Jeans,9194.37,1,9194.37,Indore,3.1,Wallet
ORD001967,2028-05-20,Fashion,Football,13042.24,3,39126.72,Pune,3.0,Cash on Delivery
ORD001968,2028-05-21,Electronics,Headphones,44631.73,6,267790.38,Bangalore,3.4,Credit Card
ORD001969,2028-05-22,Fashion,Pressure Cooker,47080.84,5,235404.2,Ahmedabad,3.8,Cash on Delivery
ORD001970,2028-05-23,Fashion,Jeans,28696.69,8,229573.52,Bangalore,3.1,Credit Card
ORD001971,2028-05-24,Electronics,Laptop,25317.91,8,202543.28,Chennai,3.7,Wallet
ORD001972,2028-05-25,Sports,Laptop,30466.59,2,60933.18,Hyderabad,4.8,UPI
ORD001973,2028-05-26,Fashion,Smartphone,31007.23,9,279065.07,Delhi,3.2,UPI
ORD001974,2028-05-27,Electronics,Mixer,8930.08,4,35720.32,Indore,4.9,Cash on Delivery
ORD001975,2028-05-28,Fashion,Lipstick,34477.34,1,34477.34,Indore,4.7,UPI
ORD001976,2028-05-29,Home & Kitchen,Saree,22891.38,2,45782.76,Hyderabad,4.7,Credit Card
ORD001977,2028-05-30,Sports,Mixer,26110.41,6,156662.46,Indore,4.7,Cash on Delivery
ORD001978,2028-05-31,Beauty,Lipstick,2000.67,5,10003.35,Hyderabad,3.2,Cash on Delivery
ORD001979,2028-06-01,Fashion,Lipstick,38345.55,7,268418.85,Ahmedabad,3.3,Credit Card
ORD001980,2028-06-02,Home & Kitchen,T-shirt,41853.68,9,376683.12,Chennai,3.3,Credit Card
ORD001981,2028-06-03,Beauty,Football,31161.37,6,186968.22,Chennai,3.2,Wallet
ORD001982,2028-06-04,Beauty,Jeans,37561.82,6,225370.92,Chennai,3.7,Credit Card
ORD001983,2028-06-05,Fashion,Smartphone,26373.95,2,52747.9,Mumbai,4.7,Wallet
ORD001984,2028-06-06,Electronics,Jeans,31108.49,7,217759.43,Mumbai,3.5,Cash on Delivery
ORD001985,2028-06-07,Fashion,Smartphone,20031.3,2,40062.6,Indore,3.5,UPI
ORD001986,2028-06-08,Home & Kitchen,Mixer,39697.78,7,277884.46,Delhi,4.4,UPI
ORD001987,2028-06-09,Beauty,Face Cream,23679.41,8,189435.28,Delhi,3.2,Wallet
ORD001988,2028-06-10,Fashion,Face Cream,34170.54,1,34170.54,Chennai,3.7,UPI
ORD001989,2028-06-11,Electronics,Headphones,31260.75,9,281346.75,Bangalore,3.6,UPI
ORD001990,2028-06-12,Fashion,Headphones,35264.57,8,282116.56,Delhi,4.7,Cash on Delivery
ORD001991,2028-06-13,Sports,Mixer,39368.19,9,354313.71,Indore,4.0,Wallet
ORD001992,2028-06-14,Electronics,Pressure Cooker,25879.32,5,129396.6,Pune,4.3,Credit Card
ORD001993,2028-06-15,Home & Kitchen,Laptop,40746.76,4,162987.04,Mumbai,3.3,UPI
ORD001994,2028-06-16,Beauty,Football,25114.23,1,25114.23,Ahmedabad,4.9,Cash on Delivery
ORD001995,2028-06-17,Fashion,Lipstick,47853.4,9,430680.6,Pune,3.6,Cash on Delivery
ORD001996,2028-06-18,Electronics,Smartphone,37757.25,4,151029.0,Pune,4.4,UPI
ORD001997,2028-06-19,Sports,Cricket Bat,8971.51,4,35886.04,Indore,4.9,Credit Card
ORD001998,2028-06-20,Electronics,Face Cream,41564.43,4,166257.72,Indore,4.0,Credit Card
ORD001999,2028-06-21,Sports,Jeans,27803.59,2,55607.18,Mumbai,4.0,Wallet
ORD002000,2028-06-22,Home & Kitchen,Mixer,49230.82,4,196923.28,Ahmedabad,3.2,Wallet
ORD002001,2028-06-23,Beauty,Lipstick,36081.54,2,72163.08,Hyderabad,3.8,Wallet
ORD002002,2028-06-24,Home & Kitchen,Face Cream,4677.34,8,37418.72,Pune,4.7,Cash on Delivery
ORD002003,2028-06-25,Fashion,Smartphone,20050.54,7,140353.78,Chennai,3.3,Credit Card
ORD002004,2028-06-26,Electronics,Saree,26105.13,2,52210.26,Ahmedabad,4.8,Wallet
ORD002005,2028-06-27,Sports,Pressure Cooker,42031.17,2,84062.34,Pune,4.3,Cash on Delivery
ORD002006,2028-06-28,Sports,Jeans,36602.6,2,73205.2,Indore,3.8,Credit Card
ORD002007,2028-06-29,Electronics,Headphones,18783.32,1,18783.32,Ahmedabad,4.1,UPI
ORD002008,2028-06-30,Electronics,Mixer,32844.92,6,197069.52,Bangalore,3.3,Wallet
ORD002009,2028-07-01,Fashion,Face Cream,29057.09,6,174342.54,Ahmedabad,3.4,Wallet
ORD002010,2028-07-02,Home & Kitchen,Headphones,6739.6,1,6739.6,Chennai,3.6,Credit Card
ORD002011,2028-07-03,Sports,Smartphone,12125.51,1,12125.51,Pune,3.8,UPI
ORD002012,2028-07-04,Fashion,Headphones,17385.55,6,104313.3,Mumbai,4.8,UPI
ORD002013,2028-07-05,Home & Kitchen,Face Cream,10176.43,6,61058.58,Bangalore,3.7,Cash on Delivery
ORD002014,2028-07-06,Fashion,Face Cream,7931.63,4,31726.52,Delhi,4.0,Wallet
ORD002015,2028-07-07,Sports,Jeans,3380.79,3,10142.37,Hyderabad,3.3,UPI
ORD002016,2028-07-08,Electronics,Laptop,43718.58,9,393467.22,Indore,4.5,Cash on Delivery
ORD002017,2028-07-09,Electronics,Face Cream,14802.7,6,88816.2,Mumbai,4.1,Wallet
ORD002018,2028-07-10,Home & Kitchen,Lipstick,14870.87,1,14870.87,Hyderabad,3.9,Wallet
ORD002019,2028-07-11,Beauty,Laptop,10708.29,3,32124.87,Indore,4.9,Wallet
ORD002020,2028-07-12,Home & Kitchen,Mixer,24032.17,1,24032.17,Pune,4.8,Wallet
ORD002021,2028-07-13,Beauty,Laptop,25954.98,3,77864.94,Pune,4.3,UPI
ORD002022,2028-07-14,Fashion,T-shirt,10809.93,2,21619.86,Indore,4.8,UPI
ORD002023,2028-07-15,Fashion,Face Cream,30624.23,5,153121.15,Ahmedabad,4.1,UPI
ORD002024,2028-07-16,Sports,Lipstick,36288.5,3,108865.5,Chennai,4.7,Credit Card
ORD002025,2028-07-17,Beauty,Smartphone,19005.08,7,133035.56,Bangalore,3.8,Credit Card
ORD002026,2028-07-18,Sports,Lipstick,29479.86,8,235838.88,Chennai,3.2,Wallet
ORD002027,2028-07-19,Electronics,T-shirt,25363.94,7,177547.58,Ahmedabad,5.0,UPI
ORD002028,2028-07-20,Beauty,Cricket Bat,10179.65,2,20359.3,Hyderabad,3.3,Cash on Delivery
ORD002029,2028-07-21,Home & Kitchen,Laptop,36635.54,7,256448.78,Pune,3.5,UPI
ORD002030,2028-07-22,Electronics,Lipstick,40171.92,3,120515.76,Mumbai,3.3,Cash on Delivery
ORD002031,2028-07-23,Electronics,Headphones,32615.26,7,228306.82,Hyderabad,3.7,Wallet
ORD002032,2028-07-24,Home & Kitchen,Smartphone,16532.85,1,16532.85,Mumbai,3.6,Wallet
ORD002033,2028-07-25,Electronics,Face Cream,46376.23,2,92752.46,Pune,4.2,Wallet
ORD002034,2028-07-26,Beauty,Face Cream,23040.24,1,23040.24,Pune,5.0,UPI
ORD002035,2028-07-27,Sports,Saree,13660.99,9,122948.91,Hyderabad,3.1,UPI
ORD002036,2028-07-28,Electronics,Mixer,20707.61,2,41415.22,Ahmedabad,4.6,Cash on Delivery
ORD002037,2028-07-29,Beauty,Mixer,34757.72,2,69515.44,Chennai,3.3,Cash on Delivery
ORD002038,2028-07-30,Fashion,Football,42373.62,6,254241.72,Ahmedabad,3.0,Credit Card
ORD002039,2028-07-31,Beauty,Mixer,18150.49,7,127053.43,Pune,4.3,Wallet
ORD002040,2028-08-01,Sports,Lipstick,12014.91,2,24029.82,Hyderabad,4.7,Cash on Delivery
ORD002041,2028-08-02,Beauty,Laptop,31511.41,4,126045.64,Delhi,3.4,UPI
ORD002042,2028-08-03,Home & Kitchen,Lipstick,46100.15,3,138300.45,Pune,3.7,Cash on Delivery
ORD002043,2028-08-04,Sports,Face Cream,9573.02,5,47865.1,Chennai,3.3,Credit Card
ORD002044,2028-08-05,Fashion,Jeans,40249.46,9,362245.14,Hyderabad,4.8,UPI
ORD002045,2028-08-06,Home & Kitchen,Headphones,24092.06,2,48184.12,Hyderabad,3.5,UPI
ORD002046,2028-08-07,Beauty,Face Cream,40075.87,5,200379.35,Bangalore,3.9,UPI
ORD002047,2028-08-08,Sports,Saree,25524.29,8,204194.32,Pune,4.8,Cash on Delivery
ORD002048,2028-08-09,Fashion,Saree,19177.72,6,115066.32,Chennai,4.1,Wallet
ORD002049,2028-08-10,Home & Kitchen,Headphones,34988.68,4,139954.72,Bangalore,4.9,Wallet
ORD002050,2028-08-11,Fashion,T-shirt,45081.05,8,360648.4,Chennai,4.9,Wallet
ORD002051,2028-08-12,Beauty,Pressure Cooker,16352.46,3,49057.38,Ahmedabad,3.9,Wallet
ORD002052,2028-08-13,Fashion,Face Cream,23307.03,4,93228.12,Mumbai,4.2,Wallet
ORD002053,2028-08-14,Electronics,Face Cream,11855.33,9,106697.97,Chennai,3.5,UPI
ORD002054,2028-08-15,Home & Kitchen,Jeans,9578.77,5,47893.85,Chennai,5.0,UPI
ORD002055,2028-08-16,Fashion,Smartphone,39005.56,6,234033.36,Hyderabad,3.6,Cash on Delivery
ORD002056,2028-08-17,Beauty,Saree,10432.87,2,20865.74,Delhi,4.6,UPI
ORD002057,2028-08-18,Beauty,Mixer,39769.25,9,357923.25,Indore,3.6,Cash on Delivery
ORD002058,2028-08-19,Fashion,Lipstick,21746.24,8,173969.92,Chennai,3.6,Cash on Delivery
ORD002059,2028-08-20,Beauty,T-shirt,49754.91,7,348284.37,Bangalore,3.2,Credit Card
ORD002060,2028-08-21,Sports,Face Cream,10268.4,9,92415.6,Delhi,4.1,UPI
ORD002061,2028-08-22,Sports,Pressure Cooker,5102.41,5,25512.05,Ahmedabad,3.5,Cash on Delivery
ORD002062,2028-08-23,Sports,Headphones,4233.94,5,21169.7,Chennai,3.3,Wallet
ORD002063,2028-08-24,Electronics,Cricket Bat,41853.19,9,376678.71,Delhi,3.5,Wallet
ORD002064,2028-08-25,Fashion,Smartphone,22169.93,5,110849.65,Ahmedabad,3.5,Credit Card
ORD002065,2028-08-26,Electronics,Pressure Cooker,654.66,9,5891.94,Mumbai,4.0,Cash on Delivery
ORD002066,2028-08-27,Beauty,Football,43801.18,1,43801.18,Delhi,3.8,UPI
ORD002067,2028-08-28,Electronics,Mixer,43907.59,8,351260.72,Mumbai,3.2,Wallet
ORD002068,2028-08-29,Beauty,Pressure Cooker,40417.63,3,121252.89,Delhi,4.1,Wallet
ORD002069,2028-08-30,Beauty,Saree,12791.76,8,102334.08,Delhi,4.6,Credit Card
ORD002070,2028-08-31,Home & Kitchen,Football,18951.26,5,94756.3,Bangalore,4.1,Wallet
ORD002071,2028-09-01,Sports,Face Cream,37373.85,2,74747.7,Indore,4.9,Cash on Delivery
ORD002072,2028-09-02,Beauty,Football,24722.98,9,222506.82,Bangalore,3.2,Credit Card
ORD002073,2028-09-03,Home & Kitchen,Lipstick,8114.42,4,32457.68,Hyderabad,4.6,Wallet
ORD002074,2028-09-04,Sports,Headphones,12518.51,7,87629.57,Delhi,4.0,UPI
ORD002075,2028-09-05,Beauty,Pressure Cooker,48643.18,8,389145.44,Mumbai,4.0,Cash on Delivery
ORD002076,2028-09-06,Beauty,Smartphone,7975.15,7,55826.05,Pune,4.0,Wallet
ORD002077,2028-09-07,Electronics,Pressure Cooker,36441.0,6,218646.0,Delhi,3.7,UPI
ORD002078,2028-09-08,Electronics,Face Cream,24161.91,7,169133.37,Pune,3.6,Cash on Delivery
ORD002079,2028-09-09,Sports,Cricket Bat,37555.78,4,150223.12,Chennai,4.3,Wallet
ORD002080,2028-09-10,Beauty,T-shirt,33225.11,1,33225.11,Mumbai,3.1,Credit Card
ORD002081,2028-09-11,Fashion,Saree,22238.78,5,111193.9,Chennai,4.2,UPI
ORD002082,2028-09-12,Electronics,Lipstick,18018.59,8,144148.72,Hyderabad,4.4,Wallet
ORD002083,2028-09-13,Sports,Mixer,37840.78,6,227044.68,Ahmedabad,3.7,Credit Card
ORD002084,2028-09-14,Beauty,Headphones,16495.49,5,82477.45,Chennai,3.4,Cash on Delivery
ORD002085,2028-09-15,Beauty,Headphones,39494.69,2,78989.38,Ahmedabad,3.4,Cash on Delivery
ORD002086,2028-09-16,Fashion,Football,34152.23,5,170761.15,Ahmedabad,3.2,UPI
ORD002087,2028-09-17,Sports,Football,29094.62,3,87283.86,Hyderabad,3.2,UPI
ORD002088,2028-09-18,Beauty,T-shirt,18755.64,2,37511.28,Hyderabad,3.3,Cash on Delivery
ORD002089,2028-09-19,Electronics,Laptop,10651.53,3,31954.59,Hyderabad,3.0,Credit Card
ORD002090,2028-09-20,Fashion,Laptop,35665.78,4,142663.12,Ahmedabad,3.5,Cash on Delivery
ORD002091,2028-09-21,Sports,Mixer,5021.79,2,10043.58,Chennai,3.6,Wallet
ORD002092,2028-09-22,Fashion,Pressure Cooker,48541.84,4,194167.36,Hyderabad,5.0,Wallet
ORD002093,2028-09-23,Electronics,Football,48948.02,4,195792.08,Hyderabad,5.0,Credit Card
ORD002094,2028-09-24,Sports,Cricket Bat,6946.02,6,41676.12,Bangalore,3.4,Wallet
ORD002095,2028-09-25,Fashion,Headphones,5644.8,5,28224.0,Pune,3.4,Wallet
ORD002096,2028-09-26,Home & Kitchen,Pressure Cooker,20929.48,7,146506.36,Ahmedabad,4.0,UPI
ORD002097,2028-09-27,Electronics,Headphones,48202.32,7,337416.24,Indore,3.3,Wallet
ORD002098,2028-09-28,Electronics,Football,20315.39,3,60946.17,Delhi,4.0,Credit Card
ORD002099,2028-09-29,Electronics,Headphones,18508.2,9,166573.8,Hyderabad,3.8,Cash on Delivery
ORD002100,2028-09-30,Home & Kitchen,Pressure Cooker,35327.46,7,247292.22,Mumbai,3.6,Credit Card
ORD002101,2028-10-01,Home & Kitchen,Football,9347.2,7,65430.4,Mumbai,4.6,UPI
ORD002102,2028-10-02,Beauty,Face Cream,18484.51,2,36969.02,Bangalore,4.7,Credit Card
ORD002103,2028-10-03,Fashion,T-shirt,14919.72,3,44759.16,Chennai,5.0,Cash on Delivery
ORD002104,2028-10-04,Beauty,Face Cream,30275.96,3,90827.88,Chennai,3.4,Cash on Delivery
ORD002105,2028-10-05,Fashion,Laptop,8556.27,6,51337.62,Chennai,4.8,Credit Card
ORD002106,2028-10-06,Home & Kitchen,Jeans,27660.71,4,110642.84,Ahmedabad,4.1,Cash on Delivery
ORD002107,2028-10-07,Home & Kitchen,Smartphone,42948.56,4,171794.24,Hyderabad,4.2,UPI
ORD002108,2028-10-08,Beauty,T-shirt,25951.44,1,25951.44,Indore,4.8,Credit Card
ORD002109,2028-10-09,Sports,Face Cream,34333.08,6,205998.48,Pune,4.9,Wallet
ORD002110,2028-10-10,Beauty,Saree,4224.78,8,33798.24,Indore,4.5,Credit Card
ORD002111,2028-10-11,Fashion,Cricket Bat,22725.78,8,181806.24,Chennai,3.7,Wallet
ORD002112,2028-10-12,Beauty,Cricket Bat,5197.21,8,41577.68,Chennai,4.0,Wallet
ORD002113,2028-10-13,Electronics,Smartphone,30173.35,5,150866.75,Delhi,4.2,Credit Card
ORD002114,2028-10-14,Fashion,Cricket Bat,14412.19,6,86473.14,Indore,4.7,Cash on Delivery
ORD002115,2028-10-15,Fashion,Pressure Cooker,14719.66,5,73598.3,Hyderabad,4.3,Wallet
ORD002116,2028-10-16,Sports,Cricket Bat,4299.95,4,17199.8,Hyderabad,3.7,Wallet
ORD002117,2028-10-17,Home & Kitchen,Jeans,15856.77,4,63427.08,Pune,3.8,Credit Card
ORD002118,2028-10-18,Fashion,Cricket Bat,25580.52,4,102322.08,Ahmedabad,3.1,Wallet
ORD002119,2028-10-19,Home & Kitchen,Headphones,29440.68,4,117762.72,Mumbai,4.8,Credit Card
ORD002120,2028-10-20,Beauty,T-shirt,3799.94,6,22799.64,Mumbai,3.2,Wallet
ORD002121,2028-10-21,Electronics,Pressure Cooker,32747.23,6,196483.38,Delhi,4.2,Wallet
ORD002122,2028-10-22,Sports,Laptop,24699.35,5,123496.75,Bangalore,4.7,Credit Card
ORD002123,2028-10-23,Home & Kitchen,Cricket Bat,27076.95,9,243692.55,Hyderabad,3.8,Credit Card
ORD002124,2028-10-24,Fashion,Mixer,41723.44,8,333787.52,Pune,4.6,UPI
ORD002125,2028-10-25,Home & Kitchen,Mixer,17440.21,6,104641.26,Mumbai,4.6,Cash on Delivery
ORD002126,2028-10-26,Fashion,Mixer,9115.53,9,82039.77,Chennai,3.1,UPI
ORD002127,2028-10-27,Home & Kitchen,Cricket Bat,27814.6,5,139073.0,Hyderabad,3.8,Credit Card
ORD002128,2028-10-28,Fashion,Saree,47278.58,4,189114.32,Hyderabad,4.4,Wallet
ORD002129,2028-10-29,Beauty,Face Cream,26134.55,6,156807.3,Hyderabad,3.8,Cash on Delivery
ORD002130,2028-10-30,Fashion,Headphones,41679.65,4,166718.6,Indore,4.1,Credit Card
ORD002131,2028-10-31,Fashion,Lipstick,37973.09,8,303784.72,Mumbai,4.2,UPI
ORD002132,2028-11-01,Electronics,Cricket Bat,26157.37,7,183101.59,Delhi,3.3,Wallet
ORD002133,2028-11-02,Fashion,Saree,32553.96,5,162769.8,Mumbai,3.8,Wallet
ORD002134,2028-11-03,Electronics,Face Cream,20630.67,6,123784.02,Ahmedabad,3.1,Credit Card
ORD002135,2028-11-04,Sports,Lipstick,26766.12,7,187362.84,Chennai,3.3,Wallet
ORD002136,2028-11-05,Electronics,Smartphone,25610.64,2,51221.28,Chennai,4.0,UPI
ORD002137,2028-11-06,Beauty,Jeans,35600.96,9,320408.64,Bangalore,4.1,Wallet
ORD002138,2028-11-07,Electronics,Headphones,20794.08,7,145558.56,Mumbai,3.3,UPI
ORD002139,2028-11-08,Sports,Cricket Bat,5438.47,8,43507.76,Mumbai,4.5,Wallet
ORD002140,2028-11-09,Beauty,T-shirt,39541.12,5,197705.6,Bangalore,3.7,Cash on Delivery
ORD002141,2028-11-10,Home & Kitchen,Pressure Cooker,34400.22,3,103200.66,Ahmedabad,4.8,Credit Card
ORD002142,2028-11-11,Home & Kitchen,T-shirt,47531.11,2,95062.22,Bangalore,3.8,Credit Card
ORD002143,2028-11-12,Electronics,Face Cream,21721.45,2,43442.9,Hyderabad,3.3,Wallet
ORD002144,2028-11-13,Electronics,T-shirt,4371.18,3,13113.54,Hyderabad,4.5,Credit Card
ORD002145,2028-11-14,Sports,Football,6520.14,1,6520.14,Ahmedabad,4.1,Cash on Delivery
ORD002146,2028-11-15,Sports,Smartphone,38779.32,1,38779.32,Chennai,3.8,UPI
ORD002147,2028-11-16,Fashion,Pressure Cooker,3853.99,7,26977.93,Pune,3.7,Cash on Delivery
ORD002148,2028-11-17,Sports,Smartphone,45437.39,8,363499.12,Pune,3.3,Cash on Delivery
ORD002149,2028-11-18,Fashion,Lipstick,14441.68,6,86650.08,Pune,3.7,UPI
ORD002150,2028-11-19,Beauty,Smartphone,44994.51,7,314961.57,Pune,3.1,Credit Card
ORD002151,2028-11-20,Electronics,Mixer,38788.59,1,38788.59,Delhi,4.0,UPI
ORD002152,2028-11-21,Beauty,Jeans,43624.45,1,43624.45,Chennai,4.8,UPI
ORD002153,2028-11-22,Sports,Mixer,11094.96,9,99854.64,Indore,4.6,UPI
ORD002154,2028-11-23,Beauty,Cricket Bat,29986.83,5,149934.15,Mumbai,3.1,Credit Card
ORD002155,2028-11-24,Beauty,Lipstick,5132.66,7,35928.62,Pune,4.8,UPI
ORD002156,2028-11-25,Beauty,Football,10512.9,6,63077.4,Delhi,3.9,Cash on Delivery
ORD002157,2028-11-26,Sports,Saree,15840.16,4,63360.64,Hyderabad,3.4,UPI
ORD002158,2028-11-27,Beauty,Lipstick,37170.22,1,37170.22,Bangalore,4.5,UPI
ORD002159,2028-11-28,Fashion,Saree,1723.36,4,6893.44,Bangalore,3.6,Wallet
ORD002160,2028-11-29,Sports,Jeans,45204.31,8,361634.48,Ahmedabad,3.5,Wallet
ORD002161,2028-11-30,Beauty,Smartphone,4004.77,1,4004.77,Pune,3.3,Cash on Delivery
ORD002162,2028-12-01,Sports,Smartphone,19136.26,2,38272.52,Chennai,4.0,Credit Card
ORD002163,2028-12-02,Home & Kitchen,Pressure Cooker,4513.94,8,36111.52,Pune,3.2,Wallet
ORD002164,2028-12-03,Fashion,Cricket Bat,38563.91,2,77127.82,Mumbai,4.6,Cash on Delivery
ORD002165,2028-12-04,Beauty,T-shirt,7495.09,9,67455.81,Mumbai,3.9,Wallet
ORD002166,2028-12-05,Home & Kitchen,Laptop,44295.47,3,132886.41,Bangalore,3.9,Wallet
ORD002167,2028-12-06,Home & Kitchen,Lipstick,26745.99,3,80237.97,Ahmedabad,3.0,Credit Card
ORD002168,2028-12-07,Sports,Lipstick,47449.4,6,284696.4,Chennai,4.6,Credit Card
ORD002169,2028-12-08,Home & Kitchen,Cricket Bat,14872.87,3,44618.61,Indore,4.0,Wallet
ORD002170,2028-12-09,Fashion,Mixer,22988.65,9,206897.85,Chennai,3.9,Wallet
ORD002171,2028-12-10,Fashion,Headphones,34865.22,8,278921.76,Hyderabad,4.5,Credit Card
ORD002172,2028-12-11,Electronics,Cricket Bat,41679.71,4,166718.84,Pune,3.1,Credit Card
ORD002173,2028-12-12,Fashion,Laptop,21357.18,6,128143.08,Hyderabad,3.7,Cash on Delivery
ORD002174,2028-12-13,Home & Kitchen,Smartphone,44675.41,8,357403.28,Hyderabad,4.2,Wallet
ORD002175,2028-12-14,Fashion,Saree,6340.37,4,25361.48,Pune,3.9,Credit Card
ORD002176,2028-12-15,Sports,Mixer,35579.89,5,177899.45,Indore,3.4,Wallet
ORD002177,2028-12-16,Electronics,Football,17735.85,7,124150.95,Delhi,3.6,Cash on Delivery
ORD002178,2028-12-17,Home & Kitchen,Face Cream,5516.11,8,44128.88,Chennai,3.6,UPI
ORD002179,2028-12-18,Electronics,Mixer,19639.9,7,137479.3,Chennai,5.0,Wallet
ORD002180,2028-12-19,Home & Kitchen,Football,44070.67,8,352565.36,Indore,3.7,Cash on Delivery
ORD002181,2028-12-20,Sports,Pressure Cooker,49036.43,4,196145.72,Pune,3.4,UPI
ORD002182,2028-12-21,Electronics,Jeans,19943.59,1,19943.59,Hyderabad,4.6,Wallet
ORD002183,2028-12-22,Beauty,Laptop,44377.61,6,266265.66,Bangalore,3.8,Cash on Delivery
ORD002184,2028-12-23,Home & Kitchen,Mixer,25727.89,5,128639.45,Ahmedabad,3.9,UPI
ORD002185,2028-12-24,Beauty,Laptop,35992.24,4,143968.96,Hyderabad,4.1,Cash on Delivery
ORD002186,2028-12-25,Electronics,Football,2745.89,2,5491.78,Delhi,4.2,Cash on Delivery
ORD002187,2028-12-26,Beauty,Cricket Bat,28086.94,1,28086.94,Indore,4.2,Cash on Delivery
ORD002188,2028-12-27,Beauty,Face Cream,3973.02,9,35757.18,Pune,3.1,Cash on Delivery
ORD002189,2028-12-28,Electronics,Saree,13796.59,2,27593.18,Ahmedabad,4.6,UPI
ORD002190,2028-12-29,Sports,Saree,28557.31,9,257015.79,Bangalore,3.4,Credit Card
ORD002191,2028-12-30,Beauty,Face Cream,40454.61,6,242727.66,Chennai,3.6,Cash on Delivery
ORD002192,2028-12-31,Beauty,Lipstick,28264.24,6,169585.44,Delhi,3.3,UPI
ORD002193,2029-01-01,Sports,Smartphone,46841.48,2,93682.96,Delhi,4.5,Cash on Delivery
ORD002194,2029-01-02,Beauty,Lipstick,40611.46,6,243668.76,Ahmedabad,4.2,Wallet
ORD002195,2029-01-03,Beauty,Mixer,8233.89,3,24701.67,Indore,4.5,Wallet
ORD002196,2029-01-04,Beauty,Jeans,19753.45,7,138274.15,Bangalore,4.3,Credit Card
ORD002197,2029-01-05,Fashion,Football,33590.03,4,134360.12,Hyderabad,3.2,UPI
ORD002198,2029-01-06,Sports,Lipstick,46951.1,9,422559.9,Hyderabad,3.6,Wallet
ORD002199,2029-01-07,Beauty,Lipstick,49391.94,5,246959.7,Mumbai,4.0,UPI
ORD002200,2029-01-08,Sports,Lipstick,38277.73,3,114833.19,Bangalore,3.6,Wallet
ORD002201,2029-01-09,Home & Kitchen,Laptop,28901.58,1,28901.58,Hyderabad,3.4,UPI
ORD002202,2029-01-10,Home & Kitchen,Cricket Bat,37952.18,1,37952.18,Delhi,4.7,Cash on Delivery
ORD002203,2029-01-11,Beauty,Jeans,14025.2,4,56100.8,Indore,4.5,Cash on Delivery
ORD002204,2029-01-12,Sports,Football,14538.35,4,58153.4,Hyderabad,3.7,Wallet
ORD002205,2029-01-13,Sports,Saree,32890.29,9,296012.61,Indore,4.5,Credit Card
ORD002206,2029-01-14,Sports,Pressure Cooker,43655.86,8,349246.88,Ahmedabad,4.3,Wallet
ORD002207,2029-01-15,Fashion,Laptop,48505.57,4,194022.28,Ahmedabad,3.0,Wallet
ORD002208,2029-01-16,Home & Kitchen,Mixer,17396.06,6,104376.36,Hyderabad,3.8,Credit Card
ORD002209,2029-01-17,Sports,Jeans,39929.4,7,279505.8,Indore,3.6,Cash on Delivery
ORD002210,2029-01-18,Sports,Saree,42650.77,8,341206.16,Delhi,3.4,Cash on Delivery
ORD002211,2029-01-19,Fashion,Jeans,31347.08,4,125388.32,Bangalore,3.5,Wallet
ORD002212,2029-01-20,Fashion,Headphones,17705.8,1,17705.8,Mumbai,4.9,UPI
ORD002213,2029-01-21,Sports,Headphones,31144.88,5,155724.4,Indore,4.0,Wallet
ORD002214,2029-01-22,Electronics,Lipstick,29430.22,1,29430.22,Hyderabad,4.7,Cash on Delivery
ORD002215,2029-01-23,Sports,Lipstick,30523.01,4,122092.04,Indore,3.4,UPI
ORD002216,2029-01-24,Sports,Face Cream,31153.38,7,218073.66,Indore,3.3,Credit Card
ORD002217,2029-01-25,Fashion,Headphones,42429.38,7,297005.66,Hyderabad,4.8,Cash on Delivery
ORD002218,2029-01-26,Fashion,Football,8919.03,1,8919.03,Pune,4.0,Credit Card
ORD002219,2029-01-27,Sports,Football,18681.05,9,168129.45,Hyderabad,4.8,Cash on Delivery
ORD002220,2029-01-28,Sports,Pressure Cooker,29507.09,2,59014.18,Bangalore,3.1,Cash on Delivery
ORD002221,2029-01-29,Sports,Saree,14524.72,5,72623.6,Delhi,4.8,UPI
ORD002222,2029-01-30,Fashion,Mixer,48918.58,6,293511.48,Ahmedabad,3.8,Cash on Delivery
ORD002223,2029-01-31,Sports,Face Cream,13525.94,1,13525.94,Delhi,3.3,Wallet
ORD002224,2029-02-01,Sports,Smartphone,23746.63,2,47493.26,Ahmedabad,4.4,Credit Card
ORD002225,2029-02-02,Beauty,Smartphone,43929.57,7,307506.99,Delhi,4.6,Cash on Delivery
ORD002226,2029-02-03,Electronics,Laptop,4463.15,6,26778.9,Delhi,3.1,Wallet
ORD002227,2029-02-04,Home & Kitchen,Pressure Cooker,41124.06,6,246744.36,Delhi,5.0,Credit Card
ORD002228,2029-02-05,Electronics,Pressure Cooker,28764.91,6,172589.46,Ahmedabad,4.4,Wallet
ORD002229,2029-02-06,Beauty,Mixer,2074.2,7,14519.4,Pune,3.6,Cash on Delivery
ORD002230,2029-02-07,Home & Kitchen,Jeans,45194.19,9,406747.71,Delhi,3.3,Wallet
ORD002231,2029-02-08,Sports,Smartphone,2440.24,9,21962.16,Hyderabad,3.8,Credit Card
ORD002232,2029-02-09,Beauty,Jeans,26003.28,2,52006.56,Hyderabad,3.4,Credit Card
ORD002233,2029-02-10,Sports,Jeans,2927.05,2,5854.1,Delhi,4.0,Credit Card
ORD002234,2029-02-11,Fashion,Pressure Cooker,4024.4,5,20122.0,Delhi,4.6,Cash on Delivery
ORD002235,2029-02-12,Beauty,Jeans,44416.61,7,310916.27,Bangalore,4.3,UPI
ORD002236,2029-02-13,Fashion,Smartphone,38408.36,3,115225.08,Indore,3.9,Wallet
ORD002237,2029-02-14,Beauty,Saree,10248.59,3,30745.77,Bangalore,3.2,Credit Card
ORD002238,2029-02-15,Beauty,T-shirt,31213.16,4,124852.64,Chennai,4.9,Credit Card
ORD002239,2029-02-16,Fashion,Jeans,39836.64,3,119509.92,Hyderabad,3.5,UPI
ORD002240,2029-02-17,Home & Kitchen,Mixer,44534.74,3,133604.22,Pune,3.6,Credit Card
ORD002241,2029-02-18,Electronics,Cricket Bat,23681.19,8,189449.52,Delhi,4.3,Credit Card
ORD002242,2029-02-19,Sports,Lipstick,44926.24,7,314483.68,Pune,4.5,Cash on Delivery
ORD002243,2029-02-20,Beauty,Mixer,25638.58,7,179470.06,Indore,5.0,UPI
ORD002244,2029-02-21,Sports,Headphones,34567.29,2,69134.58,Pune,4.9,Credit Card
ORD002245,2029-02-22,Fashion,Smartphone,48961.95,9,440657.55,Hyderabad,4.8,Cash on Delivery
ORD002246,2029-02-23,Sports,Cricket Bat,12179.61,6,73077.66,Pune,3.9,Cash on Delivery
ORD002247,2029-02-24,Fashion,Football,8841.8,3,26525.4,Chennai,3.3,Cash on Delivery
ORD002248,2029-02-25,Sports,Lipstick,17429.93,9,156869.37,Ahmedabad,4.2,Cash on Delivery
ORD002249,2029-02-26,Electronics,Face Cream,8637.75,9,77739.75,Bangalore,3.0,UPI
ORD002250,2029-02-27,Electronics,Mixer,14566.06,6,87396.36,Chennai,3.4,UPI
ORD002251,2029-02-28,Electronics,Cricket Bat,37277.77,6,223666.62,Mumbai,3.0,Cash on Delivery
ORD002252,2029-03-01,Electronics,T-shirt,24137.44,8,193099.52,Pune,3.4,UPI
ORD002253,2029-03-02,Electronics,Smartphone,19064.54,8,152516.32,Ahmedabad,3.9,Wallet
ORD002254,2029-03-03,Electronics,Saree,18751.84,6,112511.04,Bangalore,3.8,Wallet
ORD002255,2029-03-04,Fashion,Laptop,10129.23,7,70904.61,Ahmedabad,3.7,Cash on Delivery
ORD002256,2029-03-05,Beauty,Pressure Cooker,22646.87,4,90587.48,Hyderabad,4.7,Credit Card
ORD002257,2029-03-06,Sports,T-shirt,31419.46,1,31419.46,Bangalore,4.3,Credit Card
ORD002258,2029-03-07,Electronics,Headphones,7388.16,4,29552.64,Chennai,4.9,Wallet
ORD002259,2029-03-08,Fashion,Football,48654.24,8,389233.92,Ahmedabad,3.9,Cash on Delivery
ORD002260,2029-03-09,Fashion,Pressure Cooker,22442.42,8,179539.36,Delhi,3.5,Wallet
ORD002261,2029-03-10,Fashion,Saree,47424.07,2,94848.14,Indore,3.2,Wallet
ORD002262,2029-03-11,Beauty,T-shirt,7165.62,7,50159.34,Chennai,4.3,Credit Card
ORD002263,2029-03-12,Sports,Lipstick,38477.19,1,38477.19,Chennai,4.7,Wallet
ORD002264,2029-03-13,Beauty,Cricket Bat,31073.08,2,62146.16,Pune,3.4,Cash on Delivery
ORD002265,2029-03-14,Home & Kitchen,Smartphone,41093.17,8,328745.36,Ahmedabad,4.8,Credit Card
ORD002266,2029-03-15,Fashion,Cricket Bat,30233.56,4,120934.24,Pune,4.1,Credit Card
ORD002267,2029-03-16,Home & Kitchen,Jeans,48160.41,3,144481.23,Delhi,3.3,Wallet
ORD002268,2029-03-17,Electronics,Mixer,31533.13,2,63066.26,Indore,4.3,UPI
ORD002269,2029-03-18,Electronics,Headphones,39337.9,6,236027.4,Ahmedabad,4.0,Wallet
ORD002270,2029-03-19,Beauty,Jeans,43940.3,4,175761.2,Hyderabad,3.1,Cash on Delivery
ORD002271,2029-03-20,Sports,Jeans,35871.88,3,107615.64,Indore,3.8,UPI
ORD002272,2029-03-21,Home & Kitchen,Headphones,26449.71,3,79349.13,Pune,4.6,Cash on Delivery
ORD002273,2029-03-22,Sports,Mixer,14004.45,3,42013.35,Hyderabad,4.1,Credit Card
ORD002274,2029-03-23,Beauty,Lipstick,42797.38,8,342379.04,Bangalore,3.6,Cash on Delivery
ORD002275,2029-03-24,Electronics,Football,24288.62,9,218597.58,Ahmedabad,4.9,Cash on Delivery
ORD002276,2029-03-25,Sports,Face Cream,31225.06,9,281025.54,Chennai,3.5,Cash on Delivery
ORD002277,2029-03-26,Sports,Mixer,4421.71,5,22108.55,Bangalore,3.5,Wallet
ORD002278,2029-03-27,Electronics,Smartphone,25118.89,1,25118.89,Delhi,3.7,Wallet
ORD002279,2029-03-28,Home & Kitchen,Cricket Bat,35058.8,5,175294.0,Mumbai,4.8,Cash on Delivery
ORD002280,2029-03-29,Electronics,Lipstick,29411.56,1,29411.56,Pune,4.0,Wallet
ORD002281,2029-03-30,Sports,Laptop,22703.47,9,204331.23,Hyderabad,4.4,Credit Card
ORD002282,2029-03-31,Home & Kitchen,Face Cream,11559.65,8,92477.2,Delhi,5.0,Credit Card
ORD002283,2029-04-01,Home & Kitchen,Cricket Bat,15828.67,7,110800.69,Hyderabad,4.6,UPI
ORD002284,2029-04-02,Electronics,Lipstick,35180.91,2,70361.82,Bangalore,3.3,Wallet
ORD002285,2029-04-03,Sports,Mixer,11597.44,2,23194.88,Mumbai,4.6,Wallet
ORD002286,2029-04-04,Beauty,Headphones,31275.47,4,125101.88,Pune,4.5,Cash on Delivery
ORD002287,2029-04-05,Sports,Mixer,29692.01,9,267228.09,Indore,3.5,UPI
ORD002288,2029-04-06,Fashion,Face Cream,48535.67,9,436821.03,Chennai,3.7,Credit Card
ORD002289,2029-04-07,Beauty,Laptop,3508.7,8,28069.6,Indore,4.4,Credit Card
ORD002290,2029-04-08,Home & Kitchen,Lipstick,5852.07,5,29260.35,Hyderabad,3.5,Cash on Delivery
ORD002291,2029-04-09,Beauty,Football,25551.13,7,178857.91,Chennai,3.4,Wallet
ORD002292,2029-04-10,Home & Kitchen,Smartphone,26591.94,9,239327.46,Pune,4.4,Cash on Delivery
ORD002293,2029-04-11,Home & Kitchen,Mixer,2476.42,3,7429.26,Ahmedabad,4.8,UPI
ORD002294,2029-04-12,Beauty,Lipstick,41379.84,4,165519.36,Ahmedabad,3.2,Credit Card
ORD002295,2029-04-13,Home & Kitchen,Cricket Bat,24988.81,2,49977.62,Bangalore,3.9,UPI
ORD002296,2029-04-14,Home & Kitchen,Laptop,17658.87,9,158929.83,Hyderabad,4.2,Credit Card
ORD002297,2029-04-15,Fashion,Smartphone,16283.26,7,113982.82,Indore,4.4,Credit Card
ORD002298,2029-04-16,Sports,Lipstick,43139.66,6,258837.96,Bangalore,5.0,UPI
ORD002299,2029-04-17,Sports,T-shirt,10238.28,5,51191.4,Ahmedabad,4.4,Credit Card
ORD002300,2029-04-18,Fashion,Mixer,8440.68,7,59084.76,Chennai,4.2,Credit Card
ORD002301,2029-04-19,Beauty,Football,11052.34,3,33157.02,Bangalore,5.0,UPI
ORD002302,2029-04-20,Electronics,Face Cream,31438.62,5,157193.1,Pune,3.1,Credit Card
ORD002303,2029-04-21,Electronics,Laptop,40641.08,2,81282.16,Ahmedabad,3.1,UPI
ORD002304,2029-04-22,Electronics,Smartphone,16883.45,5,84417.25,Pune,4.1,Cash on Delivery
ORD002305,2029-04-23,Fashion,Smartphone,9086.37,7,63604.59,Pune,3.7,Wallet
ORD002306,2029-04-24,Fashion,Face Cream,10855.11,7,75985.77,Pune,3.2,Wallet
ORD002307,2029-04-25,Home & Kitchen,Jeans,31149.6,9,280346.4,Pune,3.6,Wallet
ORD002308,2029-04-26,Electronics,Pressure Cooker,12678.74,3,38036.22,Bangalore,4.3,Credit Card
ORD002309,2029-04-27,Beauty,Laptop,43925.37,8,351402.96,Bangalore,4.8,UPI
ORD002310,2029-04-28,Beauty,Smartphone,5642.62,5,28213.1,Delhi,3.2,Wallet
ORD002311,2029-04-29,Electronics,Lipstick,2102.24,7,14715.68,Ahmedabad,4.1,Credit Card
ORD002312,2029-04-30,Electronics,Jeans,4874.72,1,4874.72,Delhi,3.6,Credit Card
ORD002313,2029-05-01,Electronics,Pressure Cooker,42359.33,1,42359.33,Hyderabad,4.3,UPI
ORD002314,2029-05-02,Fashion,Football,32735.86,4,130943.44,Bangalore,4.1,Cash on Delivery
ORD002315,2029-05-03,Fashion,Cricket Bat,47908.36,5,239541.8,Ahmedabad,4.9,UPI
ORD002316,2029-05-04,Fashion,Face Cream,17146.68,3,51440.04,Indore,3.1,Credit Card
ORD002317,2029-05-05,Sports,Lipstick,11027.57,6,66165.42,Ahmedabad,3.9,Cash on Delivery
ORD002318,2029-05-06,Beauty,Mixer,28317.77,3,84953.31,Bangalore,3.4,Cash on Delivery
ORD002319,2029-05-07,Beauty,Pressure Cooker,27122.5,5,135612.5,Pune,4.1,Wallet
ORD002320,2029-05-08,Home & Kitchen,Football,29755.69,1,29755.69,Bangalore,4.7,Credit Card
ORD002321,2029-05-09,Fashion,Football,17702.93,3,53108.79,Delhi,4.8,UPI
ORD002322,2029-05-10,Sports,Football,791.9,7,5543.3,Chennai,3.8,UPI
ORD002323,2029-05-11,Sports,Football,2234.07,3,6702.21,Bangalore,4.6,Wallet
ORD002324,2029-05-12,Beauty,Laptop,33359.41,5,166797.05,Pune,3.6,Credit Card
ORD002325,2029-05-13,Fashion,Mixer,26401.27,7,184808.89,Ahmedabad,3.0,UPI
ORD002326,2029-05-14,Home & Kitchen,Saree,41140.06,2,82280.12,Mumbai,4.7,UPI
ORD002327,2029-05-15,Fashion,Saree,15370.29,3,46110.87,Hyderabad,3.2,UPI
ORD002328,2029-05-16,Electronics,Laptop,40865.88,4,163463.52,Delhi,3.0,Cash on Delivery
ORD002329,2029-05-17,Fashion,Cricket Bat,21561.82,5,107809.1,Chennai,3.7,Cash on Delivery
ORD002330,2029-05-18,Electronics,Pressure Cooker,5286.57,9,47579.13,Pune,3.8,Wallet
ORD002331,2029-05-19,Electronics,Jeans,48906.62,9,440159.58,Mumbai,3.2,Wallet
ORD002332,2029-05-20,Home & Kitchen,T-shirt,25840.83,4,103363.32,Bangalore,4.6,UPI
ORD002333,2029-05-21,Beauty,Face Cream,31659.19,9,284932.71,Indore,3.8,Credit Card
ORD002334,2029-05-22,Fashion,Smartphone,33704.46,4,134817.84,Ahmedabad,4.0,Credit Card
ORD002335,2029-05-23,Electronics,T-shirt,18439.41,2,36878.82,Indore,3.5,Wallet
ORD002336,2029-05-24,Fashion,Face Cream,37502.65,1,37502.65,Delhi,4.0,Credit Card
ORD002337,2029-05-25,Beauty,Saree,43578.19,7,305047.33,Bangalore,4.5,Credit Card
ORD002338,2029-05-26,Beauty,Saree,19665.76,4,78663.04,Hyderabad,4.8,UPI
ORD002339,2029-05-27,Sports,Cricket Bat,33021.54,8,264172.32,Delhi,4.9,UPI
ORD002340,2029-05-28,Beauty,T-shirt,37977.63,8,303821.04,Mumbai,3.9,Credit Card
ORD002341,2029-05-29,Home & Kitchen,T-shirt,9911.23,8,79289.84,Indore,5.0,UPI
ORD002342,2029-05-30,Electronics,Jeans,16963.51,6,101781.06,Pune,3.6,Credit Card
ORD002343,2029-05-31,Sports,Cricket Bat,5885.39,9,52968.51,Chennai,3.0,Credit Card
ORD002344,2029-06-01,Home & Kitchen,Cricket Bat,30309.32,4,121237.28,Chennai,4.5,Cash on Delivery
ORD002345,2029-06-02,Fashion,Football,40146.42,5,200732.1,Hyderabad,3.4,Credit Card
ORD002346,2029-06-03,Electronics,Football,30736.51,4,122946.04,Chennai,3.1,Cash on Delivery
ORD002347,2029-06-04,Beauty,Laptop,9399.3,5,46996.5,Chennai,4.8,Wallet
ORD002348,2029-06-05,Electronics,Football,27545.24,2,55090.48,Pune,4.6,Credit Card
ORD002349,2029-06-06,Fashion,Mixer,41829.24,5,209146.2,Hyderabad,3.2,Wallet
ORD002350,2029-06-07,Sports,Cricket Bat,15484.88,8,123879.04,Indore,4.6,UPI
ORD002351,2029-06-08,Sports,Cricket Bat,41716.25,9,375446.25,Mumbai,4.7,Cash on Delivery
ORD002352,2029-06-09,Sports,Lipstick,39338.85,7,275371.95,Delhi,4.8,Wallet
ORD002353,2029-06-10,Beauty,Pressure Cooker,1576.17,7,11033.19,Indore,4.1,UPI
ORD002354,2029-06-11,Home & Kitchen,Pressure Cooker,12353.01,6,74118.06,Delhi,4.4,Credit Card
ORD002355,2029-06-12,Home & Kitchen,Football,27375.65,2,54751.3,Hyderabad,4.5,Cash on Delivery
ORD002356,2029-06-13,Electronics,Headphones,36022.06,9,324198.54,Indore,4.4,Credit Card
ORD002357,2029-06-14,Beauty,T-shirt,44086.26,5,220431.3,Bangalore,4.3,Wallet
ORD002358,2029-06-15,Sports,Smartphone,32231.59,6,193389.54,Hyderabad,4.1,Credit Card
ORD002359,2029-06-16,Sports,T-shirt,19327.04,1,19327.04,Hyderabad,4.0,UPI
ORD002360,2029-06-17,Fashion,Face Cream,9639.05,5,48195.25,Hyderabad,5.0,Wallet
ORD002361,2029-06-18,Fashion,Laptop,38121.77,6,228730.62,Hyderabad,3.7,Cash on Delivery
ORD002362,2029-06-19,Sports,Laptop,10735.69,2,21471.38,Chennai,3.2,UPI
ORD002363,2029-06-20,Sports,Laptop,34923.81,7,244466.67,Chennai,4.5,UPI
ORD002364,2029-06-21,Beauty,Mixer,9469.98,4,37879.92,Indore,3.4,Cash on Delivery
ORD002365,2029-06-22,Home & Kitchen,Smartphone,5007.17,5,25035.85,Mumbai,4.1,UPI
ORD002366,2029-06-23,Fashion,Pressure Cooker,12929.46,3,38788.38,Hyderabad,3.2,Wallet
ORD002367,2029-06-24,Home & Kitchen,Jeans,14604.03,5,73020.15,Delhi,4.2,Credit Card
ORD002368,2029-06-25,Beauty,Pressure Cooker,32536.85,4,130147.4,Bangalore,4.9,Cash on Delivery
ORD002369,2029-06-26,Sports,Mixer,8463.73,6,50782.38,Chennai,4.4,Cash on Delivery
ORD002370,2029-06-27,Home & Kitchen,Laptop,46550.19,2,93100.38,Ahmedabad,3.4,Wallet
ORD002371,2029-06-28,Sports,Mixer,27940.9,3,83822.7,Delhi,4.9,Wallet
ORD002372,2029-06-29,Sports,Pressure Cooker,24801.12,1,24801.12,Chennai,3.6,Cash on Delivery
ORD002373,2029-06-30,Electronics,Jeans,22017.38,7,154121.66,Ahmedabad,3.9,Cash on Delivery
ORD002374,2029-07-01,Home & Kitchen,Headphones,28546.77,9,256920.93,Indore,4.0,Cash on Delivery
ORD002375,2029-07-02,Home & Kitchen,Smartphone,1611.12,2,3222.24,Mumbai,5.0,Cash on Delivery
ORD002376,2029-07-03,Sports,Football,49509.28,7,346564.96,Bangalore,3.1,Wallet
ORD002377,2029-07-04,Beauty,Mixer,28097.46,3,84292.38,Chennai,4.4,Credit Card
ORD002378,2029-07-05,Electronics,Face Cream,2242.15,5,11210.75,Ahmedabad,3.7,Cash on Delivery
ORD002379,2029-07-06,Sports,Football,29703.89,6,178223.34,Ahmedabad,3.2,UPI
ORD002380,2029-07-07,Fashion,Pressure Cooker,22135.4,8,177083.2,Bangalore,4.9,UPI
ORD002381,2029-07-08,Fashion,Smartphone,1689.87,4,6759.48,Bangalore,4.2,UPI
ORD002382,2029-07-09,Electronics,Pressure Cooker,46259.22,2,92518.44,Indore,4.5,Wallet
ORD002383,2029-07-10,Beauty,Pressure Cooker,1023.06,3,3069.18,Delhi,3.5,Cash on Delivery
ORD002384,2029-07-11,Sports,Jeans,29104.65,8,232837.2,Ahmedabad,4.5,Wallet
ORD002385,2029-07-12,Home & Kitchen,Headphones,48108.64,7,336760.48,Chennai,4.7,UPI
ORD002386,2029-07-13,Electronics,Smartphone,12261.42,6,73568.52,Bangalore,3.9,Credit Card
ORD002387,2029-07-14,Beauty,Face Cream,13081.86,5,65409.3,Indore,4.1,UPI
ORD002388,2029-07-15,Home & Kitchen,Laptop,520.94,5,2604.7,Ahmedabad,4.9,Cash on Delivery
ORD002389,2029-07-16,Fashion,Smartphone,3784.38,1,3784.38,Hyderabad,4.7,Credit Card
ORD002390,2029-07-17,Fashion,Face Cream,2721.98,6,16331.88,Ahmedabad,3.9,Credit Card
ORD002391,2029-07-18,Home & Kitchen,Cricket Bat,41221.49,9,370993.41,Pune,4.3,Credit Card
ORD002392,2029-07-19,Electronics,Laptop,41918.51,8,335348.08,Bangalore,4.6,UPI
ORD002393,2029-07-20,Fashion,Smartphone,36471.65,1,36471.65,Bangalore,3.0,Wallet
ORD002394,2029-07-21,Sports,Football,17960.88,6,107765.28,Chennai,4.2,UPI
ORD002395,2029-07-22,Home & Kitchen,Lipstick,41152.1,3,123456.3,Pune,5.0,Cash on Delivery
ORD002396,2029-07-23,Home & Kitchen,Lipstick,27218.84,6,163313.04,Hyderabad,4.9,Credit Card
ORD002397,2029-07-24,Fashion,Pressure Cooker,15563.36,9,140070.24,Bangalore,4.7,Wallet
ORD002398,2029-07-25,Electronics,Laptop,22145.2,6,132871.2,Chennai,3.2,Wallet
ORD002399,2029-07-26,Sports,Smartphone,3755.5,8,30044.0,Chennai,5.0,Cash on Delivery
ORD002400,2029-07-27,Electronics,Pressure Cooker,47272.98,6,283637.88,Ahmedabad,4.2,Cash on Delivery
ORD002401,2029-07-28,Beauty,T-shirt,31146.26,6,186877.56,Indore,3.4,Cash on Delivery
ORD002402,2029-07-29,Beauty,Pressure Cooker,36696.09,7,256872.63,Pune,4.3,Credit Card
ORD002403,2029-07-30,Fashion,Mixer,33990.88,4,135963.52,Bangalore,4.7,Credit Card
ORD002404,2029-07-31,Fashion,Lipstick,33553.62,8,268428.96,Mumbai,3.2,Cash on Delivery
ORD002405,2029-08-01,Fashion,T-shirt,1354.42,4,5417.68,Mumbai,4.8,Credit Card
ORD002406,2029-08-02,Beauty,Saree,26505.88,7,185541.16,Delhi,4.8,UPI
ORD002407,2029-08-03,Electronics,Face Cream,41174.66,1,41174.66,Mumbai,3.0,Wallet
ORD002408,2029-08-04,Electronics,Mixer,2703.68,9,24333.12,Mumbai,4.8,Credit Card
ORD002409,2029-08-05,Fashion,Laptop,47830.2,9,430471.8,Chennai,4.9,Wallet
ORD002410,2029-08-06,Sports,Pressure Cooker,21495.9,7,150471.3,Chennai,3.1,UPI
ORD002411,2029-08-07,Electronics,Lipstick,14849.83,8,118798.64,Indore,3.6,Credit Card
ORD002412,2029-08-08,Beauty,Football,26825.16,2,53650.32,Pune,3.7,Cash on Delivery
ORD002413,2029-08-09,Home & Kitchen,Headphones,40160.1,7,281120.7,Bangalore,3.7,Cash on Delivery
ORD002414,2029-08-10,Home & Kitchen,Face Cream,24000.38,1,24000.38,Pune,4.5,UPI
ORD002415,2029-08-11,Home & Kitchen,Lipstick,32432.73,3,97298.19,Pune,3.7,UPI
ORD002416,2029-08-12,Sports,Jeans,25245.76,6,151474.56,Bangalore,4.9,Credit Card
ORD002417,2029-08-13,Fashion,Lipstick,31747.98,5,158739.9,Ahmedabad,5.0,UPI
ORD002418,2029-08-14,Beauty,Headphones,7332.53,5,36662.65,Ahmedabad,3.6,Wallet
ORD002419,2029-08-15,Sports,Headphones,2413.84,9,21724.56,Chennai,4.0,Cash on Delivery
ORD002420,2029-08-16,Beauty,Pressure Cooker,7276.62,6,43659.72,Ahmedabad,4.1,Credit Card
ORD002421,2029-08-17,Beauty,Laptop,14648.99,3,43946.97,Bangalore,4.2,UPI
ORD002422,2029-08-18,Fashion,Headphones,13041.13,2,26082.26,Chennai,3.7,Wallet
ORD002423,2029-08-19,Home & Kitchen,Lipstick,30951.18,9,278560.62,Pune,3.3,Cash on Delivery
ORD002424,2029-08-20,Fashion,Laptop,23066.53,4,92266.12,Pune,3.1,Cash on Delivery
ORD002425,2029-08-21,Sports,Smartphone,2421.19,5,12105.95,Mumbai,3.2,Credit Card
ORD002426,2029-08-22,Sports,Lipstick,2225.86,9,20032.74,Bangalore,4.8,Credit Card
ORD002427,2029-08-23,Sports,Cricket Bat,4984.11,5,24920.55,Ahmedabad,3.6,Credit Card
ORD002428,2029-08-24,Fashion,Pressure Cooker,17977.52,7,125842.64,Mumbai,3.2,Credit Card
ORD002429,2029-08-25,Beauty,Mixer,806.06,2,1612.12,Delhi,4.2,UPI
ORD002430,2029-08-26,Beauty,Pressure Cooker,24952.37,2,49904.74,Indore,3.2,Credit Card
ORD002431,2029-08-27,Electronics,Headphones,18353.15,4,73412.6,Indore,3.1,UPI
ORD002432,2029-08-28,Sports,Face Cream,27994.34,8,223954.72,Pune,4.2,Wallet
ORD002433,2029-08-29,Beauty,Football,36180.85,2,72361.7,Pune,4.2,Wallet
ORD002434,2029-08-30,Electronics,Saree,12923.15,7,90462.05,Bangalore,3.1,Cash on Delivery
ORD002435,2029-08-31,Beauty,Jeans,8275.64,1,8275.64,Pune,3.9,Wallet
ORD002436,2029-09-01,Sports,Cricket Bat,14263.65,9,128372.85,Chennai,3.9,Wallet
ORD002437,2029-09-02,Home & Kitchen,Headphones,587.28,6,3523.68,Indore,4.1,Credit Card
ORD002438,2029-09-03,Sports,Lipstick,6440.64,1,6440.64,Ahmedabad,4.5,Credit Card
ORD002439,2029-09-04,Fashion,Laptop,37666.1,6,225996.6,Chennai,3.6,Credit Card
ORD002440,2029-09-05,Beauty,Cricket Bat,11528.94,5,57644.7,Indore,3.9,Wallet
ORD002441,2029-09-06,Beauty,Saree,49717.83,5,248589.15,Delhi,4.6,Credit Card
ORD002442,2029-09-07,Fashion,Mixer,8807.66,5,44038.3,Chennai,4.8,Credit Card
ORD002443,2029-09-08,Fashion,Laptop,39544.2,4,158176.8,Mumbai,4.8,Credit Card
ORD002444,2029-09-09,Home & Kitchen,Jeans,35399.7,7,247797.9,Chennai,4.0,Credit Card
ORD002445,2029-09-10,Beauty,T-shirt,16445.54,9,148009.86,Ahmedabad,4.0,UPI
ORD002446,2029-09-11,Beauty,Jeans,16871.59,4,67486.36,Delhi,4.1,Credit Card
ORD002447,2029-09-12,Home & Kitchen,Pressure Cooker,28395.8,2,56791.6,Hyderabad,4.7,Wallet
ORD002448,2029-09-13,Electronics,Cricket Bat,42692.52,2,85385.04,Ahmedabad,4.7,Credit Card
ORD002449,2029-09-14,Home & Kitchen,Pressure Cooker,19616.25,2,39232.5,Ahmedabad,3.6,Credit Card
ORD002450,2029-09-15,Sports,Headphones,3528.4,7,24698.8,Hyderabad,3.3,UPI
ORD002451,2029-09-16,Beauty,Smartphone,19033.75,4,76135.0,Ahmedabad,3.8,Credit Card
ORD002452,2029-09-17,Fashion,Headphones,10761.98,4,43047.92,Mumbai,3.6,Credit Card
ORD002453,2029-09-18,Sports,Mixer,46990.75,1,46990.75,Hyderabad,4.9,Cash on Delivery
ORD002454,2029-09-19,Beauty,Football,35015.08,4,140060.32,Pune,3.5,Credit Card
ORD002455,2029-09-20,Home & Kitchen,Cricket Bat,3016.22,6,18097.32,Chennai,3.4,Wallet
ORD002456,2029-09-21,Sports,Face Cream,15002.93,2,30005.86,Delhi,4.8,Cash on Delivery
ORD002457,2029-09-22,Beauty,Face Cream,2985.69,4,11942.76,Indore,3.2,Cash on Delivery
ORD002458,2029-09-23,Electronics,Smartphone,41585.83,7,291100.81,Mumbai,3.5,Wallet
ORD002459,2029-09-24,Electronics,Laptop,45361.67,9,408255.03,Hyderabad,3.9,Wallet
ORD002460,2029-09-25,Fashion,Smartphone,6057.84,2,12115.68,Chennai,4.2,Credit Card
ORD002461,2029-09-26,Beauty,Mixer,22294.36,8,178354.88,Indore,3.7,Credit Card
ORD002462,2029-09-27,Electronics,Lipstick,46628.22,6,279769.32,Indore,4.0,Credit Card
ORD002463,2029-09-28,Home & Kitchen,Pressure Cooker,7687.98,8,61503.84,Chennai,3.4,Cash on Delivery
ORD002464,2029-09-29,Beauty,Saree,14949.23,2,29898.46,Bangalore,4.1,Wallet
ORD002465,2029-09-30,Home & Kitchen,Headphones,15561.6,1,15561.6,Bangalore,3.8,UPI
ORD002466,2029-10-01,Home & Kitchen,Cricket Bat,1987.89,7,13915.23,Pune,4.7,UPI
ORD002467,2029-10-02,Electronics,Football,2295.53,9,20659.77,Delhi,3.8,Credit Card
ORD002468,2029-10-03,Beauty,Mixer,47663.24,9,428969.16,Pune,3.9,Wallet
ORD002469,2029-10-04,Sports,T-shirt,28769.08,2,57538.16,Pune,4.2,Credit Card
ORD002470,2029-10-05,Electronics,Saree,15679.09,4,62716.36,Mumbai,3.2,Cash on Delivery
ORD002471,2029-10-06,Electronics,Mixer,19244.4,1,19244.4,Hyderabad,3.3,Cash on Delivery
ORD002472,2029-10-07,Beauty,T-shirt,35884.72,7,251193.04,Hyderabad,4.6,UPI
ORD002473,2029-10-08,Beauty,T-shirt,18642.6,2,37285.2,Chennai,3.5,Wallet
ORD002474,2029-10-09,Home & Kitchen,T-shirt,11774.14,4,47096.56,Hyderabad,4.4,Wallet
ORD002475,2029-10-10,Beauty,Lipstick,5540.95,2,11081.9,Pune,3.2,Cash on Delivery
ORD002476,2029-10-11,Home & Kitchen,Smartphone,36582.18,1,36582.18,Delhi,4.6,Wallet
ORD002477,2029-10-12,Electronics,Face Cream,9437.97,7,66065.79,Bangalore,5.0,UPI
ORD002478,2029-10-13,Fashion,Jeans,3947.59,6,23685.54,Chennai,3.7,Credit Card
ORD002479,2029-10-14,Sports,Headphones,21634.25,2,43268.5,Ahmedabad,4.0,Wallet
ORD002480,2029-10-15,Electronics,T-shirt,2458.76,4,9835.04,Mumbai,3.9,Wallet
ORD002481,2029-10-16,Beauty,Mixer,48267.4,3,144802.2,Chennai,4.8,UPI
ORD002482,2029-10-17,Sports,Laptop,31551.0,3,94653.0,Pune,3.0,UPI
ORD002483,2029-10-18,Fashion,Laptop,8058.49,3,24175.47,Hyderabad,4.3,Credit Card
ORD002484,2029-10-19,Fashion,Face Cream,9036.48,4,36145.92,Delhi,4.3,UPI
ORD002485,2029-10-20,Home & Kitchen,Cricket Bat,28706.51,1,28706.51,Pune,3.8,Cash on Delivery
ORD002486,2029-10-21,Sports,Pressure Cooker,18150.0,1,18150.0,Mumbai,3.4,Cash on Delivery
ORD002487,2029-10-22,Home & Kitchen,T-shirt,38826.2,7,271783.4,Chennai,3.5,Credit Card
ORD002488,2029-10-23,Electronics,Mixer,27517.42,5,137587.1,Hyderabad,4.6,Credit Card
ORD002489,2029-10-24,Sports,T-shirt,21950.03,3,65850.09,Chennai,3.1,Wallet
ORD002490,2029-10-25,Electronics,Lipstick,48167.52,9,433507.68,Mumbai,4.1,Cash on Delivery
ORD002491,2029-10-26,Home & Kitchen,Pressure Cooker,19841.09,5,99205.45,Pune,3.6,Cash on Delivery
ORD002492,2029-10-27,Sports,T-shirt,20330.24,3,60990.72,Hyderabad,3.5,Cash on Delivery
ORD002493,2029-10-28,Home & Kitchen,Headphones,33455.73,9,301101.57,Bangalore,4.0,Cash on Delivery
ORD002494,2029-10-29,Sports,Laptop,40569.19,1,40569.19,Indore,4.8,UPI
ORD002495,2029-10-30,Home & Kitchen,T-shirt,31497.64,9,283478.76,Mumbai,4.2,Cash on Delivery
ORD002496,2029-10-31,Fashion,Headphones,35081.21,5,175406.05,Bangalore,4.6,Credit Card
ORD002497,2029-11-01,Home & Kitchen,Headphones,18960.11,6,113760.66,Bangalore,4.2,Wallet
ORD002498,2029-11-02,Fashion,Smartphone,24235.09,2,48470.18,Hyderabad,4.4,Wallet
ORD002499,2029-11-03,Home & Kitchen,Headphones,10253.24,8,82025.92,Chennai,3.9,Credit Card
ORD002500,2029-11-04,Sports,Pressure Cooker,34172.2,3,102516.6,Pune,4.9,Cash on Delivery
ORD002501,2029-11-05,Sports,Laptop,11461.87,1,11461.87,Chennai,4.0,UPI
ORD002502,2029-11-06,Sports,Football,562.21,7,3935.47,Delhi,4.1,Cash on Delivery
ORD002503,2029-11-07,Beauty,Cricket Bat,46721.22,3,140163.66,Mumbai,4.0,Cash on Delivery
ORD002504,2029-11-08,Electronics,Lipstick,15647.75,4,62591.0,Mumbai,3.6,Credit Card
ORD002505,2029-11-09,Sports,Laptop,10233.29,5,51166.45,Pune,3.5,Wallet
ORD002506,2029-11-10,Fashion,Mixer,13773.26,1,13773.26,Ahmedabad,3.1,Wallet
ORD002507,2029-11-11,Sports,Cricket Bat,16857.16,9,151714.44,Hyderabad,4.4,Wallet
ORD002508,2029-11-12,Beauty,Headphones,23990.05,7,167930.35,Hyderabad,3.6,Credit Card
ORD002509,2029-11-13,Fashion,T-shirt,3932.91,2,7865.82,Delhi,3.8,UPI
ORD002510,2029-11-14,Beauty,Smartphone,3107.32,1,3107.32,Delhi,4.8,UPI
ORD002511,2029-11-15,Fashion,Cricket Bat,14999.08,2,29998.16,Bangalore,4.1,Wallet
ORD002512,2029-11-16,Home & Kitchen,Mixer,15140.42,3,45421.26,Ahmedabad,3.2,Wallet
ORD002513,2029-11-17,Electronics,Mixer,6323.49,3,18970.47,Indore,4.6,UPI
ORD002514,2029-11-18,Electronics,Cricket Bat,20537.18,8,164297.44,Ahmedabad,3.5,Credit Card
ORD002515,2029-11-19,Beauty,Smartphone,14559.42,5,72797.1,Ahmedabad,4.1,UPI
ORD002516,2029-11-20,Electronics,Headphones,1789.75,9,16107.75,Delhi,4.0,Cash on Delivery
ORD002517,2029-11-21,Beauty,Football,44343.18,3,133029.54,Ahmedabad,3.5,Cash on Delivery
ORD002518,2029-11-22,Beauty,Pressure Cooker,44357.94,6,266147.64,Chennai,3.2,Credit Card
ORD002519,2029-11-23,Beauty,Mixer,10854.52,4,43418.08,Bangalore,3.4,Wallet
ORD002520,2029-11-24,Electronics,Headphones,8562.18,8,68497.44,Indore,3.2,Cash on Delivery
ORD002521,2029-11-25,Beauty,Pressure Cooker,27590.99,1,27590.99,Delhi,3.6,UPI
ORD002522,2029-11-26,Electronics,Pressure Cooker,31722.3,4,126889.2,Ahmedabad,5.0,Cash on Delivery
ORD002523,2029-11-27,Beauty,Mixer,47898.36,7,335288.52,Indore,3.8,UPI
ORD002524,2029-11-28,Sports,Football,19178.75,9,172608.75,Chennai,4.7,UPI
ORD002525,2029-11-29,Beauty,Cricket Bat,31100.92,1,31100.92,Ahmedabad,4.1,UPI
ORD002526,2029-11-30,Fashion,Pressure Cooker,43969.96,8,351759.68,Chennai,4.3,Cash on Delivery
ORD002527,2029-12-01,Beauty,T-shirt,22772.71,2,45545.42,Bangalore,3.3,Credit Card
ORD002528,2029-12-02,Home & Kitchen,Laptop,6556.11,4,26224.44,Bangalore,3.5,UPI
ORD002529,2029-12-03,Beauty,Lipstick,19183.64,4,76734.56,Chennai,4.0,Cash on Delivery
ORD002530,2029-12-04,Fashion,Mixer,7260.06,8,58080.48,Hyderabad,4.8,Wallet
ORD002531,2029-12-05,Fashion,Saree,1323.65,2,2647.3,Pune,3.1,Credit Card
ORD002532,2029-12-06,Electronics,Pressure Cooker,37701.88,7,263913.16,Ahmedabad,4.0,Cash on Delivery
ORD002533,2029-12-07,Sports,Jeans,12301.97,3,36905.91,Ahmedabad,3.1,Credit Card
ORD002534,2029-12-08,Beauty,Face Cream,599.35,9,5394.15,Bangalore,3.9,Cash on Delivery
ORD002535,2029-12-09,Electronics,T-shirt,43685.4,5,218427.0,Pune,4.3,UPI
ORD002536,2029-12-10,Sports,Saree,22467.55,8,179740.4,Mumbai,4.5,Wallet
ORD002537,2029-12-11,Beauty,Headphones,12323.56,5,61617.8,Hyderabad,3.3,Cash on Delivery
ORD002538,2029-12-12,Home & Kitchen,Lipstick,13508.1,1,13508.1,Mumbai,3.3,Credit Card
ORD002539,2029-12-13,Beauty,Smartphone,12406.63,9,111659.67,Indore,3.9,Wallet
ORD002540,2029-12-14,Fashion,Pressure Cooker,10130.53,7,70913.71,Indore,5.0,Wallet
ORD002541,2029-12-15,Fashion,Football,42140.7,4,168562.8,Indore,3.7,Wallet
ORD002542,2029-12-16,Home & Kitchen,Face Cream,8931.42,7,62519.94,Delhi,3.9,UPI
ORD002543,2029-12-17,Electronics,Smartphone,28311.81,5,141559.05,Bangalore,3.9,UPI
ORD002544,2029-12-18,Sports,Football,4327.35,9,38946.15,Bangalore,3.2,Cash on Delivery
ORD002545,2029-12-19,Beauty,Lipstick,47501.31,2,95002.62,Chennai,4.5,UPI
ORD002546,2029-12-20,Fashion,T-shirt,30364.04,4,121456.16,Pune,3.5,Wallet
ORD002547,2029-12-21,Electronics,T-shirt,45206.05,6,271236.3,Bangalore,4.4,Credit Card
ORD002548,2029-12-22,Home & Kitchen,Lipstick,20194.95,5,100974.75,Pune,4.0,Wallet
ORD002549,2029-12-23,Fashion,T-shirt,40628.27,1,40628.27,Indore,4.2,Wallet
ORD002550,2029-12-24,Home & Kitchen,Face Cream,42755.9,9,384803.1,Mumbai,3.1,UPI
ORD002551,2029-12-25,Beauty,Pressure Cooker,35295.99,9,317663.91,Ahmedabad,4.8,Credit Card
ORD002552,2029-12-26,Sports,Lipstick,5100.9,3,15302.7,Hyderabad,3.5,Wallet
ORD002553,2029-12-27,Fashion,Mixer,1295.96,4,5183.84,Ahmedabad,4.3,Credit Card
ORD002554,2029-12-28,Fashion,Jeans,8843.7,4,35374.8,Delhi,4.6,Credit Card
ORD002555,2029-12-29,Beauty,Headphones,6345.79,8,50766.32,Pune,4.1,Wallet
ORD002556,2029-12-30,Electronics,Laptop,36394.31,6,218365.86,Pune,3.7,UPI
ORD002557,2029-12-31,Sports,Football,28071.84,2,56143.68,Hyderabad,5.0,UPI
ORD002558,2030-01-01,Fashion,Face Cream,26534.57,4,106138.28,Ahmedabad,3.6,Cash on Delivery
ORD002559,2030-01-02,Sports,Cricket Bat,13016.93,1,13016.93,Mumbai,4.9,Wallet
ORD002560,2030-01-03,Fashion,Jeans,8153.07,3,24459.21,Delhi,3.3,Wallet
ORD002561,2030-01-04,Sports,Laptop,10724.12,4,42896.48,Pune,3.8,Credit Card
ORD002562,2030-01-05,Home & Kitchen,Cricket Bat,20313.71,8,162509.68,Ahmedabad,3.3,Credit Card
ORD002563,2030-01-06,Fashion,Smartphone,37137.09,3,111411.27,Ahmedabad,3.0,Cash on Delivery
ORD002564,2030-01-07,Sports,Jeans,13098.57,5,65492.85,Chennai,3.5,Cash on Delivery
ORD002565,2030-01-08,Electronics,Saree,35081.34,1,35081.34,Bangalore,3.2,Credit Card
ORD002566,2030-01-09,Home & Kitchen,Jeans,24829.84,4,99319.36,Bangalore,5.0,Credit Card
ORD002567,2030-01-10,Home & Kitchen,Football,44329.32,2,88658.64,Chennai,4.5,Cash on Delivery
ORD002568,2030-01-11,Electronics,T-shirt,12029.27,4,48117.08,Mumbai,3.0,UPI
ORD002569,2030-01-12,Sports,Pressure Cooker,22817.41,5,114087.05,Pune,3.4,Cash on Delivery
ORD002570,2030-01-13,Beauty,Pressure Cooker,5284.91,3,15854.73,Chennai,4.3,Credit Card
ORD002571,2030-01-14,Electronics,Laptop,17090.08,6,102540.48,Ahmedabad,3.8,Wallet
ORD002572,2030-01-15,Sports,T-shirt,25590.58,2,51181.16,Pune,4.7,Credit Card
ORD002573,2030-01-16,Electronics,Smartphone,36770.64,5,183853.2,Indore,4.0,UPI
ORD002574,2030-01-17,Electronics,Pressure Cooker,10304.82,4,41219.28,Pune,4.3,Credit Card
ORD002575,2030-01-18,Fashion,Headphones,11295.56,5,56477.8,Mumbai,4.2,Credit Card
ORD002576,2030-01-19,Sports,Smartphone,31763.1,9,285867.9,Delhi,4.3,Cash on Delivery
ORD002577,2030-01-20,Beauty,T-shirt,19431.66,6,116589.96,Hyderabad,3.5,UPI
ORD002578,2030-01-21,Fashion,T-shirt,24363.7,7,170545.9,Hyderabad,3.7,Cash on Delivery
ORD002579,2030-01-22,Electronics,Laptop,41888.68,8,335109.44,Ahmedabad,3.1,Wallet
ORD002580,2030-01-23,Electronics,Mixer,25204.62,9,226841.58,Chennai,4.2,Wallet
ORD002581,2030-01-24,Electronics,Pressure Cooker,32798.72,5,163993.6,Bangalore,3.9,UPI
ORD002582,2030-01-25,Sports,T-shirt,33010.36,8,264082.88,Chennai,4.5,Wallet
ORD002583,2030-01-26,Sports,T-shirt,40278.79,2,80557.58,Bangalore,3.4,Wallet
ORD002584,2030-01-27,Fashion,Headphones,32087.9,9,288791.1,Chennai,3.9,Credit Card
ORD002585,2030-01-28,Beauty,Jeans,3708.09,2,7416.18,Ahmedabad,3.4,Cash on Delivery
ORD002586,2030-01-29,Fashion,Jeans,17437.56,5,87187.8,Chennai,4.2,Cash on Delivery
ORD002587,2030-01-30,Home & Kitchen,T-shirt,49471.15,6,296826.9,Pune,4.7,Cash on Delivery
ORD002588,2030-01-31,Electronics,Face Cream,10227.26,4,40909.04,Hyderabad,4.5,UPI
ORD002589,2030-02-01,Electronics,Smartphone,29543.09,8,236344.72,Ahmedabad,4.9,Credit Card
ORD002590,2030-02-02,Electronics,Headphones,42225.56,3,126676.68,Indore,4.9,Credit Card
ORD002591,2030-02-03,Fashion,Smartphone,29534.65,5,147673.25,Bangalore,4.5,UPI
ORD002592,2030-02-04,Fashion,Cricket Bat,18927.38,2,37854.76,Indore,3.6,Cash on Delivery
ORD002593,2030-02-05,Electronics,Mixer,4471.31,3,13413.93,Indore,3.4,Credit Card
ORD002594,2030-02-06,Fashion,Jeans,18402.41,8,147219.28,Indore,3.9,Credit Card
ORD002595,2030-02-07,Sports,Jeans,9512.34,5,47561.7,Hyderabad,5.0,Cash on Delivery
ORD002596,2030-02-08,Sports,Headphones,48062.71,3,144188.13,Indore,3.8,Wallet
ORD002597,2030-02-09,Fashion,Face Cream,35894.08,5,179470.4,Pune,3.4,UPI
ORD002598,2030-02-10,Electronics,Face Cream,37594.47,9,338350.23,Bangalore,4.9,Credit Card
ORD002599,2030-02-11,Fashion,Lipstick,22080.48,3,66241.44,Delhi,3.8,Cash on Delivery
ORD002600,2030-02-12,Fashion,Football,5943.26,7,41602.82,Indore,4.4,Wallet
ORD002601,2030-02-13,Fashion,Smartphone,13702.47,8,109619.76,Indore,4.6,Cash on Delivery
ORD002602,2030-02-14,Home & Kitchen,Pressure Cooker,13355.7,5,66778.5,Delhi,4.7,Cash on Delivery
ORD002603,2030-02-15,Sports,Headphones,24595.58,3,73786.74,Indore,4.6,Wallet
ORD002604,2030-02-16,Beauty,Laptop,23318.5,6,139911.0,Delhi,4.7,UPI
ORD002605,2030-02-17,Beauty,Lipstick,21953.71,3,65861.13,Mumbai,4.3,Credit Card
ORD002606,2030-02-18,Home & Kitchen,Saree,25050.88,9,225457.92,Ahmedabad,3.8,UPI
ORD002607,2030-02-19,Fashion,Smartphone,49357.64,2,98715.28,Hyderabad,4.3,UPI
ORD002608,2030-02-20,Home & Kitchen,Lipstick,15268.5,3,45805.5,Hyderabad,4.7,Cash on Delivery
ORD002609,2030-02-21,Home & Kitchen,Headphones,30955.82,7,216690.74,Delhi,3.7,Cash on Delivery
ORD002610,2030-02-22,Electronics,Pressure Cooker,12355.63,8,98845.04,Chennai,3.6,Cash on Delivery
ORD002611,2030-02-23,Sports,Laptop,23597.01,5,117985.05,Hyderabad,3.7,UPI
ORD002612,2030-02-24,Beauty,Mixer,10402.44,5,52012.2,Bangalore,4.1,Credit Card
ORD002613,2030-02-25,Fashion,Lipstick,28130.52,5,140652.6,Hyderabad,3.1,Cash on Delivery
ORD002614,2030-02-26,Beauty,Mixer,13618.08,4,54472.32,Hyderabad,4.6,Wallet
ORD002615,2030-02-27,Beauty,T-shirt,2321.05,9,20889.45,Ahmedabad,3.3,Credit Card
ORD002616,2030-02-28,Sports,Jeans,40855.92,6,245135.52,Ahmedabad,3.3,Credit Card
ORD002617,2030-03-01,Beauty,Cricket Bat,6848.63,8,54789.04,Bangalore,3.4,Credit Card
ORD002618,2030-03-02,Beauty,Jeans,18717.92,8,149743.36,Delhi,4.2,Wallet
ORD002619,2030-03-03,Home & Kitchen,Saree,24120.29,5,120601.45,Pune,3.6,Wallet
ORD002620,2030-03-04,Sports,Face Cream,21907.76,9,197169.84,Pune,3.7,Cash on Delivery
ORD002621,2030-03-05,Electronics,Football,36420.46,2,72840.92,Delhi,4.9,Credit Card
ORD002622,2030-03-06,Fashion,Pressure Cooker,30040.44,8,240323.52,Bangalore,4.7,UPI
ORD002623,2030-03-07,Beauty,Laptop,15120.87,3,45362.61,Pune,4.7,UPI
ORD002624,2030-03-08,Fashion,Mixer,3059.3,7,21415.1,Ahmedabad,4.2,UPI
ORD002625,2030-03-09,Electronics,Headphones,38495.96,9,346463.64,Hyderabad,4.7,Cash on Delivery
ORD002626,2030-03-10,Fashion,Mixer,17950.09,5,89750.45,Indore,4.6,UPI
ORD002627,2030-03-11,Electronics,Pressure Cooker,44541.37,8,356330.96,Hyderabad,4.9,Credit Card
ORD002628,2030-03-12,Home & Kitchen,Football,20055.31,4,80221.24,Delhi,3.1,Cash on Delivery
ORD002629,2030-03-13,Beauty,Headphones,36024.1,1,36024.1,Indore,3.1,Cash on Delivery
ORD002630,2030-03-14,Electronics,Headphones,47008.45,1,47008.45,Mumbai,3.4,Wallet
ORD002631,2030-03-15,Fashion,Saree,32732.05,6,196392.3,Delhi,4.9,Credit Card
ORD002632,2030-03-16,Beauty,Pressure Cooker,20967.7,8,167741.6,Bangalore,4.2,UPI
ORD002633,2030-03-17,Home & Kitchen,Lipstick,28586.26,2,57172.52,Indore,3.9,Credit Card
ORD002634,2030-03-18,Beauty,Football,27400.54,4,109602.16,Mumbai,4.0,Credit Card
ORD002635,2030-03-19,Electronics,Jeans,29448.59,3,88345.77,Pune,4.7,Cash on Delivery
ORD002636,2030-03-20,Home & Kitchen,Football,7767.59,9,69908.31,Mumbai,4.9,UPI
ORD002637,2030-03-21,Fashion,Face Cream,35076.24,3,105228.72,Ahmedabad,4.5,UPI
ORD002638,2030-03-22,Home & Kitchen,T-shirt,7679.64,8,61437.12,Bangalore,4.5,UPI
ORD002639,2030-03-23,Home & Kitchen,Football,1223.54,7,8564.78,Indore,3.6,Wallet
ORD002640,2030-03-24,Sports,Mixer,31426.61,1,31426.61,Chennai,3.9,Credit Card
ORD002641,2030-03-25,Home & Kitchen,Lipstick,6287.22,8,50297.76,Delhi,4.8,Cash on Delivery
ORD002642,2030-03-26,Home & Kitchen,T-shirt,38635.38,9,347718.42,Hyderabad,4.6,Cash on Delivery
ORD002643,2030-03-27,Beauty,Laptop,43365.31,8,346922.48,Pune,4.4,Cash on Delivery
ORD002644,2030-03-28,Fashion,Cricket Bat,47264.47,1,47264.47,Indore,3.1,UPI
ORD002645,2030-03-29,Beauty,Face Cream,33391.61,7,233741.27,Ahmedabad,3.1,UPI
ORD002646,2030-03-30,Beauty,Mixer,24359.74,9,219237.66,Delhi,3.3,Cash on Delivery
ORD002647,2030-03-31,Electronics,Saree,17937.91,5,89689.55,Bangalore,4.2,Credit Card
ORD002648,2030-04-01,Beauty,T-shirt,24800.79,2,49601.58,Ahmedabad,4.1,Cash on Delivery
ORD002649,2030-04-02,Sports,Headphones,9922.44,8,79379.52,Hyderabad,4.9,Credit Card
ORD002650,2030-04-03,Sports,Lipstick,17746.92,9,159722.28,Chennai,4.4,Cash on Delivery
ORD002651,2030-04-04,Electronics,Jeans,36037.56,7,252262.92,Pune,3.6,Credit Card
ORD002652,2030-04-05,Fashion,Football,11262.44,5,56312.2,Ahmedabad,3.3,Cash on Delivery
ORD002653,2030-04-06,Fashion,Football,13571.32,8,108570.56,Bangalore,4.7,Wallet
ORD002654,2030-04-07,Beauty,Saree,37591.75,6,225550.5,Delhi,3.9,Wallet
ORD002655,2030-04-08,Beauty,Mixer,9302.88,4,37211.52,Pune,4.3,UPI
ORD002656,2030-04-09,Beauty,Pressure Cooker,12671.44,1,12671.44,Mumbai,4.1,UPI
ORD002657,2030-04-10,Fashion,Lipstick,1368.6,6,8211.6,Bangalore,3.2,UPI
ORD002658,2030-04-11,Home & Kitchen,Saree,36142.55,8,289140.4,Bangalore,3.1,UPI
ORD002659,2030-04-12,Sports,Cricket Bat,31086.23,3,93258.69,Delhi,3.8,Cash on Delivery
ORD002660,2030-04-13,Home & Kitchen,Football,34872.08,7,244104.56,Chennai,3.7,Wallet
ORD002661,2030-04-14,Home & Kitchen,Mixer,11109.22,7,77764.54,Delhi,4.3,UPI
ORD002662,2030-04-15,Fashion,Laptop,34525.13,9,310726.17,Ahmedabad,4.3,Credit Card
ORD002663,2030-04-16,Home & Kitchen,Jeans,30020.64,1,30020.64,Delhi,4.9,Credit Card
ORD002664,2030-04-17,Electronics,Laptop,18623.09,5,93115.45,Chennai,4.7,UPI
ORD002665,2030-04-18,Beauty,T-shirt,22172.38,8,177379.04,Chennai,4.0,UPI
ORD002666,2030-04-19,Electronics,Pressure Cooker,28612.06,3,85836.18,Bangalore,4.0,UPI
ORD002667,2030-04-20,Sports,Football,24917.96,5,124589.8,Mumbai,4.3,Cash on Delivery
ORD002668,2030-04-21,Beauty,T-shirt,32270.49,1,32270.49,Delhi,3.2,Credit Card
ORD002669,2030-04-22,Home & Kitchen,Jeans,9458.49,9,85126.41,Mumbai,5.0,Credit Card
ORD002670,2030-04-23,Sports,Lipstick,27265.14,4,109060.56,Ahmedabad,4.0,Credit Card
ORD002671,2030-04-24,Beauty,Football,22788.83,5,113944.15,Chennai,4.8,Wallet
ORD002672,2030-04-25,Home & Kitchen,T-shirt,23320.51,3,69961.53,Chennai,4.9,Cash on Delivery
ORD002673,2030-04-26,Electronics,Pressure Cooker,23734.41,2,47468.82,Delhi,4.2,Wallet
ORD002674,2030-04-27,Beauty,Smartphone,44132.86,7,308930.02,Bangalore,3.2,Cash on Delivery
ORD002675,2030-04-28,Home & Kitchen,Smartphone,41022.06,5,205110.3,Pune,4.1,Credit Card
ORD002676,2030-04-29,Electronics,Saree,31663.71,3,94991.13,Delhi,4.2,Credit Card
ORD002677,2030-04-30,Sports,Saree,35966.1,2,71932.2,Bangalore,4.6,Wallet
ORD002678,2030-05-01,Sports,Mixer,2618.73,6,15712.38,Hyderabad,3.1,Credit Card
ORD002679,2030-05-02,Sports,Saree,37327.59,6,223965.54,Ahmedabad,3.9,UPI
ORD002680,2030-05-03,Sports,Face Cream,24565.15,3,73695.45,Bangalore,4.8,Cash on Delivery
ORD002681,2030-05-04,Fashion,Cricket Bat,16228.5,9,146056.5,Delhi,5.0,Credit Card
ORD002682,2030-05-05,Beauty,Saree,7418.96,1,7418.96,Delhi,3.4,UPI
ORD002683,2030-05-06,Beauty,Football,4222.84,3,12668.52,Bangalore,4.7,Wallet
ORD002684,2030-05-07,Fashion,Cricket Bat,2721.84,1,2721.84,Mumbai,3.3,Credit Card
ORD002685,2030-05-08,Home & Kitchen,Saree,8508.91,7,59562.37,Bangalore,4.7,Credit Card
ORD002686,2030-05-09,Home & Kitchen,Laptop,1992.12,2,3984.24,Hyderabad,3.6,Cash on Delivery
ORD002687,2030-05-10,Sports,Face Cream,36765.79,4,147063.16,Hyderabad,4.9,Credit Card
ORD002688,2030-05-11,Electronics,Face Cream,12806.4,4,51225.6,Mumbai,4.4,Cash on Delivery
ORD002689,2030-05-12,Home & Kitchen,Headphones,18752.65,8,150021.2,Hyderabad,3.8,Wallet
ORD002690,2030-05-13,Electronics,Cricket Bat,41224.45,4,164897.8,Delhi,3.6,Cash on Delivery
ORD002691,2030-05-14,Beauty,Lipstick,6175.55,3,18526.65,Mumbai,3.5,Wallet
ORD002692,2030-05-15,Electronics,Mixer,41861.9,3,125585.7,Mumbai,4.4,Credit Card
ORD002693,2030-05-16,Beauty,Jeans,32157.25,5,160786.25,Mumbai,4.8,UPI
ORD002694,2030-05-17,Fashion,Cricket Bat,17430.46,6,104582.76,Indore,4.5,Wallet
ORD002695,2030-05-18,Fashion,T-shirt,6331.46,7,44320.22,Ahmedabad,4.7,Credit Card
ORD002696,2030-05-19,Sports,Headphones,5028.89,5,25144.45,Bangalore,4.6,Wallet
ORD002697,2030-05-20,Home & Kitchen,Laptop,17107.96,7,119755.72,Ahmedabad,5.0,Credit Card
ORD002698,2030-05-21,Sports,Smartphone,7446.93,4,29787.72,Bangalore,4.5,Credit Card
ORD002699,2030-05-22,Beauty,Face Cream,13751.66,5,68758.3,Mumbai,3.4,UPI
ORD002700,2030-05-23,Sports,Laptop,3121.31,6,18727.86,Pune,4.6,Cash on Delivery
ORD002701,2030-05-24,Electronics,Saree,29952.92,9,269576.28,Hyderabad,3.6,UPI
ORD002702,2030-05-25,Beauty,Mixer,7691.17,6,46147.02,Indore,5.0,Wallet
ORD002703,2030-05-26,Fashion,Face Cream,37958.25,1,37958.25,Ahmedabad,3.8,UPI
ORD002704,2030-05-27,Home & Kitchen,Headphones,11299.66,7,79097.62,Indore,3.6,Credit Card
ORD002705,2030-05-28,Beauty,T-shirt,39999.84,3,119999.52,Delhi,3.5,Credit Card
ORD002706,2030-05-29,Beauty,Cricket Bat,9899.16,6,59394.96,Delhi,4.3,UPI
ORD002707,2030-05-30,Electronics,Laptop,36207.64,2,72415.28,Bangalore,3.2,Wallet
ORD002708,2030-05-31,Home & Kitchen,Headphones,16987.2,7,118910.4,Chennai,4.9,Cash on Delivery
ORD002709,2030-06-01,Fashion,Cricket Bat,29364.44,1,29364.44,Mumbai,3.6,Cash on Delivery
ORD002710,2030-06-02,Beauty,Football,2413.76,2,4827.52,Chennai,3.6,Credit Card
ORD002711,2030-06-03,Beauty,Mixer,25014.6,9,225131.4,Delhi,3.1,Cash on Delivery
ORD002712,2030-06-04,Electronics,Football,7860.05,9,70740.45,Pune,3.5,Cash on Delivery
ORD002713,2030-06-05,Sports,Face Cream,24572.85,7,172009.95,Bangalore,3.8,Wallet
ORD002714,2030-06-06,Fashion,Jeans,7497.28,2,14994.56,Bangalore,3.7,Cash on Delivery
ORD002715,2030-06-07,Home & Kitchen,Smartphone,22135.91,5,110679.55,Ahmedabad,3.5,UPI
ORD002716,2030-06-08,Beauty,Mixer,5975.73,4,23902.92,Bangalore,3.1,Wallet
ORD002717,2030-06-09,Beauty,Football,11387.6,2,22775.2,Bangalore,3.6,UPI
ORD002718,2030-06-10,Fashion,Saree,29956.41,2,59912.82,Bangalore,4.6,Credit Card
ORD002719,2030-06-11,Sports,Pressure Cooker,48844.7,8,390757.6,Mumbai,3.9,Wallet
ORD002720,2030-06-12,Beauty,Jeans,22734.65,5,113673.25,Indore,3.6,Cash on Delivery
ORD002721,2030-06-13,Fashion,Saree,34515.1,8,276120.8,Ahmedabad,3.6,Wallet
ORD002722,2030-06-14,Electronics,Football,27201.52,2,54403.04,Chennai,4.1,Credit Card
ORD002723,2030-06-15,Sports,Laptop,25168.72,2,50337.44,Pune,3.6,UPI
ORD002724,2030-06-16,Home & Kitchen,Jeans,3702.86,3,11108.58,Indore,4.3,Credit Card
ORD002725,2030-06-17,Beauty,Saree,7642.72,8,61141.76,Delhi,5.0,Wallet
ORD002726,2030-06-18,Fashion,Jeans,44211.36,8,353690.88,Delhi,3.1,UPI
ORD002727,2030-06-19,Electronics,Mixer,20803.13,3,62409.39,Indore,3.3,UPI
ORD002728,2030-06-20,Home & Kitchen,Face Cream,30909.46,1,30909.46,Bangalore,3.4,Wallet
ORD002729,2030-06-21,Fashion,Headphones,26647.55,7,186532.85,Ahmedabad,3.9,Credit Card
ORD002730,2030-06-22,Fashion,Smartphone,19254.68,4,77018.72,Bangalore,3.1,Cash on Delivery
ORD002731,2030-06-23,Home & Kitchen,Smartphone,19696.92,3,59090.76,Indore,4.0,Credit Card
ORD002732,2030-06-24,Electronics,Saree,27995.52,5,139977.6,Bangalore,4.9,Cash on Delivery
ORD002733,2030-06-25,Electronics,Saree,7486.52,6,44919.12,Indore,3.0,Credit Card
ORD002734,2030-06-26,Sports,Jeans,19669.32,1,19669.32,Pune,3.7,Wallet
ORD002735,2030-06-27,Beauty,Laptop,22625.29,9,203627.61,Hyderabad,4.5,Credit Card
ORD002736,2030-06-28,Home & Kitchen,Saree,49263.75,6,295582.5,Delhi,3.3,Credit Card
ORD002737,2030-06-29,Home & Kitchen,Jeans,17897.01,3,53691.03,Bangalore,3.2,Wallet
ORD002738,2030-06-30,Home & Kitchen,Lipstick,32406.66,1,32406.66,Chennai,4.3,Wallet
ORD002739,2030-07-01,Electronics,Football,7302.07,9,65718.63,Hyderabad,3.0,UPI
ORD002740,2030-07-02,Beauty,Smartphone,3741.33,2,7482.66,Mumbai,4.6,Credit Card
ORD002741,2030-07-03,Sports,Football,43641.33,6,261847.98,Pune,3.1,Wallet
ORD002742,2030-07-04,Fashion,Saree,36671.38,6,220028.28,Ahmedabad,4.0,Wallet
ORD002743,2030-07-05,Fashion,Mixer,16216.21,3,48648.63,Hyderabad,4.5,UPI
ORD002744,2030-07-06,Home & Kitchen,T-shirt,25476.61,6,152859.66,Hyderabad,3.5,Wallet
ORD002745,2030-07-07,Beauty,Jeans,7219.34,2,14438.68,Pune,3.2,UPI
ORD002746,2030-07-08,Electronics,Smartphone,35504.43,8,284035.44,Hyderabad,3.4,Wallet
ORD002747,2030-07-09,Beauty,Saree,3981.36,1,3981.36,Ahmedabad,4.7,UPI
ORD002748,2030-07-10,Beauty,Headphones,37973.14,6,227838.84,Chennai,4.4,Credit Card
ORD002749,2030-07-11,Electronics,Jeans,27568.41,1,27568.41,Pune,3.4,Wallet
ORD002750,2030-07-12,Home & Kitchen,Laptop,14303.1,9,128727.9,Delhi,4.4,Wallet
ORD002751,2030-07-13,Beauty,Saree,43197.43,9,388776.87,Pune,4.4,Credit Card
ORD002752,2030-07-14,Fashion,Jeans,49310.56,6,295863.36,Bangalore,5.0,Credit Card
ORD002753,2030-07-15,Electronics,Saree,13090.28,6,78541.68,Ahmedabad,3.8,Credit Card
ORD002754,2030-07-16,Sports,Pressure Cooker,40409.18,9,363682.62,Chennai,4.7,UPI
ORD002755,2030-07-17,Home & Kitchen,T-shirt,37633.23,5,188166.15,Chennai,3.9,Wallet
ORD002756,2030-07-18,Electronics,Cricket Bat,37485.91,9,337373.19,Pune,4.8,Wallet
ORD002757,2030-07-19,Sports,Cricket Bat,47883.16,5,239415.8,Indore,3.2,Cash on Delivery
ORD002758,2030-07-20,Sports,Pressure Cooker,24587.55,4,98350.2,Bangalore,3.4,Cash on Delivery
ORD002759,2030-07-21,Beauty,Jeans,33871.32,2,67742.64,Indore,4.7,Wallet
ORD002760,2030-07-22,Beauty,Laptop,41281.93,2,82563.86,Indore,4.6,UPI
ORD002761,2030-07-23,Beauty,Face Cream,24237.05,1,24237.05,Pune,3.6,UPI
ORD002762,2030-07-24,Electronics,Saree,24330.84,3,72992.52,Ahmedabad,4.2,Cash on Delivery
ORD002763,2030-07-25,Electronics,Jeans,16273.41,1,16273.41,Hyderabad,3.8,Cash on Delivery
ORD002764,2030-07-26,Home & Kitchen,Headphones,39150.87,6,234905.22,Indore,3.0,Cash on Delivery
ORD002765,2030-07-27,Beauty,Laptop,34466.69,7,241266.83,Mumbai,3.1,Cash on Delivery
ORD002766,2030-07-28,Sports,Headphones,22831.43,9,205482.87,Hyderabad,3.1,Cash on Delivery
ORD002767,2030-07-29,Fashion,Face Cream,21257.16,7,148800.12,Hyderabad,4.2,Credit Card
ORD002768,2030-07-30,Home & Kitchen,Pressure Cooker,4093.19,4,16372.76,Indore,3.6,Wallet
ORD002769,2030-07-31,Electronics,Mixer,821.81,4,3287.24,Indore,3.3,Wallet
ORD002770,2030-08-01,Home & Kitchen,Cricket Bat,26680.25,8,213442.0,Delhi,4.9,Cash on Delivery
ORD002771,2030-08-02,Home & Kitchen,Cricket Bat,21165.9,4,84663.6,Ahmedabad,3.2,Wallet
ORD002772,2030-08-03,Home & Kitchen,Football,39903.82,1,39903.82,Hyderabad,4.3,Wallet
ORD002773,2030-08-04,Home & Kitchen,Saree,27361.38,9,246252.42,Mumbai,4.8,Credit Card
ORD002774,2030-08-05,Fashion,T-shirt,46866.95,3,140600.85,Chennai,3.3,Credit Card
ORD002775,2030-08-06,Beauty,Pressure Cooker,10208.97,1,10208.97,Pune,3.4,UPI
ORD002776,2030-08-07,Sports,Jeans,49512.44,9,445611.96,Indore,4.1,UPI
ORD002777,2030-08-08,Home & Kitchen,Pressure Cooker,15247.0,5,76235.0,Hyderabad,4.0,Cash on Delivery
ORD002778,2030-08-09,Home & Kitchen,Jeans,32299.99,9,290699.91,Chennai,4.0,UPI
ORD002779,2030-08-10,Home & Kitchen,Pressure Cooker,25341.76,3,76025.28,Indore,4.1,Cash on Delivery
ORD002780,2030-08-11,Beauty,Mixer,18299.03,6,109794.18,Delhi,4.9,UPI
ORD002781,2030-08-12,Electronics,Lipstick,7395.8,7,51770.6,Pune,3.1,Wallet
ORD002782,2030-08-13,Electronics,T-shirt,7174.29,5,35871.45,Indore,4.5,Wallet
ORD002783,2030-08-14,Fashion,Jeans,35719.54,8,285756.32,Mumbai,3.5,UPI
ORD002784,2030-08-15,Electronics,T-shirt,19193.25,6,115159.5,Bangalore,3.7,Wallet
ORD002785,2030-08-16,Home & Kitchen,Laptop,48084.25,6,288505.5,Ahmedabad,3.2,Wallet
ORD002786,2030-08-17,Home & Kitchen,Pressure Cooker,16619.6,7,116337.2,Bangalore,3.9,Cash on Delivery
ORD002787,2030-08-18,Home & Kitchen,Football,49184.42,8,393475.36,Indore,4.6,Wallet
ORD002788,2030-08-19,Fashion,Saree,10668.45,2,21336.9,Delhi,3.2,UPI
ORD002789,2030-08-20,Home & Kitchen,Smartphone,5589.31,7,39125.17,Mumbai,3.6,Wallet
ORD002790,2030-08-21,Electronics,Laptop,15972.2,9,143749.8,Indore,3.7,Cash on Delivery
ORD002791,2030-08-22,Beauty,Headphones,44336.45,1,44336.45,Ahmedabad,3.2,UPI
ORD002792,2030-08-23,Beauty,Cricket Bat,26331.67,1,26331.67,Chennai,4.5,Cash on Delivery
ORD002793,2030-08-24,Sports,Football,7214.68,7,50502.76,Delhi,4.6,Wallet
ORD002794,2030-08-25,Electronics,Smartphone,10523.7,5,52618.5,Hyderabad,4.7,Wallet
ORD002795,2030-08-26,Home & Kitchen,Mixer,15907.4,1,15907.4,Chennai,4.2,Wallet
ORD002796,2030-08-27,Beauty,Pressure Cooker,29713.25,1,29713.25,Indore,4.0,Credit Card
ORD002797,2030-08-28,Electronics,Lipstick,16952.76,2,33905.52,Hyderabad,3.5,Cash on Delivery
ORD002798,2030-08-29,Beauty,Mixer,37479.18,9,337312.62,Hyderabad,4.3,UPI
ORD002799,2030-08-30,Home & Kitchen,Jeans,31006.53,3,93019.59,Pune,3.9,Wallet
ORD002800,2030-08-31,Beauty,Smartphone,43754.27,9,393788.43,Chennai,4.9,Credit Card
ORD002801,2030-09-01,Sports,Cricket Bat,25297.61,6,151785.66,Pune,4.9,Credit Card
ORD002802,2030-09-02,Sports,Saree,16893.23,6,101359.38,Hyderabad,4.8,Cash on Delivery
ORD002803,2030-09-03,Beauty,Lipstick,49815.44,7,348708.08,Pune,3.7,Wallet
ORD002804,2030-09-04,Electronics,T-shirt,18103.85,8,144830.8,Bangalore,3.7,Cash on Delivery
ORD002805,2030-09-05,Electronics,Pressure Cooker,21715.83,3,65147.49,Pune,4.7,Wallet
ORD002806,2030-09-06,Electronics,Jeans,40551.8,8,324414.4,Chennai,4.5,Wallet
ORD002807,2030-09-07,Beauty,Pressure Cooker,4887.49,6,29324.94,Delhi,4.4,Wallet
ORD002808,2030-09-08,Electronics,Mixer,19631.26,6,117787.56,Bangalore,3.6,Credit Card
ORD002809,2030-09-09,Home & Kitchen,Football,4742.65,3,14227.95,Delhi,4.7,Cash on Delivery
ORD002810,2030-09-10,Sports,Football,7395.64,6,44373.84,Mumbai,4.2,Cash on Delivery
ORD002811,2030-09-11,Home & Kitchen,Smartphone,729.72,8,5837.76,Delhi,3.9,Cash on Delivery
ORD002812,2030-09-12,Electronics,Mixer,972.44,7,6807.08,Chennai,4.7,UPI
ORD002813,2030-09-13,Home & Kitchen,Smartphone,19324.25,7,135269.75,Delhi,3.8,UPI
ORD002814,2030-09-14,Electronics,Saree,40553.61,3,121660.83,Mumbai,4.3,Credit Card
ORD002815,2030-09-15,Beauty,Cricket Bat,29556.72,3,88670.16,Hyderabad,3.9,Credit Card
ORD002816,2030-09-16,Home & Kitchen,T-shirt,31928.25,5,159641.25,Chennai,4.2,Credit Card
ORD002817,2030-09-17,Beauty,Saree,26202.84,5,131014.2,Indore,3.1,Cash on Delivery
ORD002818,2030-09-18,Beauty,Laptop,41079.76,9,369717.84,Bangalore,3.9,Cash on Delivery
ORD002819,2030-09-19,Fashion,Football,44078.75,9,396708.75,Ahmedabad,4.1,Wallet
ORD002820,2030-09-20,Electronics,Cricket Bat,42562.17,5,212810.85,Bangalore,4.0,Cash on Delivery
ORD002821,2030-09-21,Sports,Saree,40700.54,5,203502.7,Delhi,4.7,Credit Card
ORD002822,2030-09-22,Electronics,Lipstick,9544.3,6,57265.8,Bangalore,3.6,Credit Card
ORD002823,2030-09-23,Sports,Pressure Cooker,29896.87,8,239174.96,Pune,4.8,Wallet
ORD002824,2030-09-24,Electronics,Mixer,29317.08,6,175902.48,Mumbai,3.8,UPI
ORD002825,2030-09-25,Beauty,Football,26633.23,6,159799.38,Indore,4.4,Cash on Delivery
ORD002826,2030-09-26,Home & Kitchen,Cricket Bat,24300.23,9,218702.07,Pune,3.2,Cash on Delivery
ORD002827,2030-09-27,Home & Kitchen,Lipstick,4913.94,1,4913.94,Bangalore,3.4,UPI
ORD002828,2030-09-28,Fashion,Mixer,5557.08,4,22228.32,Pune,4.5,Credit Card
ORD002829,2030-09-29,Sports,Laptop,45162.94,2,90325.88,Delhi,3.0,Credit Card
ORD002830,2030-09-30,Sports,Headphones,31694.23,9,285248.07,Ahmedabad,4.9,Credit Card
ORD002831,2030-10-01,Sports,Cricket Bat,13484.7,3,40454.1,Bangalore,3.4,Cash on Delivery
ORD002832,2030-10-02,Beauty,Lipstick,14325.37,2,28650.74,Pune,4.8,UPI
ORD002833,2030-10-03,Sports,Mixer,30704.64,8,245637.12,Ahmedabad,4.0,UPI
ORD002834,2030-10-04,Home & Kitchen,Mixer,20643.28,4,82573.12,Hyderabad,4.1,Credit Card
ORD002835,2030-10-05,Beauty,Saree,22345.55,2,44691.1,Hyderabad,3.2,Cash on Delivery
ORD002836,2030-10-06,Electronics,Smartphone,3502.17,4,14008.68,Bangalore,3.7,UPI
ORD002837,2030-10-07,Sports,Saree,7367.59,7,51573.13,Chennai,3.3,Cash on Delivery
ORD002838,2030-10-08,Sports,Lipstick,19970.85,7,139795.95,Indore,4.1,Wallet
ORD002839,2030-10-09,Electronics,Jeans,35134.48,1,35134.48,Bangalore,4.1,Credit Card
ORD002840,2030-10-10,Sports,Pressure Cooker,2877.26,1,2877.26,Ahmedabad,4.4,Credit Card
ORD002841,2030-10-11,Electronics,Cricket Bat,17060.61,3,51181.83,Hyderabad,4.8,Wallet
ORD002842,2030-10-12,Beauty,Saree,34906.06,2,69812.12,Ahmedabad,3.9,UPI
ORD002843,2030-10-13,Home & Kitchen,Mixer,39706.51,3,119119.53,Hyderabad,3.5,Credit Card
ORD002844,2030-10-14,Electronics,Mixer,9915.92,4,39663.68,Mumbai,3.7,UPI
ORD002845,2030-10-15,Fashion,Headphones,36708.61,7,256960.27,Delhi,4.7,Credit Card
ORD002846,2030-10-16,Electronics,Cricket Bat,47792.88,2,95585.76,Mumbai,3.3,Wallet
ORD002847,2030-10-17,Sports,Headphones,45387.2,7,317710.4,Chennai,4.3,Wallet
ORD002848,2030-10-18,Beauty,Face Cream,39574.12,5,197870.6,Delhi,3.0,UPI
ORD002849,2030-10-19,Beauty,Football,35760.17,8,286081.36,Bangalore,3.5,Credit Card
ORD002850,2030-10-20,Electronics,Pressure Cooker,12139.35,8,97114.8,Bangalore,4.2,Credit Card
ORD002851,2030-10-21,Home & Kitchen,Laptop,31878.21,5,159391.05,Chennai,3.9,Cash on Delivery
ORD002852,2030-10-22,Fashion,Saree,32342.06,8,258736.48,Indore,4.0,Cash on Delivery
ORD002853,2030-10-23,Beauty,T-shirt,20637.66,9,185738.94,Hyderabad,4.3,Credit Card
ORD002854,2030-10-24,Sports,Lipstick,24904.27,7,174329.89,Indore,3.5,UPI
ORD002855,2030-10-25,Sports,Lipstick,34854.41,6,209126.46,Bangalore,3.6,Wallet
ORD002856,2030-10-26,Home & Kitchen,Laptop,47629.03,7,333403.21,Mumbai,4.4,Credit Card
ORD002857,2030-10-27,Beauty,Football,15117.66,7,105823.62,Hyderabad,4.1,Cash on Delivery
ORD002858,2030-10-28,Electronics,Cricket Bat,12694.98,3,38084.94,Bangalore,3.0,Wallet
ORD002859,2030-10-29,Sports,Saree,30289.44,6,181736.64,Hyderabad,4.3,UPI
ORD002860,2030-10-30,Home & Kitchen,Football,6974.56,6,41847.36,Indore,4.2,Credit Card
ORD002861,2030-10-31,Beauty,Pressure Cooker,29335.38,9,264018.42,Delhi,3.2,Credit Card
ORD002862,2030-11-01,Beauty,Face Cream,4898.15,1,4898.15,Bangalore,4.5,Wallet
ORD002863,2030-11-02,Beauty,Smartphone,24783.9,7,173487.3,Bangalore,4.0,Wallet
ORD002864,2030-11-03,Beauty,Headphones,31210.51,1,31210.51,Ahmedabad,3.4,Cash on Delivery
ORD002865,2030-11-04,Beauty,Laptop,3970.43,4,15881.72,Hyderabad,4.1,UPI
ORD002866,2030-11-05,Sports,Smartphone,10744.18,7,75209.26,Delhi,4.2,Wallet
ORD002867,2030-11-06,Home & Kitchen,Headphones,17101.03,6,102606.18,Mumbai,4.8,UPI
ORD002868,2030-11-07,Beauty,Laptop,18745.64,6,112473.84,Ahmedabad,4.5,UPI
ORD002869,2030-11-08,Fashion,Lipstick,33967.18,5,169835.9,Delhi,3.6,Credit Card
ORD002870,2030-11-09,Fashion,Lipstick,26686.56,7,186805.92,Mumbai,3.2,Wallet
ORD002871,2030-11-10,Home & Kitchen,Mixer,19414.37,9,174729.33,Pune,4.7,Wallet
ORD002872,2030-11-11,Electronics,Headphones,22808.47,6,136850.82,Pune,4.7,Cash on Delivery
ORD002873,2030-11-12,Electronics,T-shirt,1142.35,7,7996.45,Ahmedabad,3.4,Credit Card
ORD002874,2030-11-13,Electronics,Pressure Cooker,38641.0,9,347769.0,Chennai,3.1,Wallet
ORD002875,2030-11-14,Fashion,Jeans,2529.73,7,17708.11,Indore,4.4,Wallet
ORD002876,2030-11-15,Electronics,Cricket Bat,41551.22,6,249307.32,Ahmedabad,4.4,Cash on Delivery
ORD002877,2030-11-16,Sports,Cricket Bat,27279.33,3,81837.99,Delhi,3.4,Cash on Delivery
ORD002878,2030-11-17,Beauty,Football,26627.05,1,26627.05,Mumbai,4.3,UPI
ORD002879,2030-11-18,Fashion,Headphones,35376.64,9,318389.76,Hyderabad,3.6,Credit Card
ORD002880,2030-11-19,Home & Kitchen,Laptop,43048.2,7,301337.4,Mumbai,3.5,UPI
ORD002881,2030-11-20,Home & Kitchen,Face Cream,47160.98,3,141482.94,Chennai,3.6,Cash on Delivery
ORD002882,2030-11-21,Beauty,Football,27396.81,9,246571.29,Mumbai,4.0,Wallet
ORD002883,2030-11-22,Fashion,Laptop,7957.58,3,23872.74,Indore,4.6,Wallet
ORD002884,2030-11-23,Electronics,Jeans,43992.23,3,131976.69,Pune,4.0,Cash on Delivery
ORD002885,2030-11-24,Electronics,Pressure Cooker,2513.26,7,17592.82,Ahmedabad,3.6,UPI
ORD002886,2030-11-25,Sports,Saree,40463.19,2,80926.38,Delhi,4.8,UPI
ORD002887,2030-11-26,Sports,Pressure Cooker,34180.87,7,239266.09,Mumbai,3.1,Cash on Delivery
ORD002888,2030-11-27,Electronics,Football,45284.02,7,316988.14,Delhi,4.6,Wallet
ORD002889,2030-11-28,Home & Kitchen,Saree,44924.43,1,44924.43,Chennai,4.6,Credit Card
ORD002890,2030-11-29,Home & Kitchen,Jeans,3131.13,2,6262.26,Mumbai,3.5,UPI
ORD002891,2030-11-30,Sports,Saree,30667.6,5,153338.0,Mumbai,3.4,Credit Card
ORD002892,2030-12-01,Beauty,T-shirt,6671.24,4,26684.96,Chennai,4.7,Wallet
ORD002893,2030-12-02,Electronics,Football,4384.2,3,13152.6,Indore,4.1,Cash on Delivery
ORD002894,2030-12-03,Sports,Mixer,22689.72,8,181517.76,Mumbai,3.1,UPI
ORD002895,2030-12-04,Sports,Pressure Cooker,5331.08,7,37317.56,Delhi,4.8,UPI
ORD002896,2030-12-05,Electronics,Saree,36531.17,9,328780.53,Indore,3.7,Wallet
ORD002897,2030-12-06,Electronics,Lipstick,48462.57,3,145387.71,Bangalore,3.7,Cash on Delivery
ORD002898,2030-12-07,Home & Kitchen,T-shirt,28694.36,1,28694.36,Indore,4.3,UPI
ORD002899,2030-12-08,Beauty,Pressure Cooker,12140.86,9,109267.74,Pune,4.3,Wallet
ORD002900,2030-12-09,Beauty,Saree,42238.72,9,380148.48,Bangalore,3.7,UPI
ORD002901,2030-12-10,Electronics,Lipstick,42728.62,1,42728.62,Pune,3.3,Credit Card
ORD002902,2030-12-11,Fashion,Jeans,36772.91,8,294183.28,Delhi,4.1,UPI
ORD002903,2030-12-12,Sports,Jeans,30949.04,1,30949.04,Pune,4.3,Wallet
ORD002904,2030-12-13,Sports,Headphones,43455.73,6,260734.38,Ahmedabad,4.7,Credit Card
ORD002905,2030-12-14,Electronics,Cricket Bat,8582.94,9,77246.46,Mumbai,4.0,UPI
ORD002906,2030-12-15,Fashion,Smartphone,46614.21,3,139842.63,Delhi,4.3,UPI
ORD002907,2030-12-16,Home & Kitchen,Lipstick,47386.56,6,284319.36,Chennai,3.1,Cash on Delivery
ORD002908,2030-12-17,Electronics,Headphones,43663.62,3,130990.86,Delhi,4.8,Cash on Delivery
ORD002909,2030-12-18,Electronics,T-shirt,12907.77,5,64538.85,Bangalore,3.7,UPI
ORD002910,2030-12-19,Sports,Saree,42979.83,7,300858.81,Ahmedabad,4.3,Credit Card
ORD002911,2030-12-20,Electronics,Pressure Cooker,25133.09,4,100532.36,Pune,4.8,Cash on Delivery
ORD002912,2030-12-21,Electronics,Laptop,29949.05,4,119796.2,Indore,4.6,Cash on Delivery
ORD002913,2030-12-22,Electronics,Lipstick,42109.73,7,294768.11,Pune,4.3,Cash on Delivery
ORD002914,2030-12-23,Sports,Football,1964.35,5,9821.75,Hyderabad,4.4,Wallet
ORD002915,2030-12-24,Home & Kitchen,Smartphone,18465.66,1,18465.66,Chennai,4.8,UPI
ORD002916,2030-12-25,Home & Kitchen,Football,40876.82,2,81753.64,Mumbai,4.6,Credit Card
ORD002917,2030-12-26,Electronics,Face Cream,40790.76,6,244744.56,Pune,4.2,Credit Card
ORD002918,2030-12-27,Sports,Laptop,42510.05,9,382590.45,Indore,4.3,UPI
ORD002919,2030-12-28,Home & Kitchen,Mixer,8876.19,7,62133.33,Delhi,3.3,Cash on Delivery
ORD002920,2030-12-29,Home & Kitchen,Smartphone,35441.39,4,141765.56,Chennai,3.9,Credit Card
ORD002921,2030-12-30,Home & Kitchen,Headphones,7751.92,2,15503.84,Ahmedabad,3.6,Wallet
ORD002922,2030-12-31,Sports,Smartphone,39362.35,4,157449.4,Bangalore,3.9,Wallet
ORD002923,2031-01-01,Sports,Saree,12633.74,5,63168.7,Pune,4.3,Credit Card
ORD002924,2031-01-02,Electronics,Pressure Cooker,37021.98,2,74043.96,Mumbai,3.3,Wallet
ORD002925,2031-01-03,Beauty,Face Cream,23022.58,1,23022.58,Delhi,3.0,UPI
ORD002926,2031-01-04,Home & Kitchen,T-shirt,49320.04,4,197280.16,Pune,3.8,Wallet
ORD002927,2031-01-05,Beauty,Football,29204.74,6,175228.44,Indore,3.6,Wallet
ORD002928,2031-01-06,Sports,Laptop,31812.68,1,31812.68,Delhi,3.8,Credit Card
ORD002929,2031-01-07,Sports,Smartphone,18724.09,1,18724.09,Mumbai,4.9,Wallet
ORD002930,2031-01-08,Sports,Saree,36858.75,9,331728.75,Indore,4.4,Credit Card
ORD002931,2031-01-09,Beauty,Jeans,24996.84,5,124984.2,Hyderabad,3.7,Cash on Delivery
ORD002932,2031-01-10,Sports,Football,1394.3,2,2788.6,Hyderabad,3.4,Cash on Delivery
ORD002933,2031-01-11,Electronics,Smartphone,30624.79,2,61249.58,Chennai,4.2,Wallet
ORD002934,2031-01-12,Sports,Smartphone,41607.75,4,166431.0,Pune,4.3,Cash on Delivery
ORD002935,2031-01-13,Fashion,Cricket Bat,12221.69,2,24443.38,Delhi,4.0,Credit Card
ORD002936,2031-01-14,Beauty,Laptop,11442.66,4,45770.64,Ahmedabad,3.4,Cash on Delivery
ORD002937,2031-01-15,Fashion,Cricket Bat,30639.87,6,183839.22,Chennai,3.1,UPI
ORD002938,2031-01-16,Sports,Football,40989.97,7,286929.79,Mumbai,3.5,Cash on Delivery
ORD002939,2031-01-17,Electronics,Cricket Bat,12856.21,6,77137.26,Indore,3.9,Cash on Delivery
ORD002940,2031-01-18,Home & Kitchen,Pressure Cooker,46647.0,4,186588.0,Chennai,4.6,Credit Card
ORD002941,2031-01-19,Sports,Saree,46405.67,3,139217.01,Pune,4.7,Cash on Delivery
ORD002942,2031-01-20,Electronics,Cricket Bat,10426.57,4,41706.28,Delhi,3.8,Wallet
ORD002943,2031-01-21,Beauty,Smartphone,13557.33,5,67786.65,Pune,4.6,UPI
ORD002944,2031-01-22,Fashion,Football,35179.64,4,140718.56,Ahmedabad,5.0,Cash on Delivery
ORD002945,2031-01-23,Fashion,Headphones,47610.79,3,142832.37,Hyderabad,4.4,Cash on Delivery
ORD002946,2031-01-24,Fashion,Headphones,35639.19,1,35639.19,Hyderabad,4.5,Wallet
ORD002947,2031-01-25,Beauty,Jeans,22522.55,3,67567.65,Ahmedabad,4.8,UPI
ORD002948,2031-01-26,Electronics,Headphones,8865.57,5,44327.85,Mumbai,3.7,UPI
ORD002949,2031-01-27,Beauty,Jeans,23319.99,6,139919.94,Bangalore,3.0,Cash on Delivery
ORD002950,2031-01-28,Fashion,Headphones,30535.01,4,122140.04,Chennai,5.0,Credit Card
ORD002951,2031-01-29,Sports,Mixer,16882.12,1,16882.12,Mumbai,4.0,UPI
ORD002952,2031-01-30,Home & Kitchen,Jeans,25757.76,7,180304.32,Hyderabad,4.6,UPI
ORD002953,2031-01-31,Beauty,Lipstick,6945.6,9,62510.4,Pune,4.6,Credit Card
ORD002954,2031-02-01,Beauty,Laptop,22883.31,6,137299.86,Delhi,3.8,UPI
ORD002955,2031-02-02,Electronics,Football,4993.4,6,29960.4,Delhi,4.1,UPI
ORD002956,2031-02-03,Electronics,Laptop,2929.89,9,26369.01,Indore,4.1,Credit Card
ORD002957,2031-02-04,Beauty,Laptop,42933.38,4,171733.52,Bangalore,3.4,Cash on Delivery
ORD002958,2031-02-05,Fashion,Saree,10651.54,5,53257.7,Ahmedabad,3.2,Credit Card
ORD002959,2031-02-06,Home & Kitchen,Pressure Cooker,28970.19,5,144850.95,Ahmedabad,4.1,Wallet
ORD002960,2031-02-07,Electronics,T-shirt,7874.65,5,39373.25,Bangalore,3.2,Wallet
ORD002961,2031-02-08,Fashion,Pressure Cooker,13495.11,8,107960.88,Hyderabad,3.7,Cash on Delivery
ORD002962,2031-02-09,Sports,Jeans,18386.3,1,18386.3,Bangalore,3.4,Wallet
ORD002963,2031-02-10,Electronics,Pressure Cooker,7611.98,3,22835.94,Bangalore,4.4,Wallet
ORD002964,2031-02-11,Fashion,Football,2775.13,8,22201.04,Delhi,4.7,UPI
ORD002965,2031-02-12,Fashion,Headphones,43919.41,9,395274.69,Indore,4.2,UPI
ORD002966,2031-02-13,Home & Kitchen,Jeans,1085.73,2,2171.46,Chennai,3.8,Cash on Delivery
ORD002967,2031-02-14,Home & Kitchen,Face Cream,3535.39,4,14141.56,Pune,5.0,Wallet
ORD002968,2031-02-15,Sports,Pressure Cooker,40351.07,8,322808.56,Delhi,3.0,Wallet
ORD002969,2031-02-16,Fashion,Pressure Cooker,14459.41,5,72297.05,Indore,3.6,Credit Card
ORD002970,2031-02-17,Fashion,Cricket Bat,36279.6,1,36279.6,Delhi,3.6,UPI
ORD002971,2031-02-18,Home & Kitchen,Mixer,7738.17,6,46429.02,Hyderabad,3.7,Credit Card
ORD002972,2031-02-19,Electronics,Saree,12245.45,9,110209.05,Indore,3.5,Wallet
ORD002973,2031-02-20,Electronics,Jeans,28852.44,9,259671.96,Ahmedabad,3.5,Cash on Delivery
ORD002974,2031-02-21,Beauty,T-shirt,49437.47,1,49437.47,Indore,3.5,Wallet
ORD002975,2031-02-22,Home & Kitchen,Laptop,4135.5,4,16542.0,Hyderabad,4.0,Cash on Delivery
ORD002976,2031-02-23,Beauty,Smartphone,20327.45,1,20327.45,Ahmedabad,3.8,Cash on Delivery
ORD002977,2031-02-24,Home & Kitchen,Face Cream,2632.51,7,18427.57,Indore,4.3,Credit Card
ORD002978,2031-02-25,Sports,Lipstick,10361.71,3,31085.13,Pune,4.0,Wallet
ORD002979,2031-02-26,Fashion,Pressure Cooker,45419.82,2,90839.64,Chennai,3.4,Credit Card
ORD002980,2031-02-27,Sports,Laptop,5274.78,8,42198.24,Mumbai,4.6,Wallet
ORD002981,2031-02-28,Home & Kitchen,Headphones,42914.37,9,386229.33,Bangalore,3.9,Cash on Delivery
ORD002982,2031-03-01,Fashion,Lipstick,9301.26,7,65108.82,Indore,3.3,UPI
ORD002983,2031-03-02,Electronics,Football,43158.35,6,258950.1,Bangalore,3.3,Wallet
ORD002984,2031-03-03,Electronics,Football,27132.09,6,162792.54,Delhi,4.6,Cash on Delivery
ORD002985,2031-03-04,Beauty,Mixer,43971.23,9,395741.07,Delhi,4.4,UPI
ORD002986,2031-03-05,Home & Kitchen,Laptop,8009.33,5,40046.65,Indore,4.0,Wallet
ORD002987,2031-03-06,Home & Kitchen,Cricket Bat,38220.81,5,191104.05,Indore,3.6,UPI
ORD002988,2031-03-07,Electronics,Laptop,34194.58,2,68389.16,Indore,3.9,Wallet
ORD002989,2031-03-08,Sports,Mixer,27375.2,6,164251.2,Pune,4.3,Wallet
ORD002990,2031-03-09,Fashion,Laptop,40624.07,6,243744.42,Pune,4.8,UPI
ORD002991,2031-03-10,Sports,Face Cream,32589.66,6,195537.96,Chennai,4.1,Credit Card
ORD002992,2031-03-11,Sports,Pressure Cooker,43913.82,4,175655.28,Indore,3.6,UPI
ORD002993,2031-03-12,Electronics,Face Cream,19362.58,7,135538.06,Pune,3.1,UPI
ORD002994,2031-03-13,Electronics,Face Cream,29701.2,9,267310.8,Bangalore,3.4,Cash on Delivery
ORD002995,2031-03-14,Electronics,Laptop,43594.74,1,43594.74,Delhi,4.3,UPI
ORD002996,2031-03-15,Beauty,Cricket Bat,11133.3,3,33399.9,Delhi,3.3,Wallet
ORD002997,2031-03-16,Sports,Saree,24544.2,9,220897.8,Pune,4.0,Wallet
ORD002998,2031-03-17,Home & Kitchen,Mixer,48056.72,5,240283.6,Indore,4.4,UPI
ORD002999,2031-03-18,Fashion,Cricket Bat,23943.29,6,143659.74,Hyderabad,3.6,Cash on Delivery
ORD003000,2031-03-19,Beauty,Jeans,13015.06,8,104120.48,Pune,4.3,Wallet
ORD003001,2031-03-20,Home & Kitchen,Laptop,17878.27,9,160904.43,Mumbai,4.2,Credit Card
ORD003002,2031-03-21,Sports,T-shirt,44311.66,8,354493.28,Indore,3.9,UPI
ORD003003,2031-03-22,Electronics,Laptop,47766.71,3,143300.13,Ahmedabad,4.8,Credit Card
ORD003004,2031-03-23,Sports,Mixer,47530.33,1,47530.33,Chennai,4.4,Cash on Delivery
ORD003005,2031-03-24,Fashion,Lipstick,35097.65,5,175488.25,Mumbai,3.7,Credit Card
ORD003006,2031-03-25,Beauty,Cricket Bat,25725.29,7,180077.03,Mumbai,4.6,UPI
ORD003007,2031-03-26,Beauty,T-shirt,9543.1,2,19086.2,Indore,4.5,Credit Card
ORD003008,2031-03-27,Fashion,Jeans,6599.44,1,6599.44,Chennai,4.6,Wallet
ORD003009,2031-03-28,Home & Kitchen,Headphones,3458.45,4,13833.8,Pune,4.3,Credit Card
ORD003010,2031-03-29,Home & Kitchen,Jeans,1376.89,3,4130.67,Bangalore,3.8,Cash on Delivery
ORD003011,2031-03-30,Beauty,Cricket Bat,43966.78,4,175867.12,Indore,3.7,Cash on Delivery
ORD003012,2031-03-31,Beauty,Football,40549.77,1,40549.77,Delhi,4.3,Cash on Delivery
ORD003013,2031-04-01,Electronics,Lipstick,28607.16,2,57214.32,Chennai,3.3,Wallet
ORD003014,2031-04-02,Home & Kitchen,Cricket Bat,49936.8,1,49936.8,Delhi,4.6,Cash on Delivery
ORD003015,2031-04-03,Fashion,Smartphone,47676.08,3,143028.24,Pune,3.7,Wallet
ORD003016,2031-04-04,Home & Kitchen,T-shirt,32927.89,4,131711.56,Pune,4.3,Cash on Delivery
ORD003017,2031-04-05,Electronics,Lipstick,23496.44,1,23496.44,Pune,4.0,Cash on Delivery
ORD003018,2031-04-06,Beauty,T-shirt,8032.45,6,48194.7,Indore,4.0,Cash on Delivery
ORD003019,2031-04-07,Beauty,Cricket Bat,26021.89,2,52043.78,Pune,4.5,Wallet
ORD003020,2031-04-08,Electronics,Saree,8308.31,5,41541.55,Indore,4.3,Cash on Delivery
ORD003021,2031-04-09,Fashion,T-shirt,20223.34,8,161786.72,Hyderabad,3.5,Wallet
ORD003022,2031-04-10,Beauty,Smartphone,47161.08,4,188644.32,Mumbai,3.1,Wallet
ORD003023,2031-04-11,Sports,Pressure Cooker,17427.96,5,87139.8,Hyderabad,4.7,Wallet
ORD003024,2031-04-12,Beauty,Lipstick,8062.97,9,72566.73,Pune,4.8,Credit Card
ORD003025,2031-04-13,Sports,Football,29328.63,2,58657.26,Mumbai,3.3,Cash on Delivery
ORD003026,2031-04-14,Electronics,Smartphone,30317.03,2,60634.06,Pune,3.6,Wallet
ORD003027,2031-04-15,Electronics,Smartphone,10093.31,6,60559.86,Pune,3.6,Credit Card
ORD003028,2031-04-16,Beauty,Headphones,10231.04,6,61386.24,Ahmedabad,4.9,UPI
ORD003029,2031-04-17,Home & Kitchen,Saree,49482.71,3,148448.13,Bangalore,3.4,Wallet
ORD003030,2031-04-18,Sports,Laptop,12542.41,9,112881.69,Chennai,3.3,Wallet
ORD003031,2031-04-19,Fashion,Saree,41990.51,1,41990.51,Bangalore,3.4,Cash on Delivery
ORD003032,2031-04-20,Beauty,Mixer,23781.03,3,71343.09,Mumbai,4.5,Wallet
ORD003033,2031-04-21,Fashion,Headphones,22031.97,8,176255.76,Ahmedabad,4.8,UPI
ORD003034,2031-04-22,Beauty,Cricket Bat,15100.64,8,120805.12,Indore,3.8,Wallet
ORD003035,2031-04-23,Home & Kitchen,Cricket Bat,38804.38,4,155217.52,Pune,3.3,Wallet
ORD003036,2031-04-24,Home & Kitchen,Jeans,44092.71,8,352741.68,Hyderabad,4.2,Cash on Delivery
ORD003037,2031-04-25,Home & Kitchen,Laptop,13425.81,8,107406.48,Pune,3.4,Wallet
ORD003038,2031-04-26,Home & Kitchen,Mixer,5207.29,1,5207.29,Mumbai,3.1,UPI
ORD003039,2031-04-27,Electronics,Face Cream,7277.52,3,21832.56,Pune,4.8,Credit Card
ORD003040,2031-04-28,Electronics,Face Cream,39743.77,1,39743.77,Indore,4.7,Cash on Delivery
ORD003041,2031-04-29,Sports,T-shirt,22073.43,2,44146.86,Bangalore,5.0,Credit Card
ORD003042,2031-04-30,Fashion,Saree,7029.78,4,28119.12,Indore,3.9,UPI
ORD003043,2031-05-01,Beauty,Lipstick,17344.27,3,52032.81,Indore,3.6,Wallet
ORD003044,2031-05-02,Beauty,Smartphone,25954.66,6,155727.96,Bangalore,4.5,Credit Card
ORD003045,2031-05-03,Electronics,T-shirt,42676.56,5,213382.8,Hyderabad,3.4,Cash on Delivery
ORD003046,2031-05-04,Beauty,Football,32266.29,5,161331.45,Pune,3.5,Credit Card
ORD003047,2031-05-05,Electronics,Jeans,9213.62,7,64495.34,Indore,3.5,Wallet
ORD003048,2031-05-06,Sports,Saree,8355.78,7,58490.46,Hyderabad,4.9,Credit Card
ORD003049,2031-05-07,Fashion,Face Cream,20910.54,9,188194.86,Indore,4.5,UPI
ORD003050,2031-05-08,Sports,Lipstick,4222.05,8,33776.4,Indore,3.3,Wallet
ORD003051,2031-05-09,Home & Kitchen,Jeans,37901.07,3,113703.21,Bangalore,3.2,Wallet
ORD003052,2031-05-10,Home & Kitchen,Smartphone,20371.96,2,40743.92,Mumbai,4.7,Wallet
ORD003053,2031-05-11,Home & Kitchen,Headphones,17479.68,1,17479.68,Pune,4.6,UPI
ORD003054,2031-05-12,Sports,Face Cream,25700.86,6,154205.16,Mumbai,4.3,Cash on Delivery
ORD003055,2031-05-13,Beauty,Laptop,35593.36,4,142373.44,Chennai,3.4,UPI
ORD003056,2031-05-14,Fashion,Face Cream,28682.67,3,86048.01,Bangalore,4.0,Wallet
ORD003057,2031-05-15,Home & Kitchen,Face Cream,40218.94,2,80437.88,Chennai,4.2,Wallet
ORD003058,2031-05-16,Home & Kitchen,Headphones,31653.45,2,63306.9,Indore,4.9,Credit Card
ORD003059,2031-05-17,Home & Kitchen,Lipstick,39504.53,4,158018.12,Ahmedabad,3.3,UPI
ORD003060,2031-05-18,Fashion,Headphones,34990.72,1,34990.72,Bangalore,4.0,Cash on Delivery
ORD003061,2031-05-19,Home & Kitchen,Lipstick,10059.58,6,60357.48,Chennai,3.3,Wallet
ORD003062,2031-05-20,Fashion,Mixer,3091.55,5,15457.75,Delhi,3.9,UPI
ORD003063,2031-05-21,Home & Kitchen,Mixer,45218.14,9,406963.26,Ahmedabad,3.4,Wallet
ORD003064,2031-05-22,Sports,Pressure Cooker,47309.98,2,94619.96,Mumbai,4.7,Cash on Delivery
ORD003065,2031-05-23,Sports,Pressure Cooker,36483.15,9,328348.35,Mumbai,3.5,Cash on Delivery
ORD003066,2031-05-24,Fashion,Face Cream,36348.19,9,327133.71,Delhi,3.8,Credit Card
ORD003067,2031-05-25,Sports,Headphones,13872.28,9,124850.52,Hyderabad,3.8,Credit Card
ORD003068,2031-05-26,Fashion,Cricket Bat,27350.86,4,109403.44,Ahmedabad,4.7,Credit Card
ORD003069,2031-05-27,Sports,Headphones,49615.86,5,248079.3,Delhi,4.5,Cash on Delivery
ORD003070,2031-05-28,Sports,Football,42879.11,8,343032.88,Ahmedabad,3.1,UPI
ORD003071,2031-05-29,Fashion,Headphones,15567.52,8,124540.16,Pune,3.1,UPI
ORD003072,2031-05-30,Beauty,Cricket Bat,15401.77,1,15401.77,Ahmedabad,4.1,Cash on Delivery
ORD003073,2031-05-31,Sports,Laptop,24437.08,1,24437.08,Mumbai,3.9,Cash on Delivery
ORD003074,2031-06-01,Home & Kitchen,Face Cream,20527.63,6,123165.78,Ahmedabad,3.6,UPI
ORD003075,2031-06-02,Beauty,Saree,18872.08,7,132104.56,Pune,4.6,Wallet
ORD003076,2031-06-03,Fashion,Cricket Bat,31535.11,2,63070.22,Bangalore,3.3,UPI
ORD003077,2031-06-04,Beauty,Football,1068.88,2,2137.76,Chennai,4.9,Cash on Delivery
ORD003078,2031-06-05,Electronics,Face Cream,38285.31,5,191426.55,Mumbai,3.0,UPI
ORD003079,2031-06-06,Electronics,Lipstick,37132.62,9,334193.58,Pune,3.2,UPI
ORD003080,2031-06-07,Sports,Saree,41601.12,5,208005.6,Delhi,3.6,Cash on Delivery
ORD003081,2031-06-08,Sports,Smartphone,42151.81,8,337214.48,Bangalore,4.0,Wallet
ORD003082,2031-06-09,Home & Kitchen,Face Cream,28536.78,8,228294.24,Ahmedabad,3.4,Cash on Delivery
ORD003083,2031-06-10,Beauty,Laptop,39113.66,5,195568.3,Mumbai,4.5,Credit Card
ORD003084,2031-06-11,Electronics,Smartphone,24873.56,8,198988.48,Delhi,3.7,Credit Card
ORD003085,2031-06-12,Sports,Pressure Cooker,47600.73,8,380805.84,Pune,3.1,UPI
ORD003086,2031-06-13,Beauty,Football,9939.58,5,49697.9,Mumbai,4.8,Cash on Delivery
ORD003087,2031-06-14,Sports,T-shirt,45823.05,5,229115.25,Ahmedabad,4.9,Wallet
ORD003088,2031-06-15,Sports,Face Cream,13297.25,4,53189.0,Delhi,4.2,UPI
ORD003089,2031-06-16,Electronics,Mixer,5584.81,1,5584.81,Indore,4.6,Cash on Delivery
ORD003090,2031-06-17,Electronics,Smartphone,22235.67,9,200121.03,Delhi,3.2,UPI
ORD003091,2031-06-18,Sports,Jeans,30938.4,2,61876.8,Ahmedabad,3.5,UPI
ORD003092,2031-06-19,Fashion,Headphones,11934.0,1,11934.0,Mumbai,3.7,Cash on Delivery
ORD003093,2031-06-20,Sports,Lipstick,28011.91,6,168071.46,Bangalore,4.9,Wallet
ORD003094,2031-06-21,Sports,Smartphone,40490.72,5,202453.6,Mumbai,4.0,Wallet
ORD003095,2031-06-22,Home & Kitchen,Football,13225.71,1,13225.71,Ahmedabad,3.0,Credit Card
ORD003096,2031-06-23,Home & Kitchen,Smartphone,29225.95,7,204581.65,Mumbai,3.8,Wallet
ORD003097,2031-06-24,Home & Kitchen,T-shirt,17295.97,7,121071.79,Indore,3.0,Credit Card
ORD003098,2031-06-25,Fashion,Pressure Cooker,26723.54,3,80170.62,Bangalore,3.5,Cash on Delivery
ORD003099,2031-06-26,Fashion,Headphones,33512.49,8,268099.92,Ahmedabad,3.9,UPI
ORD003100,2031-06-27,Sports,Face Cream,17845.92,6,107075.52,Indore,3.6,UPI
ORD003101,2031-06-28,Home & Kitchen,Face Cream,49726.9,4,198907.6,Mumbai,3.1,Wallet
ORD003102,2031-06-29,Fashion,Headphones,28406.87,3,85220.61,Indore,3.2,UPI
ORD003103,2031-06-30,Electronics,T-shirt,41310.85,1,41310.85,Chennai,4.1,Cash on Delivery
ORD003104,2031-07-01,Sports,Cricket Bat,36394.19,2,72788.38,Chennai,4.4,Wallet
ORD003105,2031-07-02,Beauty,Football,42713.86,2,85427.72,Ahmedabad,3.8,Wallet
ORD003106,2031-07-03,Sports,T-shirt,9103.15,5,45515.75,Chennai,4.5,Credit Card
ORD003107,2031-07-04,Beauty,Jeans,11516.41,4,46065.64,Delhi,3.3,Cash on Delivery
ORD003108,2031-07-05,Home & Kitchen,Saree,24626.85,2,49253.7,Hyderabad,3.2,Credit Card
ORD003109,2031-07-06,Beauty,Jeans,42690.27,9,384212.43,Pune,4.7,Wallet
ORD003110,2031-07-07,Home & Kitchen,T-shirt,10281.53,7,71970.71,Ahmedabad,3.7,Credit Card
ORD003111,2031-07-08,Electronics,Mixer,48567.76,8,388542.08,Indore,3.9,Cash on Delivery
ORD003112,2031-07-09,Beauty,Cricket Bat,6816.31,8,54530.48,Mumbai,4.9,Credit Card
ORD003113,2031-07-10,Sports,Mixer,9166.36,2,18332.72,Ahmedabad,3.8,Wallet
ORD003114,2031-07-11,Home & Kitchen,Jeans,8778.07,5,43890.35,Hyderabad,3.0,Credit Card
ORD003115,2031-07-12,Sports,Headphones,29507.29,3,88521.87,Ahmedabad,4.9,Wallet
ORD003116,2031-07-13,Fashion,Jeans,45918.28,9,413264.52,Indore,3.0,Wallet
ORD003117,2031-07-14,Home & Kitchen,Laptop,13128.01,9,118152.09,Chennai,4.3,Credit Card
ORD003118,2031-07-15,Beauty,Pressure Cooker,27875.32,6,167251.92,Pune,3.6,UPI
ORD003119,2031-07-16,Home & Kitchen,Lipstick,9200.74,4,36802.96,Bangalore,3.9,Cash on Delivery
ORD003120,2031-07-17,Sports,Laptop,31741.28,8,253930.24,Chennai,4.1,Wallet
ORD003121,2031-07-18,Electronics,T-shirt,6600.69,5,33003.45,Pune,3.8,UPI
ORD003122,2031-07-19,Home & Kitchen,Smartphone,24819.88,3,74459.64,Mumbai,4.5,Cash on Delivery
ORD003123,2031-07-20,Beauty,Mixer,32931.5,8,263452.0,Hyderabad,4.9,UPI
ORD003124,2031-07-21,Fashion,Saree,29166.83,6,175000.98,Hyderabad,3.2,Credit Card
ORD003125,2031-07-22,Electronics,Laptop,7430.02,5,37150.1,Indore,4.6,Wallet
ORD003126,2031-07-23,Fashion,Football,8487.98,1,8487.98,Ahmedabad,3.3,UPI
ORD003127,2031-07-24,Home & Kitchen,Cricket Bat,33733.85,3,101201.55,Delhi,3.2,UPI
ORD003128,2031-07-25,Sports,Mixer,40541.01,7,283787.07,Bangalore,4.9,Cash on Delivery
ORD003129,2031-07-26,Sports,Laptop,45449.68,3,136349.04,Pune,4.0,Cash on Delivery
ORD003130,2031-07-27,Beauty,Headphones,40773.77,1,40773.77,Ahmedabad,3.3,Wallet
ORD003131,2031-07-28,Sports,Face Cream,48709.23,8,389673.84,Chennai,4.1,UPI
ORD003132,2031-07-29,Electronics,Lipstick,20708.46,7,144959.22,Pune,3.5,Wallet
ORD003133,2031-07-30,Sports,Jeans,16892.7,5,84463.5,Pune,3.9,Cash on Delivery
ORD003134,2031-07-31,Beauty,Jeans,1895.11,5,9475.55,Bangalore,4.2,Wallet
ORD003135,2031-08-01,Home & Kitchen,Laptop,22769.84,6,136619.04,Mumbai,4.7,Credit Card
ORD003136,2031-08-02,Home & Kitchen,T-shirt,32742.89,7,229200.23,Ahmedabad,3.0,Wallet
ORD003137,2031-08-03,Sports,Cricket Bat,40862.73,3,122588.19,Delhi,3.4,Credit Card
ORD003138,2031-08-04,Fashion,T-shirt,13739.04,4,54956.16,Chennai,3.2,Wallet
ORD003139,2031-08-05,Home & Kitchen,Mixer,25922.77,1,25922.77,Mumbai,3.2,Wallet
ORD003140,2031-08-06,Sports,Pressure Cooker,33269.47,7,232886.29,Bangalore,4.9,Credit Card
ORD003141,2031-08-07,Beauty,Lipstick,27804.34,2,55608.68,Delhi,4.9,Cash on Delivery
ORD003142,2031-08-08,Sports,Lipstick,14064.03,7,98448.21,Chennai,4.5,Wallet
ORD003143,2031-08-09,Home & Kitchen,Jeans,39915.98,6,239495.88,Bangalore,4.3,Cash on Delivery
ORD003144,2031-08-10,Beauty,Lipstick,9081.37,4,36325.48,Chennai,4.7,UPI
ORD003145,2031-08-11,Sports,T-shirt,45296.5,2,90593.0,Pune,3.1,Cash on Delivery
ORD003146,2031-08-12,Electronics,Cricket Bat,47653.54,7,333574.78,Delhi,3.2,UPI
ORD003147,2031-08-13,Beauty,Cricket Bat,18595.88,7,130171.16,Delhi,3.6,Cash on Delivery
ORD003148,2031-08-14,Electronics,Jeans,19121.0,5,95605.0,Bangalore,4.7,Cash on Delivery
ORD003149,2031-08-15,Fashion,Laptop,37292.27,9,335630.43,Ahmedabad,3.9,UPI
ORD003150,2031-08-16,Beauty,Face Cream,23086.29,3,69258.87,Chennai,4.0,Credit Card
ORD003151,2031-08-17,Electronics,Cricket Bat,1916.2,9,17245.8,Hyderabad,3.5,Cash on Delivery
ORD003152,2031-08-18,Home & Kitchen,T-shirt,46033.9,5,230169.5,Mumbai,4.3,UPI
ORD003153,2031-08-19,Home & Kitchen,Smartphone,21822.14,2,43644.28,Delhi,4.8,Cash on Delivery
ORD003154,2031-08-20,Fashion,Laptop,10573.01,9,95157.09,Chennai,3.7,Cash on Delivery
ORD003155,2031-08-21,Beauty,Pressure Cooker,28005.37,1,28005.37,Bangalore,4.2,Cash on Delivery
ORD003156,2031-08-22,Beauty,Saree,11335.86,1,11335.86,Pune,3.7,Cash on Delivery
ORD003157,2031-08-23,Beauty,Football,10698.09,7,74886.63,Bangalore,4.6,Wallet
ORD003158,2031-08-24,Fashion,Headphones,27513.7,3,82541.1,Ahmedabad,3.9,Cash on Delivery
ORD003159,2031-08-25,Beauty,Lipstick,19856.59,8,158852.72,Delhi,3.7,UPI
ORD003160,2031-08-26,Home & Kitchen,Lipstick,28863.17,7,202042.19,Indore,3.8,Cash on Delivery
ORD003161,2031-08-27,Electronics,Smartphone,49842.86,7,348900.02,Delhi,3.2,UPI
ORD003162,2031-08-28,Home & Kitchen,Laptop,43021.4,1,43021.4,Pune,4.7,UPI
ORD003163,2031-08-29,Home & Kitchen,Jeans,879.7,1,879.7,Indore,4.9,Credit Card
ORD003164,2031-08-30,Electronics,T-shirt,3002.51,2,6005.02,Ahmedabad,4.0,UPI
ORD003165,2031-08-31,Home & Kitchen,Smartphone,30698.93,2,61397.86,Ahmedabad,3.4,UPI
ORD003166,2031-09-01,Fashion,Headphones,31499.68,5,157498.4,Hyderabad,4.3,Credit Card
ORD003167,2031-09-02,Electronics,Cricket Bat,43970.45,9,395734.05,Bangalore,3.9,Cash on Delivery
ORD003168,2031-09-03,Home & Kitchen,Jeans,31638.33,7,221468.31,Chennai,3.5,Wallet
ORD003169,2031-09-04,Sports,Football,11771.87,2,23543.74,Indore,3.1,Credit Card
ORD003170,2031-09-05,Home & Kitchen,Football,23691.55,5,118457.75,Ahmedabad,4.8,Wallet
ORD003171,2031-09-06,Fashion,Saree,40544.78,5,202723.9,Mumbai,4.6,Cash on Delivery
ORD003172,2031-09-07,Beauty,Face Cream,46179.84,8,369438.72,Mumbai,4.7,Cash on Delivery
ORD003173,2031-09-08,Home & Kitchen,Jeans,12227.3,9,110045.7,Hyderabad,3.9,Wallet
ORD003174,2031-09-09,Beauty,Smartphone,27210.43,8,217683.44,Ahmedabad,4.5,Wallet
ORD003175,2031-09-10,Sports,Pressure Cooker,8366.91,2,16733.82,Indore,4.2,UPI
ORD003176,2031-09-11,Home & Kitchen,Smartphone,25101.49,4,100405.96,Indore,3.7,Cash on Delivery
ORD003177,2031-09-12,Electronics,Smartphone,4960.65,2,9921.3,Chennai,4.7,Credit Card
ORD003178,2031-09-13,Beauty,Smartphone,47115.54,6,282693.24,Mumbai,5.0,Credit Card
ORD003179,2031-09-14,Sports,Jeans,32083.79,4,128335.16,Mumbai,4.8,Cash on Delivery
ORD003180,2031-09-15,Electronics,Smartphone,42783.73,7,299486.11,Pune,4.6,Wallet
ORD003181,2031-09-16,Electronics,Laptop,49915.61,2,99831.22,Chennai,4.5,Wallet
ORD003182,2031-09-17,Electronics,Jeans,9541.97,9,85877.73,Pune,4.3,Credit Card
ORD003183,2031-09-18,Electronics,Cricket Bat,34860.1,5,174300.5,Indore,4.7,Wallet
ORD003184,2031-09-19,Home & Kitchen,Laptop,44405.82,1,44405.82,Chennai,4.0,Credit Card
ORD003185,2031-09-20,Home & Kitchen,Headphones,29008.94,3,87026.82,Delhi,3.4,UPI
ORD003186,2031-09-21,Home & Kitchen,Cricket Bat,32164.97,4,128659.88,Mumbai,4.5,UPI
ORD003187,2031-09-22,Sports,Saree,20679.72,3,62039.16,Indore,4.8,UPI
ORD003188,2031-09-23,Sports,Lipstick,33900.66,6,203403.96,Mumbai,3.7,Cash on Delivery
ORD003189,2031-09-24,Sports,Jeans,20081.11,6,120486.66,Pune,4.6,Wallet
ORD003190,2031-09-25,Fashion,Lipstick,24092.67,7,168648.69,Hyderabad,3.5,UPI
ORD003191,2031-09-26,Sports,Jeans,5594.13,9,50347.17,Delhi,4.9,Credit Card
ORD003192,2031-09-27,Home & Kitchen,Cricket Bat,886.52,9,7978.68,Delhi,4.4,UPI
ORD003193,2031-09-28,Home & Kitchen,Saree,3229.98,7,22609.86,Ahmedabad,4.1,Wallet
ORD003194,2031-09-29,Fashion,T-shirt,10029.82,1,10029.82,Mumbai,4.6,Credit Card
ORD003195,2031-09-30,Fashion,T-shirt,23101.89,3,69305.67,Bangalore,4.6,UPI
ORD003196,2031-10-01,Sports,Laptop,1539.21,5,7696.05,Bangalore,4.8,Wallet
ORD003197,2031-10-02,Beauty,Smartphone,8218.86,6,49313.16,Pune,4.8,Credit Card
ORD003198,2031-10-03,Fashion,Smartphone,39181.51,6,235089.06,Chennai,3.1,UPI
ORD003199,2031-10-04,Electronics,T-shirt,38227.24,5,191136.2,Delhi,3.2,UPI
ORD003200,2031-10-05,Home & Kitchen,Cricket Bat,39591.65,6,237549.9,Mumbai,4.7,Wallet
ORD003201,2031-10-06,Electronics,Face Cream,46116.28,9,415046.52,Pune,4.9,UPI
ORD003202,2031-10-07,Home & Kitchen,Saree,6394.01,1,6394.01,Ahmedabad,3.6,Wallet
ORD003203,2031-10-08,Home & Kitchen,Laptop,8575.42,1,8575.42,Pune,3.0,UPI
ORD003204,2031-10-09,Fashion,Cricket Bat,17010.9,9,153098.1,Indore,3.6,Credit Card
ORD003205,2031-10-10,Fashion,Smartphone,45799.49,8,366395.92,Mumbai,3.8,UPI
ORD003206,2031-10-11,Electronics,Laptop,38886.15,9,349975.35,Mumbai,4.5,Cash on Delivery
ORD003207,2031-10-12,Home & Kitchen,Lipstick,16544.0,7,115808.0,Pune,3.1,UPI
ORD003208,2031-10-13,Electronics,Face Cream,4837.97,6,29027.82,Indore,3.4,Wallet
ORD003209,2031-10-14,Beauty,Mixer,31010.81,9,279097.29,Indore,4.8,UPI
ORD003210,2031-10-15,Electronics,Headphones,13212.55,2,26425.1,Hyderabad,3.3,Cash on Delivery
ORD003211,2031-10-16,Sports,Football,26792.05,4,107168.2,Bangalore,4.5,Credit Card
ORD003212,2031-10-17,Electronics,Face Cream,47119.27,2,94238.54,Hyderabad,3.7,Cash on Delivery
ORD003213,2031-10-18,Sports,Laptop,28844.55,6,173067.3,Mumbai,4.3,Credit Card
ORD003214,2031-10-19,Sports,Smartphone,46229.8,1,46229.8,Mumbai,3.1,Cash on Delivery
ORD003215,2031-10-20,Sports,Cricket Bat,19955.42,7,139687.94,Delhi,3.6,Cash on Delivery
ORD003216,2031-10-21,Beauty,Lipstick,31850.89,7,222956.23,Ahmedabad,3.8,Cash on Delivery
ORD003217,2031-10-22,Electronics,Headphones,44747.55,7,313232.85,Delhi,4.7,Credit Card
ORD003218,2031-10-23,Electronics,Face Cream,29605.37,4,118421.48,Bangalore,4.1,UPI
ORD003219,2031-10-24,Beauty,Headphones,30937.48,8,247499.84,Indore,3.1,Wallet
ORD003220,2031-10-25,Home & Kitchen,Laptop,35957.25,5,179786.25,Chennai,4.6,UPI
ORD003221,2031-10-26,Fashion,Headphones,44164.33,2,88328.66,Mumbai,3.1,Cash on Delivery
ORD003222,2031-10-27,Electronics,Lipstick,4864.91,5,24324.55,Delhi,4.9,Credit Card
ORD003223,2031-10-28,Fashion,Saree,17174.54,9,154570.86,Bangalore,3.4,Credit Card
ORD003224,2031-10-29,Beauty,Football,20185.39,1,20185.39,Hyderabad,4.0,UPI
ORD003225,2031-10-30,Home & Kitchen,Cricket Bat,45530.63,2,91061.26,Mumbai,3.1,Credit Card
ORD003226,2031-10-31,Home & Kitchen,Laptop,47822.39,8,382579.12,Chennai,4.1,Credit Card
ORD003227,2031-11-01,Home & Kitchen,Headphones,6458.83,5,32294.15,Bangalore,4.0,Cash on Delivery
ORD003228,2031-11-02,Beauty,Saree,6395.83,9,57562.47,Indore,3.8,Credit Card
ORD003229,2031-11-03,Sports,Cricket Bat,46775.66,6,280653.96,Chennai,3.1,Credit Card
ORD003230,2031-11-04,Sports,Jeans,15140.71,8,121125.68,Mumbai,4.8,Cash on Delivery
ORD003231,2031-11-05,Fashion,Saree,12469.81,1,12469.81,Bangalore,4.6,UPI
ORD003232,2031-11-06,Sports,Jeans,2263.33,9,20369.97,Indore,4.3,Wallet
ORD003233,2031-11-07,Sports,Football,14142.0,9,127278.0,Pune,4.1,Wallet
ORD003234,2031-11-08,Home & Kitchen,Jeans,34829.56,3,104488.68,Pune,4.4,Wallet
ORD003235,2031-11-09,Home & Kitchen,Saree,21588.79,1,21588.79,Delhi,3.3,UPI
ORD003236,2031-11-10,Fashion,Headphones,26085.08,8,208680.64,Chennai,4.9,Credit Card
ORD003237,2031-11-11,Electronics,Jeans,45906.13,8,367249.04,Hyderabad,3.6,Cash on Delivery
ORD003238,2031-11-12,Fashion,Headphones,6177.14,9,55594.26,Ahmedabad,4.3,UPI
ORD003239,2031-11-13,Fashion,Headphones,4026.42,6,24158.52,Hyderabad,4.2,Wallet
ORD003240,2031-11-14,Beauty,Cricket Bat,42670.57,9,384035.13,Pune,4.3,Credit Card
ORD003241,2031-11-15,Beauty,Pressure Cooker,38855.36,9,349698.24,Chennai,4.8,Wallet
ORD003242,2031-11-16,Fashion,Lipstick,13554.84,4,54219.36,Mumbai,3.6,Wallet
ORD003243,2031-11-17,Fashion,Headphones,16549.59,5,82747.95,Mumbai,4.5,Wallet
ORD003244,2031-11-18,Fashion,Cricket Bat,15858.75,6,95152.5,Mumbai,4.2,UPI
ORD003245,2031-11-19,Sports,Mixer,32566.54,6,195399.24,Pune,3.2,Credit Card
ORD003246,2031-11-20,Beauty,Football,3529.97,2,7059.94,Hyderabad,3.8,Wallet
ORD003247,2031-11-21,Fashion,Jeans,24725.38,4,98901.52,Hyderabad,4.7,UPI
ORD003248,2031-11-22,Home & Kitchen,Football,7126.71,9,64140.39,Delhi,3.6,Cash on Delivery
ORD003249,2031-11-23,Home & Kitchen,Laptop,41077.06,7,287539.42,Mumbai,4.0,Cash on Delivery
ORD003250,2031-11-24,Sports,Face Cream,19342.82,9,174085.38,Hyderabad,4.0,UPI
ORD003251,2031-11-25,Sports,Headphones,26614.82,6,159688.92,Hyderabad,4.2,Cash on Delivery
ORD003252,2031-11-26,Electronics,Saree,1951.22,7,13658.54,Mumbai,4.8,Wallet
ORD003253,2031-11-27,Electronics,Jeans,3384.08,9,30456.72,Mumbai,3.3,UPI
ORD003254,2031-11-28,Electronics,Jeans,33915.21,4,135660.84,Hyderabad,4.0,UPI
ORD003255,2031-11-29,Sports,Mixer,38455.14,9,346096.26,Indore,3.8,Cash on Delivery
ORD003256,2031-11-30,Sports,Laptop,35646.76,3,106940.28,Chennai,3.6,Credit Card
ORD003257,2031-12-01,Sports,Cricket Bat,36982.42,8,295859.36,Hyderabad,4.8,Cash on Delivery
ORD003258,2031-12-02,Home & Kitchen,Mixer,5678.68,3,17036.04,Delhi,3.0,Wallet
ORD003259,2031-12-03,Sports,Lipstick,34825.82,3,104477.46,Bangalore,3.2,Credit Card
ORD003260,2031-12-04,Home & Kitchen,Jeans,9496.51,3,28489.53,Indore,4.5,Credit Card
ORD003261,2031-12-05,Electronics,Headphones,5351.76,9,48165.84,Mumbai,3.5,Wallet
ORD003262,2031-12-06,Electronics,Headphones,37979.46,3,113938.38,Pune,4.4,Credit Card
ORD003263,2031-12-07,Electronics,Football,44525.6,6,267153.6,Delhi,4.7,UPI
ORD003264,2031-12-08,Fashion,Mixer,35977.14,4,143908.56,Ahmedabad,3.5,Credit Card
ORD003265,2031-12-09,Fashion,Football,40375.89,2,80751.78,Chennai,3.4,Credit Card
ORD003266,2031-12-10,Beauty,Lipstick,49558.86,3,148676.58,Pune,3.3,Cash on Delivery
ORD003267,2031-12-11,Beauty,T-shirt,7170.42,5,35852.1,Ahmedabad,3.4,UPI
ORD003268,2031-12-12,Beauty,Smartphone,48275.05,4,193100.2,Bangalore,3.5,Wallet
ORD003269,2031-12-13,Fashion,Saree,30259.29,5,151296.45,Indore,4.7,UPI
ORD003270,2031-12-14,Fashion,Saree,40756.03,1,40756.03,Hyderabad,4.5,Credit Card
ORD003271,2031-12-15,Beauty,T-shirt,32683.37,4,130733.48,Mumbai,3.0,Cash on Delivery
ORD003272,2031-12-16,Beauty,Jeans,28716.87,3,86150.61,Hyderabad,4.7,Wallet
ORD003273,2031-12-17,Sports,Cricket Bat,35329.14,2,70658.28,Delhi,3.2,Wallet
ORD003274,2031-12-18,Beauty,Laptop,16352.8,7,114469.6,Pune,4.3,Credit Card
ORD003275,2031-12-19,Sports,Football,46251.44,9,416262.96,Ahmedabad,3.3,UPI
ORD003276,2031-12-20,Home & Kitchen,T-shirt,6206.98,1,6206.98,Pune,3.1,Cash on Delivery
ORD003277,2031-12-21,Fashion,Lipstick,16242.54,7,113697.78,Mumbai,4.5,UPI
ORD003278,2031-12-22,Beauty,Face Cream,2042.54,1,2042.54,Hyderabad,3.9,UPI
ORD003279,2031-12-23,Fashion,Headphones,13930.49,5,69652.45,Pune,4.2,Wallet
ORD003280,2031-12-24,Fashion,Smartphone,11301.55,1,11301.55,Mumbai,3.9,UPI
ORD003281,2031-12-25,Fashion,Jeans,2956.73,3,8870.19,Delhi,3.1,UPI
ORD003282,2031-12-26,Home & Kitchen,Smartphone,24842.82,8,198742.56,Ahmedabad,4.5,Wallet
ORD003283,2031-12-27,Electronics,Laptop,23697.48,4,94789.92,Hyderabad,4.6,Wallet
ORD003284,2031-12-28,Beauty,Headphones,4348.4,1,4348.4,Ahmedabad,3.1,UPI
ORD003285,2031-12-29,Electronics,Lipstick,13461.6,1,13461.6,Bangalore,3.8,Wallet
ORD003286,2031-12-30,Electronics,Saree,47689.45,8,381515.6,Pune,4.1,Cash on Delivery
ORD003287,2031-12-31,Electronics,Laptop,5981.46,8,47851.68,Chennai,4.2,Cash on Delivery
ORD003288,2032-01-01,Fashion,T-shirt,15598.42,4,62393.68,Hyderabad,4.2,UPI
ORD003289,2032-01-02,Sports,Saree,2275.19,4,9100.76,Mumbai,4.4,Credit Card
ORD003290,2032-01-03,Fashion,Saree,7869.92,2,15739.84,Ahmedabad,4.9,Wallet
ORD003291,2032-01-04,Fashion,Lipstick,35120.16,2,70240.32,Indore,3.8,Credit Card
ORD003292,2032-01-05,Electronics,T-shirt,18652.47,6,111914.82,Hyderabad,4.1,Wallet
ORD003293,2032-01-06,Fashion,Mixer,22877.79,8,183022.32,Mumbai,4.4,Wallet
ORD003294,2032-01-07,Electronics,Laptop,8270.43,7,57893.01,Pune,4.2,UPI
ORD003295,2032-01-08,Sports,Cricket Bat,34265.94,7,239861.58,Indore,3.8,Cash on Delivery
ORD003296,2032-01-09,Beauty,Pressure Cooker,37700.32,3,113100.96,Delhi,4.2,Credit Card
ORD003297,2032-01-10,Electronics,Face Cream,9465.05,2,18930.1,Ahmedabad,4.3,Cash on Delivery
ORD003298,2032-01-11,Sports,Headphones,2727.18,7,19090.26,Indore,4.2,Cash on Delivery
ORD003299,2032-01-12,Beauty,Lipstick,4506.59,4,18026.36,Chennai,3.4,Credit Card
ORD003300,2032-01-13,Home & Kitchen,Headphones,33023.76,1,33023.76,Mumbai,4.0,Wallet
ORD003301,2032-01-14,Electronics,Laptop,7207.77,1,7207.77,Hyderabad,4.8,Credit Card
ORD003302,2032-01-15,Electronics,T-shirt,24948.98,4,99795.92,Pune,4.7,Cash on Delivery
ORD003303,2032-01-16,Home & Kitchen,Cricket Bat,8055.76,5,40278.8,Indore,4.5,Credit Card
ORD003304,2032-01-17,Home & Kitchen,Pressure Cooker,8922.33,5,44611.65,Delhi,4.4,UPI
ORD003305,2032-01-18,Electronics,Football,715.84,1,715.84,Ahmedabad,3.3,Wallet
ORD003306,2032-01-19,Home & Kitchen,Smartphone,16380.8,3,49142.4,Indore,3.9,Wallet
ORD003307,2032-01-20,Fashion,Cricket Bat,4944.96,6,29669.76,Bangalore,3.2,Credit Card
ORD003308,2032-01-21,Beauty,Lipstick,20001.08,7,140007.56,Hyderabad,4.6,Wallet
ORD003309,2032-01-22,Beauty,Headphones,30090.32,1,30090.32,Chennai,3.6,Wallet
ORD003310,2032-01-23,Beauty,Cricket Bat,18692.83,8,149542.64,Delhi,4.5,Cash on Delivery
ORD003311,2032-01-24,Fashion,Jeans,35401.54,4,141606.16,Hyderabad,4.6,Cash on Delivery
ORD003312,2032-01-25,Home & Kitchen,T-shirt,37201.86,9,334816.74,Mumbai,4.8,Wallet
ORD003313,2032-01-26,Sports,T-shirt,34982.02,6,209892.12,Mumbai,4.5,Wallet
ORD003314,2032-01-27,Home & Kitchen,Jeans,46867.32,1,46867.32,Mumbai,4.1,Cash on Delivery
ORD003315,2032-01-28,Electronics,Saree,12246.07,2,24492.14,Ahmedabad,4.2,Wallet
ORD003316,2032-01-29,Beauty,Saree,9878.09,3,29634.27,Hyderabad,3.6,Wallet
ORD003317,2032-01-30,Home & Kitchen,Laptop,30680.72,2,61361.44,Chennai,3.4,Cash on Delivery
ORD003318,2032-01-31,Sports,Mixer,29946.41,7,209624.87,Mumbai,3.3,Cash on Delivery
ORD003319,2032-02-01,Electronics,Smartphone,25749.87,1,25749.87,Hyderabad,3.4,Cash on Delivery
ORD003320,2032-02-02,Fashion,Jeans,715.48,9,6439.32,Hyderabad,4.9,UPI
ORD003321,2032-02-03,Fashion,Laptop,27984.29,2,55968.58,Pune,3.3,Cash on Delivery
ORD003322,2032-02-04,Sports,Headphones,46673.5,4,186694.0,Chennai,4.4,Wallet
ORD003323,2032-02-05,Electronics,Jeans,17061.6,8,136492.8,Delhi,3.4,Cash on Delivery
ORD003324,2032-02-06,Beauty,Mixer,48396.16,3,145188.48,Delhi,5.0,UPI
ORD003325,2032-02-07,Home & Kitchen,Face Cream,18159.46,9,163435.14,Hyderabad,3.7,Cash on Delivery
ORD003326,2032-02-08,Electronics,Jeans,7422.8,7,51959.6,Delhi,3.8,Cash on Delivery
ORD003327,2032-02-09,Fashion,Mixer,20220.97,3,60662.91,Ahmedabad,3.8,UPI
ORD003328,2032-02-10,Sports,Mixer,24983.26,3,74949.78,Bangalore,4.6,Credit Card
ORD003329,2032-02-11,Sports,Mixer,31658.49,5,158292.45,Ahmedabad,3.4,Credit Card
ORD003330,2032-02-12,Home & Kitchen,Face Cream,25491.47,5,127457.35,Chennai,4.7,Cash on Delivery
ORD003331,2032-02-13,Sports,T-shirt,27067.57,5,135337.85,Hyderabad,4.3,Credit Card
ORD003332,2032-02-14,Sports,Cricket Bat,1691.32,9,15221.88,Delhi,3.4,Credit Card
ORD003333,2032-02-15,Electronics,T-shirt,13054.2,9,117487.8,Indore,3.1,Wallet
ORD003334,2032-02-16,Beauty,Laptop,15879.48,6,95276.88,Delhi,4.5,Wallet
ORD003335,2032-02-17,Home & Kitchen,T-shirt,49360.88,7,345526.16,Chennai,3.4,Wallet
ORD003336,2032-02-18,Electronics,Face Cream,15130.6,8,121044.8,Ahmedabad,4.8,UPI
ORD003337,2032-02-19,Beauty,T-shirt,44880.65,9,403925.85,Ahmedabad,3.3,Credit Card
ORD003338,2032-02-20,Electronics,Headphones,15584.44,6,93506.64,Indore,4.2,Cash on Delivery
ORD003339,2032-02-21,Electronics,Jeans,5257.46,8,42059.68,Mumbai,4.4,UPI
ORD003340,2032-02-22,Sports,T-shirt,12757.06,2,25514.12,Delhi,4.3,Credit Card
ORD003341,2032-02-23,Beauty,Pressure Cooker,14005.01,8,112040.08,Indore,3.6,Cash on Delivery
ORD003342,2032-02-24,Home & Kitchen,Mixer,48923.31,2,97846.62,Chennai,4.8,UPI
ORD003343,2032-02-25,Home & Kitchen,Jeans,33877.43,8,271019.44,Indore,4.5,Wallet
ORD003344,2032-02-26,Beauty,Saree,46618.21,2,93236.42,Pune,4.0,Cash on Delivery
ORD003345,2032-02-27,Sports,Headphones,41832.25,3,125496.75,Mumbai,4.2,Wallet
ORD003346,2032-02-28,Fashion,Face Cream,29140.63,7,203984.41,Indore,4.1,Credit Card
ORD003347,2032-02-29,Electronics,Cricket Bat,33931.7,9,305385.3,Ahmedabad,4.9,Cash on Delivery
ORD003348,2032-03-01,Sports,Headphones,31429.44,3,94288.32,Pune,4.8,Wallet
ORD003349,2032-03-02,Beauty,Mixer,33480.02,5,167400.1,Ahmedabad,3.5,Wallet
ORD003350,2032-03-03,Electronics,Jeans,13606.3,9,122456.7,Hyderabad,3.5,Credit Card
ORD003351,2032-03-04,Home & Kitchen,Cricket Bat,20702.19,7,144915.33,Pune,5.0,Credit Card
ORD003352,2032-03-05,Fashion,Smartphone,29834.48,2,59668.96,Mumbai,3.5,Credit Card
ORD003353,2032-03-06,Home & Kitchen,Lipstick,2278.46,5,11392.3,Delhi,4.9,Credit Card
ORD003354,2032-03-07,Beauty,Headphones,24400.33,5,122001.65,Hyderabad,4.3,Credit Card
ORD003355,2032-03-08,Electronics,Cricket Bat,43056.48,9,387508.32,Ahmedabad,3.1,UPI
ORD003356,2032-03-09,Beauty,Laptop,24872.2,2,49744.4,Hyderabad,3.7,Wallet
ORD003357,2032-03-10,Electronics,Cricket Bat,27840.01,1,27840.01,Mumbai,4.0,Credit Card
ORD003358,2032-03-11,Sports,Lipstick,10494.3,4,41977.2,Ahmedabad,4.7,Wallet
ORD003359,2032-03-12,Fashion,Mixer,39820.0,4,159280.0,Hyderabad,3.7,UPI
ORD003360,2032-03-13,Sports,Jeans,18264.48,1,18264.48,Ahmedabad,3.6,Cash on Delivery
ORD003361,2032-03-14,Sports,Smartphone,47851.08,7,334957.56,Pune,4.8,Wallet
ORD003362,2032-03-15,Beauty,Laptop,49688.88,2,99377.76,Pune,3.2,Wallet
ORD003363,2032-03-16,Fashion,Cricket Bat,45842.03,9,412578.27,Ahmedabad,4.1,Wallet
ORD003364,2032-03-17,Electronics,Pressure Cooker,4701.4,7,32909.8,Mumbai,4.0,Cash on Delivery
ORD003365,2032-03-18,Electronics,T-shirt,16992.57,7,118947.99,Mumbai,3.1,UPI
ORD003366,2032-03-19,Home & Kitchen,Mixer,47284.31,1,47284.31,Indore,3.2,Wallet
ORD003367,2032-03-20,Electronics,Headphones,40324.4,9,362919.6,Pune,3.8,UPI
ORD003368,2032-03-21,Beauty,Headphones,45603.59,9,410432.31,Mumbai,3.3,Wallet
ORD003369,2032-03-22,Sports,Lipstick,28841.38,2,57682.76,Ahmedabad,4.0,Wallet
ORD003370,2032-03-23,Sports,Mixer,24279.68,9,218517.12,Pune,4.2,Wallet
ORD003371,2032-03-24,Sports,Laptop,5771.57,2,11543.14,Chennai,4.4,Cash on Delivery
ORD003372,2032-03-25,Fashion,Saree,42053.84,2,84107.68,Delhi,4.1,UPI
ORD003373,2032-03-26,Electronics,Smartphone,37384.51,8,299076.08,Hyderabad,3.8,UPI
ORD003374,2032-03-27,Beauty,Face Cream,3414.39,3,10243.17,Bangalore,3.3,Credit Card
ORD003375,2032-03-28,Fashion,Laptop,10866.02,3,32598.06,Indore,3.5,Wallet
ORD003376,2032-03-29,Home & Kitchen,Smartphone,28085.24,7,196596.68,Delhi,3.8,Cash on Delivery
ORD003377,2032-03-30,Beauty,Football,34377.92,6,206267.52,Bangalore,4.8,Wallet
ORD003378,2032-03-31,Beauty,Jeans,7314.68,7,51202.76,Mumbai,3.4,UPI
ORD003379,2032-04-01,Beauty,Jeans,12618.83,6,75712.98,Hyderabad,3.8,UPI
ORD003380,2032-04-02,Sports,Mixer,10058.96,9,90530.64,Indore,4.5,Wallet
ORD003381,2032-04-03,Beauty,Mixer,11389.86,2,22779.72,Delhi,4.4,UPI
ORD003382,2032-04-04,Electronics,Headphones,46075.3,8,368602.4,Bangalore,4.9,Wallet
ORD003383,2032-04-05,Beauty,Face Cream,35933.07,6,215598.42,Bangalore,3.4,Wallet
ORD003384,2032-04-06,Sports,Face Cream,36986.8,4,147947.2,Bangalore,3.0,Credit Card
ORD003385,2032-04-07,Beauty,T-shirt,39802.77,6,238816.62,Delhi,3.6,Cash on Delivery
ORD003386,2032-04-08,Home & Kitchen,Lipstick,18150.37,6,108902.22,Chennai,3.3,Cash on Delivery
ORD003387,2032-04-09,Home & Kitchen,Football,38475.64,3,115426.92,Mumbai,4.1,UPI
ORD003388,2032-04-10,Sports,Football,48931.46,8,391451.68,Hyderabad,4.8,UPI
ORD003389,2032-04-11,Electronics,T-shirt,35070.52,5,175352.6,Bangalore,4.4,Credit Card
ORD003390,2032-04-12,Electronics,Laptop,21129.28,4,84517.12,Ahmedabad,3.3,UPI
ORD003391,2032-04-13,Fashion,Headphones,35959.81,2,71919.62,Indore,3.2,UPI
ORD003392,2032-04-14,Sports,Smartphone,45089.34,1,45089.34,Delhi,4.8,Wallet
ORD003393,2032-04-15,Beauty,Saree,6873.7,7,48115.9,Indore,4.0,Credit Card
ORD003394,2032-04-16,Sports,Face Cream,13632.09,3,40896.27,Ahmedabad,4.8,Wallet
ORD003395,2032-04-17,Fashion,Cricket Bat,46005.16,3,138015.48,Bangalore,4.5,Wallet
ORD003396,2032-04-18,Sports,Football,47338.53,3,142015.59,Ahmedabad,5.0,UPI
ORD003397,2032-04-19,Sports,Pressure Cooker,24464.89,3,73394.67,Ahmedabad,4.7,Wallet
ORD003398,2032-04-20,Fashion,Football,19040.27,2,38080.54,Delhi,3.8,Cash on Delivery
ORD003399,2032-04-21,Electronics,Face Cream,14497.7,6,86986.2,Indore,4.5,Cash on Delivery
ORD003400,2032-04-22,Beauty,Jeans,25188.2,3,75564.6,Chennai,3.9,Cash on Delivery
ORD003401,2032-04-23,Fashion,T-shirt,46759.29,1,46759.29,Bangalore,3.5,Credit Card
ORD003402,2032-04-24,Home & Kitchen,Lipstick,7915.58,9,71240.22,Pune,3.5,Credit Card
ORD003403,2032-04-25,Electronics,Saree,21281.62,6,127689.72,Bangalore,3.8,Cash on Delivery
ORD003404,2032-04-26,Home & Kitchen,Saree,45624.59,6,273747.54,Hyderabad,3.2,Cash on Delivery
ORD003405,2032-04-27,Electronics,Jeans,17781.4,9,160032.6,Delhi,3.4,Wallet
ORD003406,2032-04-28,Beauty,Pressure Cooker,38520.03,2,77040.06,Delhi,4.0,Credit Card
ORD003407,2032-04-29,Beauty,Mixer,19768.36,9,177915.24,Chennai,4.9,UPI
ORD003408,2032-04-30,Sports,Face Cream,40343.87,3,121031.61,Ahmedabad,4.2,UPI
ORD003409,2032-05-01,Home & Kitchen,Saree,49059.62,3,147178.86,Bangalore,3.8,Credit Card
ORD003410,2032-05-02,Electronics,Laptop,19697.19,3,59091.57,Hyderabad,3.5,Wallet
ORD003411,2032-05-03,Beauty,Laptop,42332.38,1,42332.38,Indore,3.4,Cash on Delivery
ORD003412,2032-05-04,Fashion,Mixer,49426.63,7,345986.41,Mumbai,4.3,Wallet
ORD003413,2032-05-05,Beauty,Smartphone,49199.59,7,344397.13,Hyderabad,4.7,Wallet
ORD003414,2032-05-06,Fashion,Headphones,21971.67,2,43943.34,Indore,3.8,Credit Card
ORD003415,2032-05-07,Electronics,Mixer,24545.18,6,147271.08,Hyderabad,4.1,Cash on Delivery
ORD003416,2032-05-08,Beauty,Football,15518.38,4,62073.52,Indore,4.4,Credit Card
ORD003417,2032-05-09,Beauty,Pressure Cooker,16043.93,7,112307.51,Hyderabad,3.1,Credit Card
ORD003418,2032-05-10,Electronics,Laptop,24877.3,7,174141.1,Pune,3.7,Wallet
ORD003419,2032-05-11,Beauty,Football,10425.67,4,41702.68,Hyderabad,4.5,Credit Card
ORD003420,2032-05-12,Fashion,Saree,35700.6,3,107101.8,Ahmedabad,4.4,Credit Card
ORD003421,2032-05-13,Beauty,Laptop,27047.27,7,189330.89,Bangalore,3.1,Credit Card
ORD003422,2032-05-14,Home & Kitchen,Cricket Bat,44954.36,9,404589.24,Hyderabad,3.5,Credit Card
ORD003423,2032-05-15,Sports,Headphones,40623.83,4,162495.32,Indore,4.4,Wallet
ORD003424,2032-05-16,Fashion,Lipstick,16462.32,6,98773.92,Indore,3.5,Cash on Delivery
ORD003425,2032-05-17,Home & Kitchen,Face Cream,25537.33,7,178761.31,Delhi,4.6,Cash on Delivery
ORD003426,2032-05-18,Electronics,Cricket Bat,37650.49,3,112951.47,Indore,3.1,Wallet
ORD003427,2032-05-19,Fashion,Face Cream,10063.41,5,50317.05,Delhi,3.4,UPI
ORD003428,2032-05-20,Sports,Smartphone,2064.09,1,2064.09,Pune,3.6,Credit Card
ORD003429,2032-05-21,Sports,Jeans,42689.07,6,256134.42,Pune,4.9,Wallet
ORD003430,2032-05-22,Electronics,Cricket Bat,7308.74,5,36543.7,Ahmedabad,4.6,UPI
ORD003431,2032-05-23,Electronics,Smartphone,44525.87,7,311681.09,Indore,4.8,UPI
ORD003432,2032-05-24,Fashion,Smartphone,45723.6,9,411512.4,Hyderabad,3.9,Credit Card
ORD003433,2032-05-25,Beauty,Face Cream,23304.67,4,93218.68,Indore,4.6,Wallet
ORD003434,2032-05-26,Electronics,Lipstick,40435.69,9,363921.21,Ahmedabad,4.7,Credit Card
ORD003435,2032-05-27,Beauty,Jeans,18477.97,6,110867.82,Pune,3.8,UPI
ORD003436,2032-05-28,Home & Kitchen,T-shirt,42984.1,5,214920.5,Delhi,5.0,UPI
ORD003437,2032-05-29,Sports,Football,41321.75,2,82643.5,Pune,4.7,Credit Card
ORD003438,2032-05-30,Beauty,Mixer,4386.66,1,4386.66,Ahmedabad,4.9,Credit Card
ORD003439,2032-05-31,Sports,Saree,29338.79,8,234710.32,Bangalore,4.7,Credit Card
ORD003440,2032-06-01,Beauty,Pressure Cooker,32179.95,6,193079.7,Pune,4.6,Cash on Delivery
ORD003441,2032-06-02,Home & Kitchen,Pressure Cooker,542.44,7,3797.08,Pune,4.9,Wallet
ORD003442,2032-06-03,Electronics,Football,49005.96,6,294035.76,Mumbai,3.8,Wallet
ORD003443,2032-06-04,Home & Kitchen,Football,20625.09,7,144375.63,Ahmedabad,4.6,Wallet
ORD003444,2032-06-05,Electronics,Face Cream,26108.49,9,234976.41,Hyderabad,3.4,UPI
ORD003445,2032-06-06,Electronics,Pressure Cooker,10142.8,5,50714.0,Indore,4.5,Wallet
ORD003446,2032-06-07,Sports,T-shirt,30740.47,1,30740.47,Delhi,4.6,Wallet
ORD003447,2032-06-08,Home & Kitchen,Mixer,40625.68,1,40625.68,Delhi,4.4,UPI
ORD003448,2032-06-09,Beauty,Pressure Cooker,29501.67,9,265515.03,Pune,4.7,UPI
ORD003449,2032-06-10,Home & Kitchen,Mixer,39507.73,5,197538.65,Ahmedabad,3.8,Cash on Delivery
ORD003450,2032-06-11,Sports,Saree,36689.84,2,73379.68,Bangalore,4.1,UPI
ORD003451,2032-06-12,Electronics,Face Cream,12264.06,3,36792.18,Ahmedabad,3.0,Credit Card
ORD003452,2032-06-13,Sports,Football,22072.74,1,22072.74,Pune,3.3,Cash on Delivery
ORD003453,2032-06-14,Fashion,Pressure Cooker,7857.03,6,47142.18,Indore,4.3,UPI
ORD003454,2032-06-15,Fashion,Face Cream,2575.83,6,15454.98,Bangalore,4.1,Wallet
ORD003455,2032-06-16,Beauty,Jeans,3621.91,3,10865.73,Mumbai,3.4,Cash on Delivery
ORD003456,2032-06-17,Sports,Smartphone,47153.75,3,141461.25,Indore,3.5,Cash on Delivery
ORD003457,2032-06-18,Beauty,Pressure Cooker,49234.6,7,344642.2,Chennai,3.7,Wallet
ORD003458,2032-06-19,Beauty,Mixer,5201.39,1,5201.39,Chennai,4.4,Wallet
ORD003459,2032-06-20,Fashion,Smartphone,17092.08,5,85460.4,Indore,4.2,Wallet
ORD003460,2032-06-21,Beauty,Lipstick,6163.82,3,18491.46,Chennai,3.1,Credit Card
ORD003461,2032-06-22,Fashion,Football,41794.33,5,208971.65,Mumbai,4.5,Cash on Delivery
ORD003462,2032-06-23,Electronics,Pressure Cooker,25066.71,4,100266.84,Hyderabad,3.5,Credit Card
ORD003463,2032-06-24,Sports,Pressure Cooker,31252.46,6,187514.76,Pune,4.3,Credit Card
ORD003464,2032-06-25,Beauty,Cricket Bat,27225.59,9,245030.31,Chennai,3.2,Wallet
ORD003465,2032-06-26,Fashion,Smartphone,35657.55,2,71315.1,Pune,5.0,UPI
ORD003466,2032-06-27,Home & Kitchen,Pressure Cooker,16297.05,8,130376.4,Chennai,3.2,Credit Card
ORD003467,2032-06-28,Beauty,Jeans,7305.92,2,14611.84,Indore,4.5,UPI
ORD003468,2032-06-29,Electronics,Saree,1372.19,4,5488.76,Delhi,4.1,UPI
ORD003469,2032-06-30,Electronics,Smartphone,22561.8,9,203056.2,Ahmedabad,3.2,Wallet
ORD003470,2032-07-01,Home & Kitchen,Saree,45437.8,4,181751.2,Delhi,3.1,UPI
ORD003471,2032-07-02,Fashion,Headphones,15610.69,7,109274.83,Hyderabad,3.7,Credit Card
ORD003472,2032-07-03,Beauty,Mixer,10199.86,5,50999.3,Indore,4.6,UPI
ORD003473,2032-07-04,Fashion,Lipstick,46339.12,2,92678.24,Bangalore,3.1,Credit Card
ORD003474,2032-07-05,Electronics,Cricket Bat,5719.71,8,45757.68,Mumbai,4.4,Wallet
ORD003475,2032-07-06,Fashion,Jeans,3064.15,2,6128.3,Chennai,4.3,Credit Card
ORD003476,2032-07-07,Electronics,Lipstick,44030.95,3,132092.85,Ahmedabad,3.5,UPI
ORD003477,2032-07-08,Fashion,Cricket Bat,35195.01,7,246365.07,Indore,3.2,Credit Card
ORD003478,2032-07-09,Home & Kitchen,Face Cream,21392.4,5,106962.0,Pune,4.8,UPI
ORD003479,2032-07-10,Sports,Lipstick,37741.03,3,113223.09,Pune,3.6,UPI
ORD003480,2032-07-11,Home & Kitchen,Face Cream,37201.28,2,74402.56,Indore,3.2,Wallet
ORD003481,2032-07-12,Home & Kitchen,Football,2483.0,6,14898.0,Mumbai,4.4,UPI
ORD003482,2032-07-13,Sports,Lipstick,33974.22,1,33974.22,Delhi,3.4,Cash on Delivery
ORD003483,2032-07-14,Sports,Laptop,32223.18,8,257785.44,Mumbai,4.0,Credit Card
ORD003484,2032-07-15,Beauty,Mixer,48207.07,5,241035.35,Delhi,3.1,Cash on Delivery
ORD003485,2032-07-16,Beauty,T-shirt,48347.82,5,241739.1,Mumbai,5.0,Cash on Delivery
ORD003486,2032-07-17,Home & Kitchen,Cricket Bat,19201.07,2,38402.14,Ahmedabad,3.9,Credit Card
ORD003487,2032-07-18,Home & Kitchen,Jeans,29697.17,7,207880.19,Pune,5.0,Wallet
ORD003488,2032-07-19,Electronics,Smartphone,7497.19,5,37485.95,Delhi,3.8,Credit Card
ORD003489,2032-07-20,Electronics,Football,3789.6,8,30316.8,Mumbai,3.7,Wallet
ORD003490,2032-07-21,Beauty,Football,21922.6,5,109613.0,Chennai,4.8,UPI
ORD003491,2032-07-22,Beauty,Lipstick,34649.16,9,311842.44,Chennai,3.7,Cash on Delivery
ORD003492,2032-07-23,Electronics,Lipstick,28604.18,5,143020.9,Hyderabad,3.9,Credit Card
ORD003493,2032-07-24,Electronics,Cricket Bat,21768.02,3,65304.06,Mumbai,3.2,UPI
ORD003494,2032-07-25,Fashion,Face Cream,40996.57,2,81993.14,Bangalore,4.9,Credit Card
ORD003495,2032-07-26,Fashion,Headphones,39824.16,5,199120.8,Hyderabad,3.2,Credit Card
ORD003496,2032-07-27,Electronics,T-shirt,36731.13,5,183655.65,Mumbai,4.5,UPI
ORD003497,2032-07-28,Fashion,Lipstick,4313.1,6,25878.6,Bangalore,4.1,Credit Card
ORD003498,2032-07-29,Sports,Pressure Cooker,39925.25,2,79850.5,Chennai,3.1,UPI
ORD003499,2032-07-30,Beauty,Laptop,46011.36,5,230056.8,Pune,3.0,Cash on Delivery
ORD003500,2032-07-31,Beauty,Saree,3442.38,1,3442.38,Pune,4.9,UPI
ORD003501,2032-08-01,Electronics,Laptop,20382.73,3,61148.19,Chennai,4.5,Credit Card
ORD003502,2032-08-02,Home & Kitchen,T-shirt,49423.6,3,148270.8,Pune,4.4,Cash on Delivery
ORD003503,2032-08-03,Electronics,Football,30162.32,3,90486.96,Indore,3.9,Cash on Delivery
ORD003504,2032-08-04,Fashion,Pressure Cooker,25922.08,3,77766.24,Chennai,3.5,UPI
ORD003505,2032-08-05,Home & Kitchen,Football,9283.58,8,74268.64,Indore,4.4,Wallet
ORD003506,2032-08-06,Fashion,Football,28491.57,1,28491.57,Pune,4.2,UPI
ORD003507,2032-08-07,Sports,Laptop,22232.64,6,133395.84,Ahmedabad,4.5,Wallet
ORD003508,2032-08-08,Fashion,Saree,6808.43,6,40850.58,Ahmedabad,3.7,UPI
ORD003509,2032-08-09,Sports,Smartphone,23484.47,1,23484.47,Bangalore,5.0,Cash on Delivery
ORD003510,2032-08-10,Sports,Mixer,8637.77,1,8637.77,Delhi,3.1,UPI
ORD003511,2032-08-11,Fashion,Smartphone,36667.85,3,110003.55,Mumbai,3.2,Wallet
ORD003512,2032-08-12,Fashion,Mixer,48695.59,8,389564.72,Hyderabad,4.8,Credit Card
ORD003513,2032-08-13,Sports,Headphones,23744.06,6,142464.36,Indore,4.3,Wallet
ORD003514,2032-08-14,Home & Kitchen,Headphones,31802.23,4,127208.92,Hyderabad,3.7,Cash on Delivery
ORD003515,2032-08-15,Sports,Face Cream,21833.29,5,109166.45,Ahmedabad,4.5,UPI
ORD003516,2032-08-16,Beauty,Headphones,7353.47,3,22060.41,Pune,3.9,Cash on Delivery
ORD003517,2032-08-17,Sports,Laptop,48542.49,6,291254.94,Chennai,3.0,Credit Card
ORD003518,2032-08-18,Home & Kitchen,Headphones,6914.14,6,41484.84,Delhi,4.3,Credit Card
ORD003519,2032-08-19,Beauty,Football,6025.53,6,36153.18,Indore,3.5,Credit Card
ORD003520,2032-08-20,Electronics,Mixer,23229.06,9,209061.54,Mumbai,3.2,UPI
ORD003521,2032-08-21,Electronics,Smartphone,33114.92,8,264919.36,Indore,3.5,Wallet
ORD003522,2032-08-22,Home & Kitchen,Cricket Bat,18068.7,6,108412.2,Ahmedabad,4.0,UPI
ORD003523,2032-08-23,Sports,Lipstick,10029.59,2,20059.18,Mumbai,3.1,Cash on Delivery
ORD003524,2032-08-24,Fashion,Mixer,41038.69,4,164154.76,Hyderabad,4.8,UPI
ORD003525,2032-08-25,Home & Kitchen,Smartphone,18473.61,6,110841.66,Hyderabad,4.1,Cash on Delivery
ORD003526,2032-08-26,Beauty,Smartphone,10118.89,9,91070.01,Hyderabad,3.6,UPI
ORD003527,2032-08-27,Beauty,Lipstick,18571.7,2,37143.4,Mumbai,4.4,Wallet
ORD003528,2032-08-28,Electronics,Pressure Cooker,11120.43,6,66722.58,Indore,4.6,Credit Card
ORD003529,2032-08-29,Beauty,Football,26212.66,7,183488.62,Hyderabad,4.2,UPI
ORD003530,2032-08-30,Home & Kitchen,Cricket Bat,33580.32,8,268642.56,Mumbai,3.4,Wallet
ORD003531,2032-08-31,Beauty,Pressure Cooker,40078.09,9,360702.81,Chennai,3.2,UPI
ORD003532,2032-09-01,Home & Kitchen,Pressure Cooker,11764.32,5,58821.6,Pune,4.7,UPI
ORD003533,2032-09-02,Fashion,Smartphone,8764.22,9,78877.98,Pune,3.5,Credit Card
ORD003534,2032-09-03,Electronics,Saree,1470.37,9,13233.33,Pune,3.0,Cash on Delivery
ORD003535,2032-09-04,Beauty,Jeans,11790.34,7,82532.38,Indore,4.3,Wallet
ORD003536,2032-09-05,Home & Kitchen,Mixer,1683.31,2,3366.62,Indore,3.3,UPI
ORD003537,2032-09-06,Sports,Laptop,17600.97,8,140807.76,Indore,5.0,Credit Card
ORD003538,2032-09-07,Electronics,Football,7711.81,5,38559.05,Delhi,4.7,UPI
ORD003539,2032-09-08,Fashion,Pressure Cooker,29204.83,8,233638.64,Hyderabad,4.2,UPI
ORD003540,2032-09-09,Home & Kitchen,Headphones,19494.47,2,38988.94,Mumbai,4.7,Credit Card
ORD003541,2032-09-10,Fashion,Laptop,5132.47,7,35927.29,Chennai,3.9,UPI
ORD003542,2032-09-11,Fashion,T-shirt,20293.39,5,101466.95,Bangalore,4.6,UPI
ORD003543,2032-09-12,Beauty,Football,10862.73,4,43450.92,Chennai,4.3,Wallet
ORD003544,2032-09-13,Beauty,Saree,34168.78,6,205012.68,Delhi,3.1,Wallet
ORD003545,2032-09-14,Home & Kitchen,Laptop,18539.59,5,92697.95,Chennai,4.9,Wallet
ORD003546,2032-09-15,Sports,Lipstick,7777.99,6,46667.94,Hyderabad,4.7,UPI
ORD003547,2032-09-16,Home & Kitchen,Football,17805.29,9,160247.61,Hyderabad,4.9,UPI
ORD003548,2032-09-17,Sports,Jeans,11606.73,1,11606.73,Bangalore,4.5,Wallet
ORD003549,2032-09-18,Fashion,Cricket Bat,39891.06,1,39891.06,Indore,3.8,UPI
ORD003550,2032-09-19,Electronics,Lipstick,49176.69,6,295060.14,Mumbai,3.4,Credit Card
ORD003551,2032-09-20,Home & Kitchen,Pressure Cooker,1761.82,2,3523.64,Pune,3.4,Credit Card
ORD003552,2032-09-21,Home & Kitchen,Saree,34656.0,8,277248.0,Chennai,3.3,UPI
ORD003553,2032-09-22,Sports,Saree,13565.91,7,94961.37,Bangalore,3.4,UPI
ORD003554,2032-09-23,Fashion,Pressure Cooker,3787.23,6,22723.38,Pune,4.1,Cash on Delivery
ORD003555,2032-09-24,Fashion,Jeans,1210.39,4,4841.56,Ahmedabad,4.4,Credit Card
ORD003556,2032-09-25,Sports,Smartphone,44109.98,9,396989.82,Hyderabad,3.6,UPI
ORD003557,2032-09-26,Fashion,Laptop,18003.52,7,126024.64,Ahmedabad,4.1,Cash on Delivery
ORD003558,2032-09-27,Beauty,Headphones,49729.92,7,348109.44,Pune,3.7,Credit Card
ORD003559,2032-09-28,Electronics,Pressure Cooker,22397.67,5,111988.35,Ahmedabad,4.4,Cash on Delivery
ORD003560,2032-09-29,Home & Kitchen,Headphones,9786.09,1,9786.09,Ahmedabad,5.0,Wallet
ORD003561,2032-09-30,Electronics,Laptop,38968.61,2,77937.22,Indore,4.4,Cash on Delivery
ORD003562,2032-10-01,Home & Kitchen,Jeans,46361.36,8,370890.88,Mumbai,3.1,Wallet
ORD003563,2032-10-02,Beauty,Smartphone,40873.24,5,204366.2,Mumbai,4.0,UPI
ORD003564,2032-10-03,Fashion,Cricket Bat,37387.36,2,74774.72,Delhi,4.5,UPI
ORD003565,2032-10-04,Sports,Jeans,17067.63,5,85338.15,Indore,4.1,Credit Card
ORD003566,2032-10-05,Beauty,Face Cream,3692.27,8,29538.16,Hyderabad,4.9,Cash on Delivery
ORD003567,2032-10-06,Electronics,Headphones,10464.32,4,41857.28,Ahmedabad,3.1,Cash on Delivery
ORD003568,2032-10-07,Sports,Saree,22617.11,3,67851.33,Mumbai,3.6,UPI
ORD003569,2032-10-08,Fashion,Football,47831.89,5,239159.45,Delhi,3.4,Credit Card
ORD003570,2032-10-09,Beauty,Saree,36281.28,7,253968.96,Delhi,4.5,UPI
ORD003571,2032-10-10,Sports,T-shirt,41500.01,2,83000.02,Hyderabad,4.0,Credit Card
ORD003572,2032-10-11,Beauty,Mixer,14226.05,1,14226.05,Mumbai,3.3,Cash on Delivery
ORD003573,2032-10-12,Beauty,Lipstick,34349.24,5,171746.2,Pune,3.6,Wallet
ORD003574,2032-10-13,Fashion,Lipstick,43190.69,7,302334.83,Indore,4.0,Credit Card
ORD003575,2032-10-14,Home & Kitchen,Pressure Cooker,24230.87,8,193846.96,Mumbai,5.0,Cash on Delivery
ORD003576,2032-10-15,Sports,Headphones,21779.65,8,174237.2,Chennai,3.7,Credit Card
ORD003577,2032-10-16,Fashion,Lipstick,36110.52,9,324994.68,Mumbai,3.3,Wallet
ORD003578,2032-10-17,Beauty,Lipstick,28215.63,1,28215.63,Delhi,4.0,Wallet
ORD003579,2032-10-18,Fashion,Jeans,49661.97,7,347633.79,Bangalore,3.6,UPI
ORD003580,2032-10-19,Home & Kitchen,Cricket Bat,21542.59,8,172340.72,Hyderabad,4.1,Wallet
ORD003581,2032-10-20,Sports,Headphones,9209.19,6,55255.14,Bangalore,3.9,Wallet
ORD003582,2032-10-21,Home & Kitchen,T-shirt,23860.79,4,95443.16,Mumbai,4.4,UPI
ORD003583,2032-10-22,Electronics,Cricket Bat,12142.65,7,84998.55,Indore,4.8,Wallet
ORD003584,2032-10-23,Sports,T-shirt,28282.06,3,84846.18,Indore,3.4,UPI
ORD003585,2032-10-24,Home & Kitchen,Headphones,6726.95,2,13453.9,Pune,4.6,Credit Card
ORD003586,2032-10-25,Beauty,Smartphone,47523.83,6,285142.98,Pune,4.9,Cash on Delivery
ORD003587,2032-10-26,Sports,Smartphone,43061.23,2,86122.46,Delhi,3.7,UPI
ORD003588,2032-10-27,Sports,Lipstick,8200.49,6,49202.94,Bangalore,3.2,Credit Card
ORD003589,2032-10-28,Fashion,Pressure Cooker,9033.45,3,27100.35,Ahmedabad,4.6,Wallet
ORD003590,2032-10-29,Beauty,Saree,25865.71,2,51731.42,Hyderabad,4.4,Credit Card
ORD003591,2032-10-30,Electronics,Football,38757.63,8,310061.04,Ahmedabad,3.4,UPI
ORD003592,2032-10-31,Home & Kitchen,Jeans,11344.43,4,45377.72,Chennai,3.9,UPI
ORD003593,2032-11-01,Fashion,Lipstick,3518.1,4,14072.4,Bangalore,4.2,UPI
ORD003594,2032-11-02,Home & Kitchen,Football,27503.95,7,192527.65,Indore,3.3,UPI
ORD003595,2032-11-03,Electronics,Mixer,34734.06,8,277872.48,Chennai,4.4,Credit Card
ORD003596,2032-11-04,Electronics,Football,12596.09,9,113364.81,Indore,4.4,Cash on Delivery
ORD003597,2032-11-05,Sports,Smartphone,37118.51,8,296948.08,Pune,4.8,Cash on Delivery
ORD003598,2032-11-06,Electronics,Lipstick,47556.87,4,190227.48,Pune,4.1,Credit Card
ORD003599,2032-11-07,Home & Kitchen,Saree,7285.18,2,14570.36,Mumbai,4.1,Cash on Delivery
ORD003600,2032-11-08,Beauty,Football,25795.94,5,128979.7,Mumbai,4.2,Wallet
ORD003601,2032-11-09,Beauty,T-shirt,3313.68,7,23195.76,Hyderabad,3.5,Credit Card
ORD003602,2032-11-10,Sports,Face Cream,10729.72,2,21459.44,Chennai,4.5,Credit Card
ORD003603,2032-11-11,Home & Kitchen,T-shirt,4946.06,4,19784.24,Ahmedabad,4.3,Credit Card
ORD003604,2032-11-12,Home & Kitchen,Laptop,20498.33,6,122989.98,Chennai,4.7,Cash on Delivery
ORD003605,2032-11-13,Electronics,Jeans,41131.17,8,329049.36,Hyderabad,4.5,Credit Card
ORD003606,2032-11-14,Home & Kitchen,Pressure Cooker,29067.96,6,174407.76,Pune,4.3,Credit Card
ORD003607,2032-11-15,Fashion,T-shirt,11517.95,6,69107.7,Indore,3.3,UPI
ORD003608,2032-11-16,Electronics,Football,2485.48,6,14912.88,Bangalore,4.8,UPI
ORD003609,2032-11-17,Fashion,Laptop,27893.21,4,111572.84,Hyderabad,3.7,Cash on Delivery
ORD003610,2032-11-18,Sports,Smartphone,7073.44,3,21220.32,Pune,4.9,UPI
ORD003611,2032-11-19,Beauty,T-shirt,17465.33,1,17465.33,Mumbai,3.8,Wallet
ORD003612,2032-11-20,Sports,Pressure Cooker,25754.52,2,51509.04,Chennai,3.3,UPI
ORD003613,2032-11-21,Beauty,Lipstick,45234.76,2,90469.52,Delhi,4.8,UPI
ORD003614,2032-11-22,Sports,Saree,4550.25,7,31851.75,Indore,4.6,Credit Card
ORD003615,2032-11-23,Home & Kitchen,Face Cream,33596.08,6,201576.48,Pune,4.6,Wallet
ORD003616,2032-11-24,Fashion,Mixer,1197.02,8,9576.16,Delhi,3.2,Wallet
ORD003617,2032-11-25,Beauty,T-shirt,31680.47,9,285124.23,Mumbai,4.8,UPI
ORD003618,2032-11-26,Electronics,Mixer,27800.86,5,139004.3,Chennai,4.2,Cash on Delivery
ORD003619,2032-11-27,Fashion,Mixer,40687.4,3,122062.2,Chennai,3.9,Credit Card
ORD003620,2032-11-28,Electronics,Mixer,26817.29,4,107269.16,Hyderabad,4.8,Cash on Delivery
ORD003621,2032-11-29,Fashion,Football,17954.52,8,143636.16,Ahmedabad,4.3,Cash on Delivery
ORD003622,2032-11-30,Fashion,Football,12516.17,3,37548.51,Bangalore,3.3,Cash on Delivery
ORD003623,2032-12-01,Sports,Cricket Bat,4719.86,2,9439.72,Hyderabad,4.0,Wallet
ORD003624,2032-12-02,Beauty,Mixer,26963.33,7,188743.31,Delhi,4.3,Cash on Delivery
ORD003625,2032-12-03,Beauty,Cricket Bat,44471.94,4,177887.76,Chennai,4.8,Cash on Delivery
ORD003626,2032-12-04,Fashion,Saree,25979.85,8,207838.8,Bangalore,3.6,Wallet
ORD003627,2032-12-05,Home & Kitchen,Mixer,37085.59,1,37085.59,Hyderabad,4.6,UPI
ORD003628,2032-12-06,Home & Kitchen,Laptop,15272.53,8,122180.24,Bangalore,4.6,Wallet
ORD003629,2032-12-07,Electronics,Mixer,22682.48,5,113412.4,Pune,3.3,Wallet
ORD003630,2032-12-08,Electronics,Headphones,16567.86,2,33135.72,Indore,3.0,UPI
ORD003631,2032-12-09,Sports,Football,5908.67,1,5908.67,Indore,4.2,Cash on Delivery
ORD003632,2032-12-10,Fashion,Jeans,21140.94,6,126845.64,Delhi,4.6,Cash on Delivery
ORD003633,2032-12-11,Electronics,Laptop,38332.22,9,344989.98,Bangalore,4.1,UPI
ORD003634,2032-12-12,Electronics,Pressure Cooker,20051.26,9,180461.34,Pune,4.6,Cash on Delivery
ORD003635,2032-12-13,Fashion,T-shirt,32683.87,9,294154.83,Indore,4.2,UPI
ORD003636,2032-12-14,Sports,Saree,38051.47,4,152205.88,Ahmedabad,4.3,Wallet
ORD003637,2032-12-15,Electronics,Saree,16475.44,6,98852.64,Chennai,3.1,Cash on Delivery
ORD003638,2032-12-16,Sports,Headphones,39976.97,6,239861.82,Indore,3.2,Cash on Delivery
ORD003639,2032-12-17,Beauty,Headphones,17276.82,5,86384.1,Ahmedabad,4.5,Credit Card
ORD003640,2032-12-18,Sports,Headphones,13177.3,2,26354.6,Bangalore,4.5,Cash on Delivery
ORD003641,2032-12-19,Home & Kitchen,Headphones,11511.09,7,80577.63,Bangalore,4.1,Credit Card
ORD003642,2032-12-20,Home & Kitchen,Headphones,10395.26,1,10395.26,Hyderabad,4.2,Cash on Delivery
ORD003643,2032-12-21,Sports,Smartphone,36987.64,6,221925.84,Ahmedabad,4.2,Credit Card
ORD003644,2032-12-22,Home & Kitchen,Lipstick,44431.71,5,222158.55,Pune,3.2,UPI
ORD003645,2032-12-23,Beauty,Football,11917.1,5,59585.5,Pune,4.3,Cash on Delivery
ORD003646,2032-12-24,Fashion,Saree,4719.39,8,37755.12,Bangalore,4.0,UPI
ORD003647,2032-12-25,Home & Kitchen,Headphones,16031.47,9,144283.23,Bangalore,4.2,Credit Card
ORD003648,2032-12-26,Home & Kitchen,T-shirt,33063.44,7,231444.08,Delhi,4.1,Credit Card
ORD003649,2032-12-27,Sports,Face Cream,18741.74,8,149933.92,Bangalore,4.5,Credit Card
ORD003650,2032-12-28,Beauty,Smartphone,27684.24,2,55368.48,Pune,3.6,Credit Card
ORD003651,2032-12-29,Fashion,Laptop,37343.1,2,74686.2,Ahmedabad,3.7,Wallet
ORD003652,2032-12-30,Sports,Face Cream,20719.69,8,165757.52,Hyderabad,3.8,UPI
ORD003653,2032-12-31,Sports,Laptop,49984.89,6,299909.34,Ahmedabad,4.5,Credit Card
ORD003654,2033-01-01,Beauty,Cricket Bat,15248.49,8,121987.92,Pune,3.9,Cash on Delivery
ORD003655,2033-01-02,Fashion,Football,48923.29,9,440309.61,Hyderabad,3.4,Credit Card
ORD003656,2033-01-03,Beauty,Lipstick,10549.97,9,94949.73,Pune,5.0,UPI
ORD003657,2033-01-04,Fashion,Face Cream,5991.12,6,35946.72,Pune,4.0,Wallet
ORD003658,2033-01-05,Beauty,Laptop,37666.12,8,301328.96,Ahmedabad,3.2,UPI
ORD003659,2033-01-06,Sports,Headphones,35264.33,2,70528.66,Chennai,4.3,Cash on Delivery
ORD003660,2033-01-07,Sports,Saree,40652.88,8,325223.04,Indore,4.5,Wallet
ORD003661,2033-01-08,Electronics,Cricket Bat,17507.73,3,52523.19,Delhi,4.0,UPI
ORD003662,2033-01-09,Home & Kitchen,Jeans,46574.98,1,46574.98,Mumbai,4.3,Credit Card
ORD003663,2033-01-10,Beauty,Smartphone,6414.33,7,44900.31,Chennai,3.3,Cash on Delivery
ORD003664,2033-01-11,Electronics,Jeans,1998.72,1,1998.72,Bangalore,3.7,Cash on Delivery
ORD003665,2033-01-12,Home & Kitchen,Jeans,15377.91,1,15377.91,Ahmedabad,3.3,Wallet
ORD003666,2033-01-13,Beauty,Headphones,39967.56,1,39967.56,Indore,3.8,UPI
ORD003667,2033-01-14,Fashion,Jeans,33812.62,4,135250.48,Delhi,4.1,Cash on Delivery
ORD003668,2033-01-15,Home & Kitchen,Jeans,22092.33,4,88369.32,Chennai,3.9,Wallet
ORD003669,2033-01-16,Sports,Laptop,13184.55,6,79107.3,Hyderabad,4.2,Credit Card
ORD003670,2033-01-17,Electronics,Football,3434.0,3,10302.0,Delhi,4.0,Credit Card
ORD003671,2033-01-18,Home & Kitchen,Pressure Cooker,17206.53,6,103239.18,Delhi,3.6,Wallet
ORD003672,2033-01-19,Home & Kitchen,Cricket Bat,23270.98,7,162896.86,Pune,3.3,UPI
ORD003673,2033-01-20,Sports,Jeans,34507.68,1,34507.68,Pune,3.5,Credit Card
ORD003674,2033-01-21,Beauty,Face Cream,32475.61,6,194853.66,Bangalore,3.4,Credit Card
ORD003675,2033-01-22,Fashion,Lipstick,47393.57,1,47393.57,Delhi,4.4,Wallet
ORD003676,2033-01-23,Sports,T-shirt,5469.6,7,38287.2,Indore,4.6,UPI
ORD003677,2033-01-24,Fashion,Cricket Bat,17148.84,5,85744.2,Pune,4.4,Credit Card
ORD003678,2033-01-25,Beauty,Lipstick,24338.12,4,97352.48,Pune,4.3,UPI
ORD003679,2033-01-26,Home & Kitchen,T-shirt,33699.44,1,33699.44,Ahmedabad,3.6,Wallet
ORD003680,2033-01-27,Fashion,Jeans,25024.86,9,225223.74,Indore,4.4,UPI
ORD003681,2033-01-28,Electronics,Pressure Cooker,45681.53,7,319770.71,Delhi,4.2,UPI
ORD003682,2033-01-29,Electronics,Mixer,30629.28,2,61258.56,Mumbai,3.1,Cash on Delivery
ORD003683,2033-01-30,Sports,Saree,2463.44,4,9853.76,Pune,4.8,Credit Card
ORD003684,2033-01-31,Beauty,Lipstick,6125.97,4,24503.88,Bangalore,3.2,Credit Card
ORD003685,2033-02-01,Sports,Jeans,37798.03,8,302384.24,Pune,4.0,Credit Card
ORD003686,2033-02-02,Sports,Face Cream,35931.49,2,71862.98,Delhi,4.0,UPI
ORD003687,2033-02-03,Sports,Face Cream,8098.1,5,40490.5,Ahmedabad,4.7,Wallet
ORD003688,2033-02-04,Electronics,Cricket Bat,3415.98,8,27327.84,Delhi,4.8,UPI
ORD003689,2033-02-05,Electronics,Laptop,29146.53,6,174879.18,Mumbai,4.9,Credit Card
ORD003690,2033-02-06,Sports,Jeans,31969.07,4,127876.28,Mumbai,4.1,Credit Card
ORD003691,2033-02-07,Electronics,Mixer,7197.33,5,35986.65,Hyderabad,4.4,Credit Card
ORD003692,2033-02-08,Beauty,Jeans,23944.16,2,47888.32,Bangalore,3.2,Credit Card
ORD003693,2033-02-09,Sports,Jeans,15638.66,5,78193.3,Mumbai,4.0,Wallet
ORD003694,2033-02-10,Electronics,Face Cream,46599.63,3,139798.89,Delhi,4.8,Cash on Delivery
ORD003695,2033-02-11,Fashion,Saree,11350.39,3,34051.17,Mumbai,3.9,UPI
ORD003696,2033-02-12,Sports,Face Cream,36796.41,7,257574.87,Chennai,3.1,Wallet
ORD003697,2033-02-13,Sports,Laptop,26147.63,3,78442.89,Hyderabad,3.4,Cash on Delivery
ORD003698,2033-02-14,Beauty,Lipstick,1070.29,4,4281.16,Hyderabad,3.9,Credit Card
ORD003699,2033-02-15,Home & Kitchen,Headphones,26091.43,7,182640.01,Indore,3.5,Wallet
ORD003700,2033-02-16,Home & Kitchen,Headphones,5423.87,3,16271.61,Bangalore,3.8,Wallet
ORD003701,2033-02-17,Beauty,Face Cream,33123.58,2,66247.16,Hyderabad,3.7,Wallet
ORD003702,2033-02-18,Beauty,Cricket Bat,28493.41,7,199453.87,Ahmedabad,3.6,UPI
ORD003703,2033-02-19,Beauty,Pressure Cooker,1016.15,5,5080.75,Bangalore,3.2,Cash on Delivery
ORD003704,2033-02-20,Home & Kitchen,Face Cream,10632.3,1,10632.3,Chennai,4.8,Cash on Delivery
ORD003705,2033-02-21,Beauty,Jeans,38923.14,8,311385.12,Indore,4.4,UPI
ORD003706,2033-02-22,Electronics,Cricket Bat,14150.74,3,42452.22,Delhi,4.2,Cash on Delivery
ORD003707,2033-02-23,Sports,Pressure Cooker,25214.53,7,176501.71,Chennai,4.2,Credit Card
ORD003708,2033-02-24,Sports,Lipstick,15943.93,6,95663.58,Bangalore,3.8,Wallet
ORD003709,2033-02-25,Fashion,Face Cream,46115.58,6,276693.48,Bangalore,4.6,Cash on Delivery
ORD003710,2033-02-26,Fashion,Lipstick,27060.56,8,216484.48,Ahmedabad,4.9,Cash on Delivery
ORD003711,2033-02-27,Sports,Laptop,34960.59,4,139842.36,Bangalore,3.0,Wallet
ORD003712,2033-02-28,Electronics,Headphones,4632.07,4,18528.28,Delhi,3.2,Credit Card
ORD003713,2033-03-01,Home & Kitchen,Headphones,2496.63,3,7489.89,Indore,4.3,Credit Card
ORD003714,2033-03-02,Home & Kitchen,Face Cream,13331.8,1,13331.8,Indore,3.5,Cash on Delivery
ORD003715,2033-03-03,Electronics,Cricket Bat,15802.15,3,47406.45,Bangalore,4.8,Credit Card
ORD003716,2033-03-04,Home & Kitchen,Face Cream,34540.19,1,34540.19,Chennai,4.3,UPI
ORD003717,2033-03-05,Beauty,Saree,28671.96,6,172031.76,Indore,3.7,Wallet
ORD003718,2033-03-06,Sports,Headphones,19041.69,8,152333.52,Delhi,3.8,Wallet
ORD003719,2033-03-07,Sports,Saree,32878.82,3,98636.46,Chennai,4.4,UPI
ORD003720,2033-03-08,Electronics,Saree,8596.5,4,34386.0,Ahmedabad,3.3,Credit Card
ORD003721,2033-03-09,Home & Kitchen,Lipstick,3642.74,5,18213.7,Pune,4.8,Credit Card
ORD003722,2033-03-10,Fashion,Laptop,42798.0,7,299586.0,Delhi,3.0,Wallet
ORD003723,2033-03-11,Fashion,Football,28415.33,6,170491.98,Bangalore,5.0,UPI
ORD003724,2033-03-12,Home & Kitchen,Cricket Bat,32630.22,2,65260.44,Indore,3.3,UPI
ORD003725,2033-03-13,Fashion,T-shirt,15708.49,7,109959.43,Delhi,4.5,Wallet
ORD003726,2033-03-14,Electronics,Cricket Bat,18911.77,8,151294.16,Ahmedabad,3.1,Cash on Delivery
ORD003727,2033-03-15,Electronics,Saree,4577.19,1,4577.19,Mumbai,3.9,Wallet
ORD003728,2033-03-16,Home & Kitchen,Pressure Cooker,42920.92,6,257525.52,Chennai,4.3,Cash on Delivery
ORD003729,2033-03-17,Fashion,Pressure Cooker,29825.75,9,268431.75,Mumbai,3.1,Cash on Delivery
ORD003730,2033-03-18,Electronics,Laptop,4639.57,7,32476.99,Ahmedabad,3.9,Cash on Delivery
ORD003731,2033-03-19,Electronics,Lipstick,40324.22,5,201621.1,Ahmedabad,3.6,Wallet
ORD003732,2033-03-20,Beauty,Lipstick,22483.71,9,202353.39,Mumbai,4.0,UPI
ORD003733,2033-03-21,Beauty,Saree,38372.52,2,76745.04,Bangalore,4.0,UPI
ORD003734,2033-03-22,Electronics,Saree,1124.68,7,7872.76,Pune,4.6,UPI
ORD003735,2033-03-23,Home & Kitchen,Mixer,1922.62,9,17303.58,Ahmedabad,3.2,Wallet
ORD003736,2033-03-24,Sports,Mixer,8953.76,2,17907.52,Bangalore,3.2,Wallet
ORD003737,2033-03-25,Sports,Saree,10940.37,6,65642.22,Mumbai,3.8,Credit Card
ORD003738,2033-03-26,Electronics,Headphones,38315.8,9,344842.2,Delhi,4.8,Wallet
ORD003739,2033-03-27,Electronics,Cricket Bat,35481.36,3,106444.08,Bangalore,4.7,UPI
ORD003740,2033-03-28,Electronics,Headphones,30996.36,8,247970.88,Chennai,4.1,Credit Card
ORD003741,2033-03-29,Home & Kitchen,Lipstick,44300.52,5,221502.6,Mumbai,4.8,Wallet
ORD003742,2033-03-30,Beauty,T-shirt,12733.86,7,89137.02,Chennai,4.6,Wallet
ORD003743,2033-03-31,Electronics,Cricket Bat,45268.04,3,135804.12,Pune,3.6,Wallet
ORD003744,2033-04-01,Electronics,Headphones,45518.82,8,364150.56,Indore,3.3,Credit Card
ORD003745,2033-04-02,Fashion,Headphones,21995.86,2,43991.72,Pune,3.6,Credit Card
ORD003746,2033-04-03,Home & Kitchen,Smartphone,5172.12,8,41376.96,Chennai,3.5,Cash on Delivery
ORD003747,2033-04-04,Electronics,Cricket Bat,36464.72,2,72929.44,Chennai,4.2,Credit Card
ORD003748,2033-04-05,Fashion,T-shirt,17177.97,7,120245.79,Mumbai,4.2,UPI
ORD003749,2033-04-06,Sports,Laptop,39849.01,2,79698.02,Hyderabad,4.2,UPI
ORD003750,2033-04-07,Electronics,Laptop,8602.67,7,60218.69,Pune,3.4,Wallet
ORD003751,2033-04-08,Electronics,Headphones,27206.0,1,27206.0,Indore,4.6,UPI
ORD003752,2033-04-09,Fashion,Saree,25649.65,6,153897.9,Bangalore,3.9,UPI
ORD003753,2033-04-10,Home & Kitchen,T-shirt,5465.57,7,38258.99,Chennai,3.9,UPI
ORD003754,2033-04-11,Electronics,T-shirt,18484.97,4,73939.88,Mumbai,5.0,UPI
ORD003755,2033-04-12,Sports,Lipstick,4695.39,1,4695.39,Hyderabad,3.6,Credit Card
ORD003756,2033-04-13,Electronics,Face Cream,23504.65,6,141027.9,Mumbai,3.8,UPI
ORD003757,2033-04-14,Sports,Pressure Cooker,42223.78,4,168895.12,Bangalore,4.4,Wallet
ORD003758,2033-04-15,Beauty,Smartphone,13875.14,3,41625.42,Pune,4.8,Credit Card
ORD003759,2033-04-16,Beauty,Lipstick,38360.67,4,153442.68,Pune,3.3,Cash on Delivery
ORD003760,2033-04-17,Sports,Football,9579.66,6,57477.96,Mumbai,4.5,UPI
ORD003761,2033-04-18,Home & Kitchen,T-shirt,33849.88,5,169249.4,Ahmedabad,4.8,Cash on Delivery
ORD003762,2033-04-19,Electronics,Face Cream,45819.1,2,91638.2,Pune,3.8,Cash on Delivery
ORD003763,2033-04-20,Electronics,Jeans,16534.44,2,33068.88,Delhi,3.6,Wallet
ORD003764,2033-04-21,Beauty,Saree,45070.38,3,135211.14,Indore,4.4,Cash on Delivery
ORD003765,2033-04-22,Sports,T-shirt,25518.34,6,153110.04,Delhi,3.5,UPI
ORD003766,2033-04-23,Electronics,Smartphone,16181.85,1,16181.85,Pune,3.8,Wallet
ORD003767,2033-04-24,Electronics,T-shirt,44877.16,7,314140.12,Ahmedabad,4.8,Wallet
ORD003768,2033-04-25,Home & Kitchen,Cricket Bat,2085.84,8,16686.72,Chennai,4.2,Credit Card
ORD003769,2033-04-26,Fashion,Cricket Bat,1886.93,7,13208.51,Ahmedabad,3.2,Wallet
ORD003770,2033-04-27,Beauty,Face Cream,30191.57,3,90574.71,Mumbai,3.7,Cash on Delivery
ORD003771,2033-04-28,Beauty,Mixer,39939.16,6,239634.96,Mumbai,4.3,UPI
ORD003772,2033-04-29,Fashion,Smartphone,37701.54,4,150806.16,Chennai,4.0,Credit Card
ORD003773,2033-04-30,Electronics,Face Cream,4433.74,5,22168.7,Chennai,4.3,Cash on Delivery
ORD003774,2033-05-01,Home & Kitchen,Headphones,47537.43,3,142612.29,Pune,4.5,Wallet
ORD003775,2033-05-02,Home & Kitchen,Pressure Cooker,35301.65,5,176508.25,Indore,4.0,UPI
ORD003776,2033-05-03,Beauty,Headphones,47481.05,6,284886.3,Pune,5.0,Wallet
ORD003777,2033-05-04,Home & Kitchen,Pressure Cooker,16790.34,8,134322.72,Hyderabad,4.8,Credit Card
ORD003778,2033-05-05,Fashion,Football,34849.99,6,209099.94,Mumbai,3.1,Credit Card
ORD003779,2033-05-06,Electronics,Pressure Cooker,43066.97,9,387602.73,Bangalore,3.5,UPI
ORD003780,2033-05-07,Fashion,Pressure Cooker,19332.98,4,77331.92,Bangalore,3.6,Cash on Delivery
ORD003781,2033-05-08,Sports,Laptop,48260.57,2,96521.14,Bangalore,3.4,UPI
ORD003782,2033-05-09,Beauty,Pressure Cooker,13617.14,9,122554.26,Chennai,3.6,Cash on Delivery
ORD003783,2033-05-10,Home & Kitchen,T-shirt,16122.87,3,48368.61,Chennai,3.8,UPI
ORD003784,2033-05-11,Sports,Jeans,46056.26,7,322393.82,Chennai,3.1,Credit Card
ORD003785,2033-05-12,Home & Kitchen,Smartphone,48498.16,4,193992.64,Pune,3.3,Credit Card
ORD003786,2033-05-13,Electronics,Jeans,14617.19,1,14617.19,Bangalore,3.2,Wallet
ORD003787,2033-05-14,Electronics,Mixer,7251.31,8,58010.48,Hyderabad,3.1,Credit Card
ORD003788,2033-05-15,Electronics,T-shirt,38073.24,4,152292.96,Indore,4.0,Wallet
ORD003789,2033-05-16,Home & Kitchen,Face Cream,46518.43,6,279110.58,Delhi,3.7,Credit Card
ORD003790,2033-05-17,Sports,Pressure Cooker,30235.33,7,211647.31,Mumbai,4.9,Credit Card
ORD003791,2033-05-18,Electronics,Laptop,31908.69,8,255269.52,Delhi,3.2,Wallet
ORD003792,2033-05-19,Sports,Lipstick,38265.7,2,76531.4,Mumbai,4.9,UPI
ORD003793,2033-05-20,Home & Kitchen,Headphones,8077.7,9,72699.3,Chennai,3.2,UPI
ORD003794,2033-05-21,Sports,Cricket Bat,48686.71,3,146060.13,Bangalore,4.2,UPI
ORD003795,2033-05-22,Home & Kitchen,Face Cream,18534.3,1,18534.3,Delhi,3.5,Cash on Delivery
ORD003796,2033-05-23,Home & Kitchen,Smartphone,31597.9,2,63195.8,Ahmedabad,4.7,Cash on Delivery
ORD003797,2033-05-24,Beauty,Jeans,23696.49,8,189571.92,Chennai,3.1,Credit Card
ORD003798,2033-05-25,Home & Kitchen,T-shirt,23674.96,6,142049.76,Mumbai,4.9,Credit Card
ORD003799,2033-05-26,Home & Kitchen,Lipstick,35285.85,1,35285.85,Ahmedabad,3.1,Credit Card
ORD003800,2033-05-27,Fashion,Saree,49735.78,9,447622.02,Indore,3.5,Wallet
ORD003801,2033-05-28,Electronics,Saree,33123.46,7,231864.22,Ahmedabad,3.9,Cash on Delivery
ORD003802,2033-05-29,Beauty,Cricket Bat,39805.93,3,119417.79,Indore,4.5,Cash on Delivery
ORD003803,2033-05-30,Beauty,Football,1866.99,7,13068.93,Delhi,4.9,UPI
ORD003804,2033-05-31,Beauty,Saree,40616.15,6,243696.9,Delhi,3.9,Cash on Delivery
ORD003805,2033-06-01,Fashion,Headphones,15348.81,3,46046.43,Delhi,4.5,Wallet
ORD003806,2033-06-02,Home & Kitchen,Mixer,6771.74,8,54173.92,Delhi,4.5,Wallet
ORD003807,2033-06-03,Electronics,Saree,6110.04,1,6110.04,Delhi,4.1,Wallet
ORD003808,2033-06-04,Sports,Cricket Bat,34153.8,5,170769.0,Chennai,4.4,Wallet
ORD003809,2033-06-05,Home & Kitchen,Mixer,49882.03,8,399056.24,Pune,3.1,Credit Card
ORD003810,2033-06-06,Fashion,Headphones,33476.66,3,100429.98,Mumbai,3.9,Wallet
ORD003811,2033-06-07,Home & Kitchen,Cricket Bat,13486.23,6,80917.38,Mumbai,4.6,UPI
ORD003812,2033-06-08,Home & Kitchen,Saree,10563.65,2,21127.3,Hyderabad,3.9,Wallet
ORD003813,2033-06-09,Fashion,Pressure Cooker,26534.88,9,238813.92,Pune,4.7,Cash on Delivery
ORD003814,2033-06-10,Beauty,Smartphone,3719.45,2,7438.9,Pune,4.7,Wallet
ORD003815,2033-06-11,Beauty,Saree,20266.88,5,101334.4,Bangalore,4.7,UPI
ORD003816,2033-06-12,Electronics,Cricket Bat,33478.63,3,100435.89,Indore,3.3,Cash on Delivery
ORD003817,2033-06-13,Electronics,Smartphone,48399.28,9,435593.52,Delhi,3.5,Cash on Delivery
ORD003818,2033-06-14,Beauty,Smartphone,21569.85,9,194128.65,Indore,3.1,Cash on Delivery
ORD003819,2033-06-15,Sports,Mixer,10411.09,7,72877.63,Mumbai,5.0,Credit Card
ORD003820,2033-06-16,Home & Kitchen,Headphones,40959.44,5,204797.2,Bangalore,3.5,Cash on Delivery
ORD003821,2033-06-17,Sports,Saree,37337.88,9,336040.92,Bangalore,3.7,Credit Card
ORD003822,2033-06-18,Home & Kitchen,Football,43055.34,7,301387.38,Chennai,3.5,Wallet
ORD003823,2033-06-19,Beauty,Lipstick,11128.58,2,22257.16,Delhi,3.1,UPI
ORD003824,2033-06-20,Electronics,Football,20539.19,1,20539.19,Hyderabad,3.5,Cash on Delivery
ORD003825,2033-06-21,Electronics,Pressure Cooker,49086.94,4,196347.76,Bangalore,3.2,Wallet
ORD003826,2033-06-22,Sports,Football,8323.09,8,66584.72,Chennai,3.8,Credit Card
ORD003827,2033-06-23,Electronics,Headphones,33736.82,6,202420.92,Delhi,4.9,Credit Card
ORD003828,2033-06-24,Beauty,Lipstick,12240.63,2,24481.26,Mumbai,4.4,UPI
ORD003829,2033-06-25,Sports,Face Cream,25257.87,5,126289.35,Ahmedabad,4.4,Wallet
ORD003830,2033-06-26,Home & Kitchen,Lipstick,40125.23,9,361127.07,Hyderabad,3.9,UPI
ORD003831,2033-06-27,Electronics,Jeans,24685.01,6,148110.06,Delhi,4.6,UPI
ORD003832,2033-06-28,Fashion,Face Cream,40371.34,6,242228.04,Chennai,4.8,Cash on Delivery
ORD003833,2033-06-29,Electronics,Mixer,21603.58,7,151225.06,Indore,4.9,Cash on Delivery
ORD003834,2033-06-30,Home & Kitchen,Laptop,49967.97,5,249839.85,Chennai,3.2,UPI
ORD003835,2033-07-01,Sports,T-shirt,22073.5,3,66220.5,Chennai,4.8,Cash on Delivery
ORD003836,2033-07-02,Home & Kitchen,T-shirt,7894.28,3,23682.84,Ahmedabad,3.5,Wallet
ORD003837,2033-07-03,Fashion,Football,20392.54,5,101962.7,Chennai,3.8,Credit Card
ORD003838,2033-07-04,Beauty,Face Cream,37258.36,4,149033.44,Chennai,3.7,Credit Card
ORD003839,2033-07-05,Electronics,Mixer,42472.92,5,212364.6,Hyderabad,4.4,Cash on Delivery
ORD003840,2033-07-06,Sports,Mixer,23275.11,9,209475.99,Bangalore,4.2,Wallet
ORD003841,2033-07-07,Beauty,Lipstick,29926.6,5,149633.0,Pune,3.2,Cash on Delivery
ORD003842,2033-07-08,Home & Kitchen,Mixer,42322.06,4,169288.24,Bangalore,4.6,Wallet
ORD003843,2033-07-09,Sports,Football,40770.54,4,163082.16,Pune,3.9,Credit Card
ORD003844,2033-07-10,Beauty,Lipstick,33057.33,1,33057.33,Mumbai,3.0,Wallet
ORD003845,2033-07-11,Sports,Headphones,40843.84,4,163375.36,Pune,3.8,Credit Card
ORD003846,2033-07-12,Fashion,Laptop,29007.58,4,116030.32,Bangalore,4.0,Cash on Delivery
ORD003847,2033-07-13,Fashion,Jeans,730.08,9,6570.72,Chennai,3.1,Wallet
ORD003848,2033-07-14,Electronics,Lipstick,2542.71,4,10170.84,Bangalore,3.3,Cash on Delivery
ORD003849,2033-07-15,Electronics,Football,49000.52,7,343003.64,Pune,5.0,UPI
ORD003850,2033-07-16,Fashion,Mixer,7677.11,1,7677.11,Indore,4.7,UPI
ORD003851,2033-07-17,Sports,Smartphone,20523.56,7,143664.92,Pune,3.3,Cash on Delivery
ORD003852,2033-07-18,Fashion,Saree,46723.66,2,93447.32,Indore,4.2,Credit Card
ORD003853,2033-07-19,Electronics,T-shirt,10154.45,8,81235.6,Bangalore,3.8,Wallet
ORD003854,2033-07-20,Fashion,Laptop,42267.67,1,42267.67,Chennai,4.1,Cash on Delivery
ORD003855,2033-07-21,Fashion,Saree,41004.24,3,123012.72,Pune,3.9,Credit Card
ORD003856,2033-07-22,Sports,Cricket Bat,49323.32,8,394586.56,Hyderabad,3.1,Wallet
ORD003857,2033-07-23,Beauty,Mixer,14443.25,8,115546.0,Chennai,3.6,Cash on Delivery
ORD003858,2033-07-24,Electronics,Football,16108.61,5,80543.05,Bangalore,3.3,Cash on Delivery
ORD003859,2033-07-25,Sports,Lipstick,45192.46,5,225962.3,Bangalore,4.0,Credit Card
ORD003860,2033-07-26,Fashion,Football,12086.91,8,96695.28,Mumbai,4.8,Wallet
ORD003861,2033-07-27,Fashion,Face Cream,27621.1,5,138105.5,Ahmedabad,5.0,Wallet
ORD003862,2033-07-28,Beauty,Jeans,35513.58,9,319622.22,Chennai,4.9,Credit Card
ORD003863,2033-07-29,Electronics,Smartphone,13958.27,1,13958.27,Ahmedabad,5.0,Cash on Delivery
ORD003864,2033-07-30,Electronics,Jeans,46951.44,5,234757.2,Mumbai,3.0,Credit Card
ORD003865,2033-07-31,Home & Kitchen,Saree,33452.03,3,100356.09,Mumbai,4.5,Credit Card
ORD003866,2033-08-01,Electronics,Smartphone,2833.4,3,8500.2,Delhi,3.5,Cash on Delivery
ORD003867,2033-08-02,Beauty,Pressure Cooker,7219.01,2,14438.02,Indore,4.7,Wallet
ORD003868,2033-08-03,Home & Kitchen,T-shirt,9943.69,3,29831.07,Mumbai,4.6,UPI
ORD003869,2033-08-04,Home & Kitchen,Mixer,12625.39,7,88377.73,Indore,3.8,UPI
ORD003870,2033-08-05,Fashion,Cricket Bat,36668.53,8,293348.24,Bangalore,3.9,Credit Card
ORD003871,2033-08-06,Fashion,Saree,4902.29,8,39218.32,Pune,3.5,Wallet
ORD003872,2033-08-07,Electronics,Lipstick,17854.44,8,142835.52,Bangalore,3.6,Cash on Delivery
ORD003873,2033-08-08,Home & Kitchen,T-shirt,45613.47,1,45613.47,Delhi,5.0,Wallet
ORD003874,2033-08-09,Fashion,Cricket Bat,28055.05,7,196385.35,Delhi,4.8,Credit Card
ORD003875,2033-08-10,Beauty,Jeans,13642.08,2,27284.16,Pune,3.4,Wallet
ORD003876,2033-08-11,Fashion,T-shirt,47874.29,4,191497.16,Chennai,3.6,Wallet
ORD003877,2033-08-12,Fashion,Cricket Bat,12593.64,5,62968.2,Pune,3.2,Cash on Delivery
ORD003878,2033-08-13,Home & Kitchen,Face Cream,45302.43,1,45302.43,Delhi,5.0,UPI
ORD003879,2033-08-14,Home & Kitchen,Face Cream,36425.6,4,145702.4,Hyderabad,4.8,Wallet
ORD003880,2033-08-15,Sports,Cricket Bat,37155.79,4,148623.16,Bangalore,4.1,Wallet
ORD003881,2033-08-16,Beauty,Jeans,38364.5,9,345280.5,Bangalore,4.4,UPI
ORD003882,2033-08-17,Home & Kitchen,Football,25575.18,9,230176.62,Indore,4.5,Wallet
ORD003883,2033-08-18,Electronics,Cricket Bat,40821.65,1,40821.65,Delhi,3.4,Wallet
ORD003884,2033-08-19,Beauty,Face Cream,41891.56,8,335132.48,Indore,4.9,Wallet
ORD003885,2033-08-20,Beauty,Laptop,18344.09,4,73376.36,Delhi,4.1,UPI
ORD003886,2033-08-21,Home & Kitchen,Smartphone,20317.05,4,81268.2,Bangalore,3.2,Credit Card
ORD003887,2033-08-22,Beauty,Football,44493.46,5,222467.3,Delhi,3.8,UPI
ORD003888,2033-08-23,Home & Kitchen,Laptop,26474.1,2,52948.2,Ahmedabad,4.2,UPI
ORD003889,2033-08-24,Fashion,Jeans,43413.7,1,43413.7,Chennai,3.7,Credit Card
ORD003890,2033-08-25,Sports,Headphones,31525.09,5,157625.45,Delhi,4.4,Cash on Delivery
ORD003891,2033-08-26,Fashion,T-shirt,29881.6,7,209171.2,Delhi,4.8,UPI
ORD003892,2033-08-27,Home & Kitchen,Pressure Cooker,2033.56,9,18302.04,Pune,4.5,Wallet
ORD003893,2033-08-28,Home & Kitchen,Lipstick,14255.77,2,28511.54,Chennai,4.3,Cash on Delivery
ORD003894,2033-08-29,Fashion,Lipstick,25351.85,8,202814.8,Chennai,4.0,Cash on Delivery
ORD003895,2033-08-30,Electronics,Saree,29572.2,7,207005.4,Chennai,3.5,Credit Card
ORD003896,2033-08-31,Electronics,Saree,31706.51,2,63413.02,Indore,3.9,Cash on Delivery
ORD003897,2033-09-01,Electronics,Jeans,35953.03,5,179765.15,Bangalore,3.6,Wallet
ORD003898,2033-09-02,Home & Kitchen,Saree,32983.55,7,230884.85,Pune,4.9,Cash on Delivery
ORD003899,2033-09-03,Beauty,Lipstick,42504.55,3,127513.65,Delhi,4.8,Wallet
ORD003900,2033-09-04,Home & Kitchen,Laptop,15125.78,2,30251.56,Chennai,3.3,Credit Card
ORD003901,2033-09-05,Beauty,Pressure Cooker,32257.71,6,193546.26,Chennai,4.6,Cash on Delivery
ORD003902,2033-09-06,Fashion,Face Cream,3032.4,6,18194.4,Bangalore,4.4,UPI
ORD003903,2033-09-07,Sports,Lipstick,24269.41,4,97077.64,Hyderabad,5.0,Credit Card
ORD003904,2033-09-08,Beauty,Laptop,13767.63,1,13767.63,Delhi,3.9,Credit Card
ORD003905,2033-09-09,Electronics,Headphones,19353.91,5,96769.55,Hyderabad,4.4,Wallet
ORD003906,2033-09-10,Home & Kitchen,Jeans,18055.81,1,18055.81,Hyderabad,4.0,Credit Card
ORD003907,2033-09-11,Fashion,Mixer,3491.32,8,27930.56,Chennai,3.1,UPI
ORD003908,2033-09-12,Electronics,Headphones,23598.97,2,47197.94,Ahmedabad,3.1,Cash on Delivery
ORD003909,2033-09-13,Fashion,Face Cream,49734.15,9,447607.35,Indore,3.2,Cash on Delivery
ORD003910,2033-09-14,Sports,Headphones,15297.33,9,137675.97,Bangalore,3.6,Cash on Delivery
ORD003911,2033-09-15,Home & Kitchen,Football,36939.23,3,110817.69,Delhi,3.5,Wallet
ORD003912,2033-09-16,Home & Kitchen,Football,27615.52,6,165693.12,Delhi,4.5,UPI
ORD003913,2033-09-17,Sports,Lipstick,16598.65,9,149387.85,Delhi,4.4,Wallet
ORD003914,2033-09-18,Home & Kitchen,Jeans,4935.55,7,34548.85,Indore,4.9,Cash on Delivery
ORD003915,2033-09-19,Beauty,Smartphone,11184.97,4,44739.88,Hyderabad,3.6,Cash on Delivery
ORD003916,2033-09-20,Fashion,Football,39201.75,3,117605.25,Mumbai,4.9,UPI
ORD003917,2033-09-21,Electronics,Cricket Bat,14311.5,2,28623.0,Bangalore,4.2,Wallet
ORD003918,2033-09-22,Sports,Headphones,7642.97,1,7642.97,Mumbai,4.0,UPI
ORD003919,2033-09-23,Beauty,Saree,16899.27,1,16899.27,Hyderabad,4.3,Cash on Delivery
ORD003920,2033-09-24,Electronics,Laptop,29410.13,4,117640.52,Chennai,4.4,UPI
ORD003921,2033-09-25,Electronics,Smartphone,35321.43,4,141285.72,Mumbai,3.3,UPI
ORD003922,2033-09-26,Sports,Jeans,19674.56,9,177071.04,Ahmedabad,4.5,Wallet
ORD003923,2033-09-27,Beauty,Mixer,25158.28,1,25158.28,Mumbai,4.5,Wallet
ORD003924,2033-09-28,Electronics,Pressure Cooker,23018.38,4,92073.52,Bangalore,5.0,UPI
ORD003925,2033-09-29,Electronics,Football,945.67,3,2837.01,Hyderabad,4.8,Credit Card
ORD003926,2033-09-30,Beauty,Smartphone,20082.22,9,180739.98,Bangalore,4.4,Credit Card
ORD003927,2033-10-01,Home & Kitchen,Mixer,29572.33,5,147861.65,Chennai,4.4,Wallet
ORD003928,2033-10-02,Electronics,Lipstick,28712.26,9,258410.34,Indore,4.9,Cash on Delivery
ORD003929,2033-10-03,Fashion,T-shirt,37613.49,6,225680.94,Indore,4.9,Cash on Delivery
ORD003930,2033-10-04,Beauty,Football,33683.61,9,303152.49,Ahmedabad,4.7,Wallet
ORD003931,2033-10-05,Electronics,Cricket Bat,14201.94,1,14201.94,Indore,4.5,Wallet
ORD003932,2033-10-06,Sports,Lipstick,13154.36,4,52617.44,Delhi,3.2,UPI
ORD003933,2033-10-07,Fashion,Jeans,23475.02,4,93900.08,Indore,4.7,Cash on Delivery
ORD003934,2033-10-08,Electronics,T-shirt,36782.0,6,220692.0,Ahmedabad,3.5,Credit Card
ORD003935,2033-10-09,Fashion,Mixer,5144.45,1,5144.45,Pune,4.1,Wallet
ORD003936,2033-10-10,Fashion,T-shirt,47442.17,5,237210.85,Indore,3.8,Wallet
ORD003937,2033-10-11,Home & Kitchen,Pressure Cooker,27386.08,3,82158.24,Hyderabad,3.7,Cash on Delivery
ORD003938,2033-10-12,Fashion,Saree,15667.22,1,15667.22,Pune,3.6,Cash on Delivery
ORD003939,2033-10-13,Home & Kitchen,Saree,34822.87,6,208937.22,Ahmedabad,4.7,Credit Card
ORD003940,2033-10-14,Beauty,Lipstick,2713.93,3,8141.79,Indore,4.5,Wallet
ORD003941,2033-10-15,Home & Kitchen,Face Cream,24477.65,4,97910.6,Indore,4.0,Credit Card
ORD003942,2033-10-16,Sports,Lipstick,24555.5,9,220999.5,Chennai,4.3,UPI
ORD003943,2033-10-17,Electronics,Football,8517.78,2,17035.56,Chennai,5.0,UPI
ORD003944,2033-10-18,Beauty,Jeans,41950.7,1,41950.7,Mumbai,3.8,Wallet
ORD003945,2033-10-19,Beauty,Jeans,39942.2,6,239653.2,Pune,4.1,UPI
ORD003946,2033-10-20,Sports,Laptop,8060.25,1,8060.25,Ahmedabad,4.1,Cash on Delivery
ORD003947,2033-10-21,Home & Kitchen,Pressure Cooker,18509.45,1,18509.45,Bangalore,4.9,Cash on Delivery
ORD003948,2033-10-22,Electronics,Jeans,5471.26,7,38298.82,Mumbai,3.7,Cash on Delivery
ORD003949,2033-10-23,Home & Kitchen,Headphones,42506.13,2,85012.26,Mumbai,5.0,Credit Card
ORD003950,2033-10-24,Fashion,Pressure Cooker,16504.35,4,66017.4,Delhi,3.6,Cash on Delivery
ORD003951,2033-10-25,Home & Kitchen,Laptop,22246.16,4,88984.64,Bangalore,3.2,Credit Card
ORD003952,2033-10-26,Beauty,Saree,16531.66,2,33063.32,Delhi,3.4,Wallet
ORD003953,2033-10-27,Electronics,Smartphone,15846.29,6,95077.74,Indore,3.9,Wallet
ORD003954,2033-10-28,Home & Kitchen,Laptop,37491.46,2,74982.92,Ahmedabad,4.3,Cash on Delivery
ORD003955,2033-10-29,Electronics,Laptop,37504.53,8,300036.24,Chennai,4.0,Cash on Delivery
ORD003956,2033-10-30,Electronics,Face Cream,26130.51,4,104522.04,Indore,3.8,Wallet
ORD003957,2033-10-31,Fashion,Lipstick,33052.04,1,33052.04,Delhi,4.1,Credit Card
ORD003958,2033-11-01,Fashion,Cricket Bat,25827.33,7,180791.31,Chennai,4.7,Credit Card
ORD003959,2033-11-02,Beauty,T-shirt,1915.17,6,11491.02,Mumbai,4.7,Credit Card
ORD003960,2033-11-03,Sports,Face Cream,3767.32,6,22603.92,Ahmedabad,4.5,UPI
ORD003961,2033-11-04,Electronics,Saree,19495.16,3,58485.48,Ahmedabad,4.9,UPI
ORD003962,2033-11-05,Sports,Mixer,37612.44,7,263287.08,Indore,4.2,Cash on Delivery
ORD003963,2033-11-06,Beauty,Mixer,45704.7,6,274228.2,Delhi,3.0,Cash on Delivery
ORD003964,2033-11-07,Electronics,Face Cream,1970.56,9,17735.04,Indore,3.6,Wallet
ORD003965,2033-11-08,Electronics,Football,18717.49,3,56152.47,Bangalore,3.7,Cash on Delivery
ORD003966,2033-11-09,Sports,Jeans,11577.23,3,34731.69,Ahmedabad,4.1,Wallet
ORD003967,2033-11-10,Home & Kitchen,Saree,40852.66,4,163410.64,Delhi,4.8,UPI
ORD003968,2033-11-11,Fashion,Headphones,42375.42,3,127126.26,Chennai,4.7,Cash on Delivery
ORD003969,2033-11-12,Home & Kitchen,Football,10717.24,4,42868.96,Ahmedabad,3.5,Credit Card
ORD003970,2033-11-13,Sports,Jeans,35685.95,6,214115.7,Hyderabad,4.0,Wallet
ORD003971,2033-11-14,Fashion,Jeans,36721.92,1,36721.92,Indore,4.3,Credit Card
ORD003972,2033-11-15,Home & Kitchen,Laptop,9264.36,2,18528.72,Pune,5.0,UPI
ORD003973,2033-11-16,Fashion,Saree,21967.95,6,131807.7,Indore,3.1,Credit Card
ORD003974,2033-11-17,Electronics,T-shirt,31206.72,6,187240.32,Pune,3.9,Credit Card
ORD003975,2033-11-18,Home & Kitchen,Jeans,1790.3,1,1790.3,Bangalore,5.0,Cash on Delivery
ORD003976,2033-11-19,Fashion,Cricket Bat,20527.3,6,123163.8,Chennai,5.0,Credit Card
ORD003977,2033-11-20,Fashion,Pressure Cooker,8170.43,9,73533.87,Indore,3.7,Credit Card
ORD003978,2033-11-21,Fashion,Headphones,27323.88,8,218591.04,Pune,3.0,UPI
ORD003979,2033-11-22,Home & Kitchen,Headphones,42224.42,5,211122.1,Hyderabad,4.2,Credit Card
ORD003980,2033-11-23,Beauty,Jeans,26475.32,4,105901.28,Indore,4.7,Wallet
ORD003981,2033-11-24,Home & Kitchen,Cricket Bat,2281.19,6,13687.14,Bangalore,3.6,Credit Card
ORD003982,2033-11-25,Sports,Pressure Cooker,1968.03,5,9840.15,Hyderabad,4.9,Wallet
ORD003983,2033-11-26,Home & Kitchen,Smartphone,30472.41,6,182834.46,Mumbai,3.7,Cash on Delivery
ORD003984,2033-11-27,Fashion,Lipstick,16735.09,3,50205.27,Mumbai,4.2,Wallet
ORD003985,2033-11-28,Electronics,Lipstick,28846.99,7,201928.93,Indore,4.4,Wallet
ORD003986,2033-11-29,Home & Kitchen,Lipstick,8600.04,8,68800.32,Delhi,3.7,Cash on Delivery
ORD003987,2033-11-30,Home & Kitchen,Football,38954.69,5,194773.45,Delhi,3.7,Cash on Delivery
ORD003988,2033-12-01,Fashion,Laptop,43105.63,5,215528.15,Delhi,3.9,UPI
ORD003989,2033-12-02,Electronics,Headphones,44516.67,4,178066.68,Delhi,4.7,Wallet
ORD003990,2033-12-03,Electronics,Mixer,15551.69,5,77758.45,Pune,3.2,Cash on Delivery
ORD003991,2033-12-04,Sports,Mixer,33206.4,8,265651.2,Ahmedabad,4.3,Credit Card
ORD003992,2033-12-05,Home & Kitchen,Laptop,14312.6,5,71563.0,Indore,4.4,UPI
ORD003993,2033-12-06,Electronics,Jeans,38256.46,9,344308.14,Hyderabad,4.1,Credit Card
ORD003994,2033-12-07,Electronics,Football,6465.99,1,6465.99,Bangalore,4.9,Credit Card
ORD003995,2033-12-08,Beauty,Saree,38256.86,7,267798.02,Bangalore,4.2,Cash on Delivery
ORD003996,2033-12-09,Beauty,Saree,22266.57,5,111332.85,Pune,4.3,UPI
ORD003997,2033-12-10,Electronics,Lipstick,42849.7,4,171398.8,Delhi,4.2,UPI
ORD003998,2033-12-11,Sports,Face Cream,37077.08,3,111231.24,Mumbai,4.4,Cash on Delivery
ORD003999,2033-12-12,Electronics,Saree,19137.72,7,133964.04,Chennai,3.3,Wallet
ORD004000,2033-12-13,Fashion,Jeans,45225.19,2,90450.38,Delhi,4.8,UPI
ORD004001,2033-12-14,Home & Kitchen,Face Cream,14525.19,5,72625.95,Delhi,3.1,Credit Card
ORD004002,2033-12-15,Sports,Smartphone,48365.94,2,96731.88,Indore,4.3,Wallet
ORD004003,2033-12-16,Fashion,Laptop,38476.57,7,269335.99,Pune,4.2,UPI
ORD004004,2033-12-17,Sports,Smartphone,49538.41,6,297230.46,Mumbai,3.4,Credit Card
ORD004005,2033-12-18,Fashion,Headphones,3168.28,7,22177.96,Chennai,3.1,UPI
ORD004006,2033-12-19,Home & Kitchen,Saree,14064.78,9,126583.02,Hyderabad,3.3,UPI
ORD004007,2033-12-20,Home & Kitchen,Pressure Cooker,37192.58,2,74385.16,Hyderabad,3.5,Cash on Delivery
ORD004008,2033-12-21,Beauty,Football,46151.36,9,415362.24,Chennai,4.8,Cash on Delivery
ORD004009,2033-12-22,Fashion,Lipstick,1924.16,7,13469.12,Chennai,4.7,Wallet
ORD004010,2033-12-23,Beauty,Laptop,500.46,2,1000.92,Pune,3.1,UPI
ORD004011,2033-12-24,Fashion,Lipstick,13184.01,2,26368.02,Hyderabad,3.6,Wallet
ORD004012,2033-12-25,Beauty,Saree,42712.54,4,170850.16,Delhi,4.8,Credit Card
ORD004013,2033-12-26,Home & Kitchen,Football,38474.08,2,76948.16,Pune,3.5,Cash on Delivery
ORD004014,2033-12-27,Sports,T-shirt,17343.73,1,17343.73,Ahmedabad,5.0,Cash on Delivery
ORD004015,2033-12-28,Beauty,Saree,599.56,6,3597.36,Delhi,3.5,Wallet
ORD004016,2033-12-29,Fashion,Laptop,27957.93,5,139789.65,Indore,4.5,Wallet
ORD004017,2033-12-30,Fashion,Face Cream,12278.8,3,36836.4,Mumbai,3.8,Cash on Delivery
ORD004018,2033-12-31,Home & Kitchen,Mixer,37407.64,1,37407.64,Chennai,3.3,Wallet
ORD004019,2034-01-01,Fashion,Face Cream,22594.31,9,203348.79,Delhi,3.5,UPI
ORD004020,2034-01-02,Electronics,Laptop,34090.8,8,272726.4,Delhi,4.4,Credit Card
ORD004021,2034-01-03,Sports,Cricket Bat,42689.29,6,256135.74,Mumbai,3.7,Wallet
ORD004022,2034-01-04,Beauty,Face Cream,27020.11,6,162120.66,Chennai,4.2,Credit Card
ORD004023,2034-01-05,Sports,Pressure Cooker,17129.8,4,68519.2,Mumbai,3.4,UPI
ORD004024,2034-01-06,Home & Kitchen,Saree,38592.41,2,77184.82,Mumbai,3.9,Credit Card
ORD004025,2034-01-07,Beauty,Cricket Bat,13626.77,4,54507.08,Hyderabad,4.0,Cash on Delivery
ORD004026,2034-01-08,Beauty,Football,44630.18,2,89260.36,Mumbai,3.8,Credit Card
ORD004027,2034-01-09,Electronics,Mixer,4035.67,7,28249.69,Pune,3.4,Wallet
ORD004028,2034-01-10,Home & Kitchen,Jeans,41855.7,9,376701.3,Pune,3.9,Wallet
ORD004029,2034-01-11,Fashion,Football,5032.01,2,10064.02,Pune,4.4,Cash on Delivery
ORD004030,2034-01-12,Electronics,Jeans,3278.78,9,29509.02,Chennai,4.9,Cash on Delivery
ORD004031,2034-01-13,Electronics,Pressure Cooker,18481.22,9,166330.98,Delhi,4.6,UPI
ORD004032,2034-01-14,Sports,Headphones,47849.19,8,382793.52,Delhi,3.3,Cash on Delivery
ORD004033,2034-01-15,Sports,Pressure Cooker,49182.56,1,49182.56,Hyderabad,3.5,Credit Card
ORD004034,2034-01-16,Sports,Pressure Cooker,10502.49,5,52512.45,Chennai,3.2,Credit Card
ORD004035,2034-01-17,Electronics,Pressure Cooker,7857.56,4,31430.24,Pune,3.3,Credit Card
ORD004036,2034-01-18,Fashion,Pressure Cooker,17971.19,7,125798.33,Delhi,3.5,Credit Card
ORD004037,2034-01-19,Beauty,Pressure Cooker,17185.8,8,137486.4,Mumbai,3.4,Credit Card
ORD004038,2034-01-20,Sports,Smartphone,38099.85,8,304798.8,Pune,3.4,Cash on Delivery
ORD004039,2034-01-21,Fashion,Mixer,22477.95,2,44955.9,Pune,3.5,UPI
ORD004040,2034-01-22,Home & Kitchen,Laptop,39104.24,3,117312.72,Bangalore,3.6,UPI
ORD004041,2034-01-23,Sports,Face Cream,37561.3,7,262929.1,Pune,3.3,Wallet
ORD004042,2034-01-24,Beauty,Saree,29126.37,4,116505.48,Bangalore,3.6,Credit Card
ORD004043,2034-01-25,Home & Kitchen,Cricket Bat,41758.85,6,250553.1,Ahmedabad,4.4,Cash on Delivery
ORD004044,2034-01-26,Home & Kitchen,Pressure Cooker,10184.56,8,81476.48,Pune,3.5,Wallet
ORD004045,2034-01-27,Beauty,Headphones,8509.62,8,68076.96,Ahmedabad,3.3,UPI
ORD004046,2034-01-28,Sports,Lipstick,37657.19,7,263600.33,Pune,3.1,Credit Card
ORD004047,2034-01-29,Electronics,Saree,12617.45,2,25234.9,Pune,4.0,Cash on Delivery
ORD004048,2034-01-30,Beauty,Lipstick,638.32,2,1276.64,Bangalore,4.7,UPI
ORD004049,2034-01-31,Beauty,Cricket Bat,45642.03,3,136926.09,Bangalore,3.1,Cash on Delivery
ORD004050,2034-02-01,Beauty,Cricket Bat,31335.38,4,125341.52,Ahmedabad,4.1,Credit Card
ORD004051,2034-02-02,Home & Kitchen,Saree,22524.42,1,22524.42,Mumbai,4.3,Cash on Delivery
ORD004052,2034-02-03,Fashion,Face Cream,36423.96,5,182119.8,Delhi,4.2,UPI
ORD004053,2034-02-04,Electronics,Headphones,16999.92,7,118999.44,Ahmedabad,4.8,UPI
ORD004054,2034-02-05,Sports,Smartphone,47706.47,5,238532.35,Hyderabad,4.7,Wallet
ORD004055,2034-02-06,Sports,Jeans,3896.7,7,27276.9,Ahmedabad,3.1,Cash on Delivery
ORD004056,2034-02-07,Fashion,Cricket Bat,32226.94,5,161134.7,Mumbai,3.7,Wallet
ORD004057,2034-02-08,Beauty,Face Cream,38975.83,8,311806.64,Delhi,4.3,UPI
ORD004058,2034-02-09,Electronics,Headphones,23721.73,7,166052.11,Chennai,4.9,Wallet
ORD004059,2034-02-10,Sports,Cricket Bat,37870.93,1,37870.93,Delhi,4.6,Wallet
ORD004060,2034-02-11,Sports,Football,46382.06,1,46382.06,Delhi,3.4,Cash on Delivery
ORD004061,2034-02-12,Beauty,T-shirt,37327.7,5,186638.5,Delhi,3.6,Cash on Delivery
ORD004062,2034-02-13,Fashion,Jeans,15813.66,2,31627.32,Mumbai,4.5,Wallet
ORD004063,2034-02-14,Electronics,Football,28311.4,9,254802.6,Delhi,3.9,Credit Card
ORD004064,2034-02-15,Fashion,Cricket Bat,45624.37,2,91248.74,Pune,4.1,Credit Card
ORD004065,2034-02-16,Fashion,Headphones,22730.34,9,204573.06,Ahmedabad,4.2,Cash on Delivery
ORD004066,2034-02-17,Electronics,Cricket Bat,34244.08,2,68488.16,Delhi,3.2,UPI
ORD004067,2034-02-18,Electronics,Lipstick,23542.98,4,94171.92,Ahmedabad,4.7,Credit Card
ORD004068,2034-02-19,Sports,Saree,6506.54,3,19519.62,Chennai,4.7,UPI
ORD004069,2034-02-20,Sports,Saree,3400.58,6,20403.48,Chennai,3.9,Cash on Delivery
ORD004070,2034-02-21,Electronics,Face Cream,47637.56,4,190550.24,Bangalore,4.3,UPI
ORD004071,2034-02-22,Home & Kitchen,Cricket Bat,30820.82,9,277387.38,Indore,4.3,Wallet
ORD004072,2034-02-23,Sports,Headphones,5638.84,9,50749.56,Ahmedabad,3.4,UPI
ORD004073,2034-02-24,Home & Kitchen,Lipstick,42943.21,9,386488.89,Ahmedabad,3.2,Cash on Delivery
ORD004074,2034-02-25,Electronics,Smartphone,26373.31,3,79119.93,Ahmedabad,3.0,Credit Card
ORD004075,2034-02-26,Sports,Smartphone,38710.64,3,116131.92,Mumbai,4.8,Wallet
ORD004076,2034-02-27,Fashion,Lipstick,6774.43,4,27097.72,Delhi,3.7,Credit Card
ORD004077,2034-02-28,Electronics,Laptop,45392.07,9,408528.63,Bangalore,3.2,UPI
ORD004078,2034-03-01,Beauty,Headphones,29731.5,6,178389.0,Bangalore,3.9,Cash on Delivery
ORD004079,2034-03-02,Home & Kitchen,Smartphone,37043.9,9,333395.1,Mumbai,3.2,Cash on Delivery
ORD004080,2034-03-03,Electronics,Laptop,2053.29,8,16426.32,Indore,3.2,Credit Card
ORD004081,2034-03-04,Electronics,Headphones,16107.59,7,112753.13,Bangalore,4.0,Wallet
ORD004082,2034-03-05,Sports,Football,13738.55,5,68692.75,Bangalore,4.0,Cash on Delivery
ORD004083,2034-03-06,Sports,Lipstick,47504.95,9,427544.55,Mumbai,4.2,Cash on Delivery
ORD004084,2034-03-07,Sports,Football,9674.26,4,38697.04,Hyderabad,4.3,UPI
ORD004085,2034-03-08,Beauty,Pressure Cooker,35499.06,4,141996.24,Bangalore,4.3,Wallet
ORD004086,2034-03-09,Sports,Laptop,2616.3,8,20930.4,Chennai,3.9,Wallet
ORD004087,2034-03-10,Electronics,Laptop,10285.36,4,41141.44,Pune,4.3,UPI
ORD004088,2034-03-11,Sports,Face Cream,17260.57,7,120823.99,Bangalore,3.6,Credit Card
ORD004089,2034-03-12,Fashion,Cricket Bat,39828.04,4,159312.16,Mumbai,3.9,Credit Card
ORD004090,2034-03-13,Sports,Mixer,39603.84,1,39603.84,Mumbai,3.8,UPI
ORD004091,2034-03-14,Beauty,Mixer,47653.79,9,428884.11,Indore,3.7,Cash on Delivery
ORD004092,2034-03-15,Fashion,Headphones,45879.99,4,183519.96,Pune,3.5,Cash on Delivery
ORD004093,2034-03-16,Electronics,Football,4534.97,3,13604.91,Hyderabad,3.2,UPI
ORD004094,2034-03-17,Electronics,Football,41578.45,3,124735.35,Hyderabad,4.0,UPI
ORD004095,2034-03-18,Home & Kitchen,Cricket Bat,22833.09,9,205497.81,Indore,4.1,UPI
ORD004096,2034-03-19,Fashion,Football,43361.36,8,346890.88,Indore,3.7,UPI
ORD004097,2034-03-20,Home & Kitchen,Saree,4919.67,7,34437.69,Chennai,5.0,Cash on Delivery
ORD004098,2034-03-21,Fashion,Jeans,41227.07,7,288589.49,Ahmedabad,4.1,Wallet
ORD004099,2034-03-22,Fashion,Pressure Cooker,8402.3,4,33609.2,Pune,4.8,Cash on Delivery
ORD004100,2034-03-23,Beauty,Jeans,17025.16,3,51075.48,Chennai,4.1,Credit Card
ORD004101,2034-03-24,Home & Kitchen,Laptop,1928.0,4,7712.0,Bangalore,3.4,UPI
ORD004102,2034-03-25,Beauty,T-shirt,6624.54,6,39747.24,Hyderabad,4.9,Credit Card
ORD004103,2034-03-26,Fashion,Smartphone,22563.43,4,90253.72,Chennai,4.8,Cash on Delivery
ORD004104,2034-03-27,Electronics,Smartphone,41007.75,4,164031.0,Bangalore,3.9,Credit Card
ORD004105,2034-03-28,Fashion,Cricket Bat,38796.65,2,77593.3,Delhi,3.5,Cash on Delivery
ORD004106,2034-03-29,Beauty,Mixer,12147.24,7,85030.68,Bangalore,3.4,Cash on Delivery
ORD004107,2034-03-30,Home & Kitchen,T-shirt,8008.68,6,48052.08,Pune,4.6,Credit Card
ORD004108,2034-03-31,Home & Kitchen,Cricket Bat,19768.54,2,39537.08,Chennai,3.1,Credit Card
ORD004109,2034-04-01,Beauty,Laptop,44221.78,5,221108.9,Ahmedabad,4.3,Wallet
ORD004110,2034-04-02,Home & Kitchen,T-shirt,5025.54,6,30153.24,Pune,4.3,UPI
ORD004111,2034-04-03,Sports,Smartphone,27374.24,5,136871.2,Bangalore,3.4,Wallet
ORD004112,2034-04-04,Electronics,Headphones,4895.97,4,19583.88,Pune,4.4,Wallet
ORD004113,2034-04-05,Electronics,Laptop,23775.5,9,213979.5,Pune,4.4,Cash on Delivery
ORD004114,2034-04-06,Electronics,Cricket Bat,6776.18,3,20328.54,Delhi,3.7,UPI
ORD004115,2034-04-07,Home & Kitchen,Face Cream,4476.68,2,8953.36,Ahmedabad,4.0,UPI
ORD004116,2034-04-08,Home & Kitchen,Saree,9947.04,9,89523.36,Ahmedabad,4.7,Cash on Delivery
ORD004117,2034-04-09,Fashion,Lipstick,13135.17,8,105081.36,Chennai,4.0,Credit Card
ORD004118,2034-04-10,Fashion,Laptop,14175.14,9,127576.26,Bangalore,4.2,UPI
ORD004119,2034-04-11,Electronics,Laptop,32440.76,3,97322.28,Chennai,3.8,UPI
ORD004120,2034-04-12,Sports,Saree,3221.6,1,3221.6,Indore,3.3,Wallet
ORD004121,2034-04-13,Fashion,Pressure Cooker,4500.05,1,4500.05,Indore,5.0,Cash on Delivery
ORD004122,2034-04-14,Fashion,Headphones,9840.95,3,29522.85,Bangalore,4.1,Wallet
ORD004123,2034-04-15,Home & Kitchen,Saree,43667.12,4,174668.48,Mumbai,3.7,Credit Card
ORD004124,2034-04-16,Sports,Jeans,31615.94,2,63231.88,Chennai,4.4,Wallet
ORD004125,2034-04-17,Electronics,Jeans,36653.3,8,293226.4,Ahmedabad,4.2,Credit Card
ORD004126,2034-04-18,Fashion,Laptop,18832.93,3,56498.79,Chennai,3.5,UPI
ORD004127,2034-04-19,Sports,Pressure Cooker,11054.41,4,44217.64,Indore,4.8,Cash on Delivery
ORD004128,2034-04-20,Sports,Smartphone,2379.09,6,14274.54,Indore,3.1,Wallet
ORD004129,2034-04-21,Electronics,Pressure Cooker,24682.51,6,148095.06,Pune,4.2,Wallet
ORD004130,2034-04-22,Sports,Jeans,28926.91,2,57853.82,Chennai,4.0,UPI
ORD004131,2034-04-23,Sports,Pressure Cooker,44901.64,6,269409.84,Chennai,3.6,Credit Card
ORD004132,2034-04-24,Sports,Pressure Cooker,44163.6,4,176654.4,Indore,4.7,UPI
ORD004133,2034-04-25,Fashion,Face Cream,21521.92,5,107609.6,Bangalore,4.3,Cash on Delivery
ORD004134,2034-04-26,Electronics,Headphones,21467.11,7,150269.77,Ahmedabad,4.5,Wallet
ORD004135,2034-04-27,Sports,Laptop,8475.58,7,59329.06,Hyderabad,3.8,UPI
ORD004136,2034-04-28,Sports,Football,13243.72,6,79462.32,Pune,4.9,Credit Card
ORD004137,2034-04-29,Fashion,Face Cream,46320.35,6,277922.1,Bangalore,3.7,Wallet
ORD004138,2034-04-30,Electronics,Headphones,7481.28,6,44887.68,Ahmedabad,4.1,Cash on Delivery
ORD004139,2034-05-01,Home & Kitchen,Smartphone,48450.63,4,193802.52,Delhi,4.9,Wallet
ORD004140,2034-05-02,Fashion,Smartphone,25484.56,3,76453.68,Mumbai,3.2,Cash on Delivery
ORD004141,2034-05-03,Electronics,Jeans,23102.04,1,23102.04,Ahmedabad,3.2,Cash on Delivery
ORD004142,2034-05-04,Sports,Cricket Bat,9144.6,3,27433.8,Bangalore,5.0,Cash on Delivery
ORD004143,2034-05-05,Electronics,Saree,33246.29,3,99738.87,Bangalore,4.9,Wallet
ORD004144,2034-05-06,Electronics,Mixer,23262.35,9,209361.15,Chennai,4.5,Cash on Delivery
ORD004145,2034-05-07,Electronics,Laptop,18847.82,3,56543.46,Pune,4.0,Wallet
ORD004146,2034-05-08,Home & Kitchen,Football,13593.55,8,108748.4,Delhi,4.0,UPI
ORD004147,2034-05-09,Electronics,Cricket Bat,3791.1,8,30328.8,Pune,3.5,Cash on Delivery
ORD004148,2034-05-10,Home & Kitchen,Face Cream,26206.74,3,78620.22,Chennai,3.9,Credit Card
ORD004149,2034-05-11,Sports,Laptop,15988.96,6,95933.76,Ahmedabad,3.9,Wallet
ORD004150,2034-05-12,Home & Kitchen,Saree,35539.33,8,284314.64,Indore,3.1,Cash on Delivery
ORD004151,2034-05-13,Sports,Saree,36314.36,8,290514.88,Pune,3.9,Credit Card
ORD004152,2034-05-14,Sports,T-shirt,16939.3,9,152453.7,Chennai,4.0,Wallet
ORD004153,2034-05-15,Home & Kitchen,Headphones,33621.47,9,302593.23,Ahmedabad,4.3,Credit Card
ORD004154,2034-05-16,Fashion,Face Cream,13304.42,8,106435.36,Hyderabad,4.0,Credit Card
ORD004155,2034-05-17,Beauty,Jeans,36495.1,7,255465.7,Mumbai,4.7,Credit Card
ORD004156,2034-05-18,Electronics,T-shirt,1295.82,3,3887.46,Ahmedabad,3.7,Credit Card
ORD004157,2034-05-19,Beauty,Smartphone,8004.63,7,56032.41,Ahmedabad,3.8,UPI
ORD004158,2034-05-20,Electronics,Mixer,12627.93,4,50511.72,Hyderabad,4.1,Credit Card
ORD004159,2034-05-21,Electronics,Face Cream,38760.31,2,77520.62,Ahmedabad,3.4,Credit Card
ORD004160,2034-05-22,Sports,Jeans,3785.62,8,30284.96,Chennai,3.8,Credit Card
ORD004161,2034-05-23,Electronics,Smartphone,9808.83,2,19617.66,Mumbai,4.4,UPI
ORD004162,2034-05-24,Electronics,Pressure Cooker,18251.89,1,18251.89,Bangalore,3.8,Wallet
ORD004163,2034-05-25,Home & Kitchen,Headphones,954.16,5,4770.8,Pune,4.8,Cash on Delivery
ORD004164,2034-05-26,Beauty,Headphones,38224.99,9,344024.91,Delhi,4.2,Credit Card
ORD004165,2034-05-27,Home & Kitchen,Headphones,28225.2,5,141126.0,Ahmedabad,3.3,UPI
ORD004166,2034-05-28,Electronics,T-shirt,45083.63,2,90167.26,Hyderabad,4.0,UPI
ORD004167,2034-05-29,Sports,Lipstick,2036.04,4,8144.16,Delhi,4.5,UPI
ORD004168,2034-05-30,Home & Kitchen,Football,13933.84,8,111470.72,Chennai,4.3,Cash on Delivery
ORD004169,2034-05-31,Home & Kitchen,Football,36696.96,7,256878.72,Mumbai,4.8,UPI
ORD004170,2034-06-01,Fashion,Cricket Bat,33919.9,5,169599.5,Indore,4.5,Credit Card
ORD004171,2034-06-02,Electronics,Saree,12531.34,4,50125.36,Pune,3.1,Credit Card
ORD004172,2034-06-03,Sports,Mixer,29986.54,5,149932.7,Pune,3.2,Credit Card
ORD004173,2034-06-04,Home & Kitchen,Saree,39791.0,7,278537.0,Ahmedabad,4.3,Cash on Delivery
ORD004174,2034-06-05,Home & Kitchen,Lipstick,2152.34,5,10761.7,Bangalore,3.5,UPI
ORD004175,2034-06-06,Sports,Pressure Cooker,36022.61,8,288180.88,Mumbai,4.2,Credit Card
ORD004176,2034-06-07,Electronics,Pressure Cooker,12978.8,7,90851.6,Indore,4.6,Credit Card
ORD004177,2034-06-08,Fashion,Pressure Cooker,47418.64,7,331930.48,Delhi,4.2,Wallet
ORD004178,2034-06-09,Home & Kitchen,Jeans,27141.9,9,244277.1,Delhi,3.8,Wallet
ORD004179,2034-06-10,Fashion,Smartphone,2152.62,8,17220.96,Bangalore,4.3,Wallet
ORD004180,2034-06-11,Beauty,Smartphone,20469.82,8,163758.56,Indore,3.3,Credit Card
ORD004181,2034-06-12,Electronics,Pressure Cooker,48332.44,6,289994.64,Indore,4.4,Cash on Delivery
ORD004182,2034-06-13,Beauty,Mixer,36653.46,7,256574.22,Bangalore,4.4,Credit Card
ORD004183,2034-06-14,Beauty,T-shirt,15373.71,8,122989.68,Mumbai,4.0,UPI
ORD004184,2034-06-15,Beauty,Mixer,28975.73,5,144878.65,Hyderabad,3.6,Wallet
ORD004185,2034-06-16,Electronics,Mixer,30155.52,2,60311.04,Mumbai,4.6,UPI
ORD004186,2034-06-17,Electronics,Smartphone,1655.73,7,11590.11,Pune,4.0,Wallet
ORD004187,2034-06-18,Sports,Headphones,9352.25,3,28056.75,Delhi,3.1,Cash on Delivery
ORD004188,2034-06-19,Fashion,Mixer,27812.96,8,222503.68,Ahmedabad,4.8,Cash on Delivery
ORD004189,2034-06-20,Fashion,Mixer,20436.25,6,122617.5,Mumbai,4.5,Cash on Delivery
ORD004190,2034-06-21,Sports,Saree,9906.87,4,39627.48,Ahmedabad,4.2,UPI
ORD004191,2034-06-22,Sports,Headphones,38747.1,2,77494.2,Chennai,3.9,Cash on Delivery
ORD004192,2034-06-23,Beauty,Smartphone,24705.25,7,172936.75,Mumbai,4.9,Cash on Delivery
ORD004193,2034-06-24,Sports,T-shirt,15843.67,1,15843.67,Pune,4.6,Wallet
ORD004194,2034-06-25,Home & Kitchen,Football,8503.03,7,59521.21,Mumbai,4.1,UPI
ORD004195,2034-06-26,Fashion,Cricket Bat,30752.59,7,215268.13,Indore,4.3,Credit Card
ORD004196,2034-06-27,Sports,Smartphone,33479.93,3,100439.79,Pune,3.6,Cash on Delivery
ORD004197,2034-06-28,Home & Kitchen,Smartphone,33645.06,4,134580.24,Ahmedabad,3.4,Credit Card
ORD004198,2034-06-29,Home & Kitchen,Mixer,11404.22,4,45616.88,Pune,3.5,Credit Card
ORD004199,2034-06-30,Home & Kitchen,Saree,29969.25,4,119877.0,Chennai,3.6,Credit Card
ORD004200,2034-07-01,Home & Kitchen,Lipstick,45317.62,9,407858.58,Ahmedabad,4.5,Credit Card
ORD004201,2034-07-02,Beauty,Pressure Cooker,17982.79,6,107896.74,Delhi,3.3,Cash on Delivery
ORD004202,2034-07-03,Home & Kitchen,Laptop,10932.96,9,98396.64,Bangalore,4.6,Cash on Delivery
ORD004203,2034-07-04,Beauty,Face Cream,38721.4,4,154885.6,Mumbai,4.0,Cash on Delivery
ORD004204,2034-07-05,Beauty,Saree,9255.71,7,64789.97,Hyderabad,3.8,UPI
ORD004205,2034-07-06,Home & Kitchen,Lipstick,13060.56,9,117545.04,Indore,3.6,UPI
ORD004206,2034-07-07,Fashion,Mixer,5481.9,3,16445.7,Indore,4.0,Credit Card
ORD004207,2034-07-08,Home & Kitchen,Mixer,13759.78,3,41279.34,Bangalore,3.6,Wallet
ORD004208,2034-07-09,Home & Kitchen,Football,20811.59,6,124869.54,Hyderabad,3.9,UPI
ORD004209,2034-07-10,Home & Kitchen,T-shirt,3675.81,8,29406.48,Mumbai,4.5,Credit Card
ORD004210,2034-07-11,Fashion,Lipstick,43649.59,1,43649.59,Hyderabad,4.3,Credit Card
ORD004211,2034-07-12,Electronics,Jeans,25926.9,4,103707.6,Indore,4.5,Cash on Delivery
ORD004212,2034-07-13,Electronics,Football,29611.13,8,236889.04,Ahmedabad,4.4,Cash on Delivery
ORD004213,2034-07-14,Beauty,Pressure Cooker,18878.64,6,113271.84,Bangalore,4.6,UPI
ORD004214,2034-07-15,Beauty,Laptop,33656.84,2,67313.68,Hyderabad,3.4,Cash on Delivery
ORD004215,2034-07-16,Fashion,T-shirt,21873.2,8,174985.6,Hyderabad,5.0,UPI
ORD004216,2034-07-17,Sports,Saree,38185.03,1,38185.03,Bangalore,4.0,Cash on Delivery
ORD004217,2034-07-18,Electronics,Face Cream,41159.41,1,41159.41,Ahmedabad,4.4,Wallet
ORD004218,2034-07-19,Beauty,Face Cream,33756.53,7,236295.71,Pune,4.4,Cash on Delivery
ORD004219,2034-07-20,Electronics,Saree,24821.11,3,74463.33,Bangalore,4.1,UPI
ORD004220,2034-07-21,Fashion,Lipstick,39222.33,8,313778.64,Bangalore,5.0,Credit Card
ORD004221,2034-07-22,Fashion,Pressure Cooker,24967.12,9,224704.08,Indore,3.4,UPI
ORD004222,2034-07-23,Sports,Pressure Cooker,6019.74,8,48157.92,Ahmedabad,3.8,Cash on Delivery
ORD004223,2034-07-24,Sports,Saree,6258.84,1,6258.84,Bangalore,3.3,Credit Card
ORD004224,2034-07-25,Fashion,Jeans,47454.87,1,47454.87,Chennai,3.4,Cash on Delivery
ORD004225,2034-07-26,Beauty,Face Cream,11071.37,6,66428.22,Mumbai,4.4,Cash on Delivery
ORD004226,2034-07-27,Electronics,Mixer,40888.29,1,40888.29,Indore,3.0,Cash on Delivery
ORD004227,2034-07-28,Home & Kitchen,Pressure Cooker,12711.92,8,101695.36,Pune,4.8,Credit Card
ORD004228,2034-07-29,Sports,Lipstick,21823.61,6,130941.66,Bangalore,4.3,Cash on Delivery
ORD004229,2034-07-30,Home & Kitchen,Saree,32919.93,5,164599.65,Delhi,3.9,Wallet
ORD004230,2034-07-31,Beauty,Mixer,8363.93,6,50183.58,Hyderabad,3.7,UPI
ORD004231,2034-08-01,Sports,Headphones,36993.7,4,147974.8,Bangalore,3.3,Wallet
ORD004232,2034-08-02,Home & Kitchen,Face Cream,34650.69,1,34650.69,Bangalore,4.8,Wallet
ORD004233,2034-08-03,Beauty,Smartphone,27382.6,7,191678.2,Mumbai,4.4,UPI
ORD004234,2034-08-04,Electronics,Mixer,28511.54,9,256603.86,Bangalore,3.7,UPI
ORD004235,2034-08-05,Beauty,Pressure Cooker,5735.7,4,22942.8,Indore,3.1,Credit Card
ORD004236,2034-08-06,Sports,Smartphone,22079.48,4,88317.92,Chennai,3.7,Wallet
ORD004237,2034-08-07,Fashion,Pressure Cooker,4785.28,9,43067.52,Delhi,3.4,Wallet
ORD004238,2034-08-08,Electronics,Lipstick,15739.23,4,62956.92,Delhi,4.6,UPI
ORD004239,2034-08-09,Home & Kitchen,Cricket Bat,45065.45,4,180261.8,Pune,4.4,Cash on Delivery
ORD004240,2034-08-10,Sports,Football,28939.4,8,231515.2,Ahmedabad,4.0,Wallet
ORD004241,2034-08-11,Fashion,Mixer,37263.82,4,149055.28,Bangalore,4.8,Credit Card
ORD004242,2034-08-12,Beauty,Smartphone,28907.35,9,260166.15,Ahmedabad,3.4,Cash on Delivery
ORD004243,2034-08-13,Fashion,Lipstick,10114.72,8,80917.76,Mumbai,3.9,Wallet
ORD004244,2034-08-14,Sports,Pressure Cooker,29943.01,5,149715.05,Indore,4.4,Cash on Delivery
ORD004245,2034-08-15,Sports,Mixer,37891.71,9,341025.39,Indore,3.1,Wallet
ORD004246,2034-08-16,Fashion,Lipstick,7351.05,8,58808.4,Bangalore,3.7,Cash on Delivery
ORD004247,2034-08-17,Beauty,Face Cream,40936.88,4,163747.52,Hyderabad,4.1,Wallet
ORD004248,2034-08-18,Fashion,Pressure Cooker,27991.91,4,111967.64,Indore,3.7,UPI
ORD004249,2034-08-19,Sports,Cricket Bat,711.62,1,711.62,Indore,4.0,UPI
ORD004250,2034-08-20,Sports,Cricket Bat,26229.04,4,104916.16,Ahmedabad,4.2,Credit Card
ORD004251,2034-08-21,Home & Kitchen,Laptop,20085.74,8,160685.92,Indore,3.7,Wallet
ORD004252,2034-08-22,Home & Kitchen,Football,15174.1,5,75870.5,Delhi,3.2,Credit Card
ORD004253,2034-08-23,Electronics,T-shirt,38677.23,6,232063.38,Indore,3.3,UPI
ORD004254,2034-08-24,Sports,Football,45025.24,4,180100.96,Ahmedabad,4.1,Wallet
ORD004255,2034-08-25,Home & Kitchen,Lipstick,38251.33,5,191256.65,Hyderabad,3.3,UPI
ORD004256,2034-08-26,Fashion,T-shirt,42415.24,8,339321.92,Chennai,4.8,Cash on Delivery
ORD004257,2034-08-27,Beauty,Laptop,45484.66,9,409361.94,Delhi,4.7,UPI
ORD004258,2034-08-28,Fashion,Jeans,45675.15,3,137025.45,Delhi,3.7,Cash on Delivery
ORD004259,2034-08-29,Beauty,Mixer,6174.59,4,24698.36,Chennai,4.7,UPI
ORD004260,2034-08-30,Home & Kitchen,Face Cream,23091.08,1,23091.08,Ahmedabad,4.1,Cash on Delivery
ORD004261,2034-08-31,Electronics,Pressure Cooker,514.18,5,2570.9,Hyderabad,3.3,UPI
ORD004262,2034-09-01,Fashion,Saree,25569.9,4,102279.6,Bangalore,4.2,UPI
ORD004263,2034-09-02,Fashion,T-shirt,46250.07,6,277500.42,Ahmedabad,4.4,Wallet
ORD004264,2034-09-03,Fashion,T-shirt,10355.56,6,62133.36,Pune,3.2,Wallet
ORD004265,2034-09-04,Beauty,Lipstick,32169.44,6,193016.64,Mumbai,3.6,Wallet
ORD004266,2034-09-05,Home & Kitchen,Mixer,32396.76,3,97190.28,Hyderabad,3.0,Credit Card
ORD004267,2034-09-06,Fashion,Lipstick,8437.52,7,59062.64,Chennai,3.6,Credit Card
ORD004268,2034-09-07,Fashion,Cricket Bat,12307.11,3,36921.33,Pune,3.7,Cash on Delivery
ORD004269,2034-09-08,Electronics,Face Cream,23370.08,6,140220.48,Indore,4.3,Credit Card
ORD004270,2034-09-09,Electronics,T-shirt,9816.36,1,9816.36,Indore,3.4,Credit Card
ORD004271,2034-09-10,Home & Kitchen,Mixer,29457.2,8,235657.6,Chennai,3.1,UPI
ORD004272,2034-09-11,Home & Kitchen,Headphones,24484.82,7,171393.74,Indore,3.6,Cash on Delivery
ORD004273,2034-09-12,Sports,Jeans,26200.31,9,235802.79,Chennai,4.7,Credit Card
ORD004274,2034-09-13,Electronics,Pressure Cooker,7156.14,3,21468.42,Pune,3.8,Wallet
ORD004275,2034-09-14,Sports,Laptop,26103.97,8,208831.76,Delhi,3.8,Wallet
ORD004276,2034-09-15,Beauty,Jeans,2949.17,2,5898.34,Bangalore,3.9,Credit Card
ORD004277,2034-09-16,Sports,Laptop,44136.0,9,397224.0,Ahmedabad,4.5,UPI
ORD004278,2034-09-17,Fashion,T-shirt,17490.86,1,17490.86,Delhi,4.0,Wallet
ORD004279,2034-09-18,Sports,Jeans,42888.7,7,300220.9,Delhi,3.2,Wallet
ORD004280,2034-09-19,Home & Kitchen,Jeans,35231.99,1,35231.99,Delhi,3.4,UPI
ORD004281,2034-09-20,Beauty,Pressure Cooker,38425.54,6,230553.24,Chennai,3.4,Wallet
ORD004282,2034-09-21,Fashion,Saree,16069.95,1,16069.95,Ahmedabad,4.0,UPI
ORD004283,2034-09-22,Sports,Pressure Cooker,11773.33,4,47093.32,Hyderabad,3.1,Cash on Delivery
ORD004284,2034-09-23,Beauty,Lipstick,20633.66,7,144435.62,Ahmedabad,3.6,UPI
ORD004285,2034-09-24,Beauty,Saree,1699.18,2,3398.36,Pune,4.2,Cash on Delivery
ORD004286,2034-09-25,Fashion,Jeans,45978.41,3,137935.23,Ahmedabad,3.7,UPI
ORD004287,2034-09-26,Sports,Saree,19657.21,4,78628.84,Mumbai,4.4,Credit Card
ORD004288,2034-09-27,Beauty,Face Cream,49433.55,6,296601.3,Mumbai,3.8,Wallet
ORD004289,2034-09-28,Beauty,Saree,38191.75,9,343725.75,Bangalore,5.0,Cash on Delivery
ORD004290,2034-09-29,Electronics,Lipstick,4485.49,4,17941.96,Bangalore,4.9,Wallet
ORD004291,2034-09-30,Beauty,Mixer,33179.32,6,199075.92,Ahmedabad,4.6,UPI
ORD004292,2034-10-01,Electronics,T-shirt,13906.54,7,97345.78,Ahmedabad,4.9,UPI
ORD004293,2034-10-02,Sports,Mixer,12564.07,4,50256.28,Chennai,3.4,Wallet
ORD004294,2034-10-03,Sports,T-shirt,13199.85,6,79199.1,Mumbai,4.5,Credit Card
ORD004295,2034-10-04,Sports,Mixer,45845.71,3,137537.13,Hyderabad,3.6,Credit Card
ORD004296,2034-10-05,Home & Kitchen,Mixer,25249.02,5,126245.1,Chennai,4.5,Wallet
ORD004297,2034-10-06,Sports,Laptop,33638.81,4,134555.24,Bangalore,3.7,Credit Card
ORD004298,2034-10-07,Beauty,Saree,14406.92,7,100848.44,Chennai,3.6,UPI
ORD004299,2034-10-08,Fashion,Cricket Bat,26386.25,6,158317.5,Ahmedabad,4.9,Wallet
ORD004300,2034-10-09,Electronics,Lipstick,17829.96,7,124809.72,Bangalore,3.4,Wallet
ORD004301,2034-10-10,Home & Kitchen,Mixer,16396.38,6,98378.28,Mumbai,4.5,Wallet
ORD004302,2034-10-11,Sports,Jeans,12724.96,2,25449.92,Pune,4.3,Wallet
ORD004303,2034-10-12,Sports,Headphones,20745.84,7,145220.88,Ahmedabad,3.6,Credit Card
ORD004304,2034-10-13,Fashion,Laptop,33171.49,8,265371.92,Chennai,3.9,Credit Card
ORD004305,2034-10-14,Fashion,Headphones,11491.17,7,80438.19,Ahmedabad,3.3,Cash on Delivery
ORD004306,2034-10-15,Home & Kitchen,Smartphone,48289.48,4,193157.92,Delhi,4.8,Cash on Delivery
ORD004307,2034-10-16,Electronics,Pressure Cooker,6668.28,4,26673.12,Ahmedabad,4.9,Cash on Delivery
ORD004308,2034-10-17,Sports,Smartphone,24270.26,5,121351.3,Indore,4.5,UPI
ORD004309,2034-10-18,Home & Kitchen,T-shirt,4708.9,9,42380.1,Pune,4.7,Cash on Delivery
ORD004310,2034-10-19,Beauty,Mixer,1621.93,5,8109.65,Bangalore,3.2,Wallet
ORD004311,2034-10-20,Beauty,Lipstick,46172.53,2,92345.06,Delhi,3.8,UPI
ORD004312,2034-10-21,Home & Kitchen,Jeans,40614.05,5,203070.25,Bangalore,3.7,Credit Card
ORD004313,2034-10-22,Sports,Cricket Bat,34860.69,3,104582.07,Pune,4.1,UPI
ORD004314,2034-10-23,Home & Kitchen,Cricket Bat,43326.95,8,346615.6,Ahmedabad,3.4,UPI
ORD004315,2034-10-24,Sports,Laptop,40241.0,2,80482.0,Delhi,4.1,Wallet
ORD004316,2034-10-25,Fashion,Laptop,32538.27,4,130153.08,Mumbai,4.3,Credit Card
ORD004317,2034-10-26,Home & Kitchen,Laptop,42443.45,5,212217.25,Pune,3.3,Cash on Delivery
ORD004318,2034-10-27,Sports,Laptop,19844.63,4,79378.52,Pune,3.3,Cash on Delivery
ORD004319,2034-10-28,Home & Kitchen,Saree,27861.22,5,139306.1,Mumbai,3.1,Cash on Delivery
ORD004320,2034-10-29,Home & Kitchen,Mixer,38927.38,4,155709.52,Hyderabad,4.5,Credit Card
ORD004321,2034-10-30,Sports,Face Cream,4697.5,3,14092.5,Hyderabad,3.7,UPI
ORD004322,2034-10-31,Sports,Headphones,43002.95,1,43002.95,Hyderabad,3.5,Wallet
ORD004323,2034-11-01,Electronics,Mixer,8263.11,4,33052.44,Chennai,4.6,Credit Card
ORD004324,2034-11-02,Home & Kitchen,Face Cream,43294.79,9,389653.11,Ahmedabad,3.3,Wallet
ORD004325,2034-11-03,Beauty,Mixer,15910.98,1,15910.98,Pune,3.9,Credit Card
ORD004326,2034-11-04,Home & Kitchen,Smartphone,16675.75,7,116730.25,Ahmedabad,4.5,Credit Card
ORD004327,2034-11-05,Home & Kitchen,Lipstick,4160.46,3,12481.38,Bangalore,4.1,Credit Card
ORD004328,2034-11-06,Sports,Jeans,44352.03,8,354816.24,Chennai,4.1,UPI
ORD004329,2034-11-07,Home & Kitchen,T-shirt,9138.26,6,54829.56,Hyderabad,3.3,Wallet
ORD004330,2034-11-08,Home & Kitchen,Lipstick,31687.47,1,31687.47,Ahmedabad,3.4,Cash on Delivery
ORD004331,2034-11-09,Beauty,Laptop,32376.4,5,161882.0,Bangalore,4.2,Wallet
ORD004332,2034-11-10,Sports,Headphones,14417.0,8,115336.0,Chennai,3.0,Cash on Delivery
ORD004333,2034-11-11,Home & Kitchen,Smartphone,49290.22,3,147870.66,Ahmedabad,4.7,Wallet
ORD004334,2034-11-12,Fashion,Football,3676.23,4,14704.92,Mumbai,3.7,Credit Card
ORD004335,2034-11-13,Electronics,Saree,30589.66,7,214127.62,Bangalore,3.8,UPI
ORD004336,2034-11-14,Beauty,Headphones,24237.42,6,145424.52,Pune,3.5,Credit Card
ORD004337,2034-11-15,Home & Kitchen,Smartphone,12651.46,7,88560.22,Hyderabad,4.8,UPI
ORD004338,2034-11-16,Fashion,Pressure Cooker,8595.81,9,77362.29,Mumbai,4.3,Credit Card
ORD004339,2034-11-17,Home & Kitchen,Football,36985.68,9,332871.12,Bangalore,3.9,Cash on Delivery
ORD004340,2034-11-18,Home & Kitchen,Saree,45857.59,2,91715.18,Chennai,4.2,Cash on Delivery
ORD004341,2034-11-19,Sports,Laptop,5823.54,3,17470.62,Indore,3.8,Credit Card
ORD004342,2034-11-20,Sports,T-shirt,10102.02,4,40408.08,Indore,3.9,Wallet
ORD004343,2034-11-21,Sports,Laptop,49320.35,6,295922.1,Hyderabad,3.7,Cash on Delivery
ORD004344,2034-11-22,Fashion,Headphones,1243.62,5,6218.1,Chennai,3.8,Credit Card
ORD004345,2034-11-23,Home & Kitchen,Laptop,25658.47,6,153950.82,Mumbai,3.6,UPI
ORD004346,2034-11-24,Electronics,Pressure Cooker,26047.59,8,208380.72,Pune,3.2,UPI
ORD004347,2034-11-25,Beauty,Laptop,13526.5,2,27053.0,Mumbai,3.1,UPI
ORD004348,2034-11-26,Sports,Smartphone,33319.93,6,199919.58,Mumbai,3.3,UPI
ORD004349,2034-11-27,Sports,Cricket Bat,47274.57,9,425471.13,Bangalore,3.5,Wallet
ORD004350,2034-11-28,Home & Kitchen,Football,22785.59,5,113927.95,Hyderabad,4.8,Wallet
ORD004351,2034-11-29,Home & Kitchen,Laptop,37596.27,1,37596.27,Pune,4.2,Wallet
ORD004352,2034-11-30,Fashion,Pressure Cooker,32480.48,8,259843.84,Indore,4.9,Credit Card
ORD004353,2034-12-01,Fashion,Mixer,23910.62,4,95642.48,Mumbai,3.7,Cash on Delivery
ORD004354,2034-12-02,Sports,Mixer,2965.71,8,23725.68,Chennai,3.8,UPI
ORD004355,2034-12-03,Home & Kitchen,T-shirt,37216.62,4,148866.48,Hyderabad,4.4,Cash on Delivery
ORD004356,2034-12-04,Electronics,T-shirt,18480.95,8,147847.6,Indore,4.2,Credit Card
ORD004357,2034-12-05,Beauty,Football,11612.49,9,104512.41,Chennai,4.1,Cash on Delivery
ORD004358,2034-12-06,Home & Kitchen,T-shirt,47439.3,5,237196.5,Pune,4.2,Cash on Delivery
ORD004359,2034-12-07,Home & Kitchen,Lipstick,38788.39,5,193941.95,Chennai,4.2,Cash on Delivery
ORD004360,2034-12-08,Fashion,Jeans,48132.3,2,96264.6,Ahmedabad,4.5,Wallet
ORD004361,2034-12-09,Beauty,T-shirt,13182.74,9,118644.66,Pune,4.3,Credit Card
ORD004362,2034-12-10,Sports,Laptop,41871.77,4,167487.08,Mumbai,4.9,Credit Card
ORD004363,2034-12-11,Home & Kitchen,T-shirt,30582.21,3,91746.63,Hyderabad,4.9,Credit Card
ORD004364,2034-12-12,Sports,Jeans,49084.43,2,98168.86,Delhi,3.8,Cash on Delivery
ORD004365,2034-12-13,Home & Kitchen,Lipstick,47342.69,3,142028.07,Pune,3.1,Wallet
ORD004366,2034-12-14,Sports,Jeans,48661.92,4,194647.68,Bangalore,3.0,UPI
ORD004367,2034-12-15,Beauty,Headphones,47612.5,9,428512.5,Delhi,3.2,Wallet
ORD004368,2034-12-16,Fashion,T-shirt,879.21,6,5275.26,Bangalore,3.1,UPI
ORD004369,2034-12-17,Beauty,Football,37183.73,5,185918.65,Hyderabad,3.7,Cash on Delivery
ORD004370,2034-12-18,Electronics,T-shirt,13960.76,9,125646.84,Indore,3.1,Wallet
ORD004371,2034-12-19,Fashion,T-shirt,35398.84,8,283190.72,Mumbai,4.2,Wallet
ORD004372,2034-12-20,Beauty,Headphones,49040.25,6,294241.5,Hyderabad,3.4,UPI
ORD004373,2034-12-21,Electronics,Jeans,2448.29,3,7344.87,Delhi,4.0,UPI
ORD004374,2034-12-22,Home & Kitchen,Smartphone,28565.9,7,199961.3,Chennai,3.2,Cash on Delivery
ORD004375,2034-12-23,Home & Kitchen,Laptop,36880.18,6,221281.08,Ahmedabad,4.7,Wallet
ORD004376,2034-12-24,Sports,Pressure Cooker,13041.26,8,104330.08,Ahmedabad,4.6,Wallet
ORD004377,2034-12-25,Fashion,Laptop,11643.54,6,69861.24,Bangalore,3.8,Wallet
ORD004378,2034-12-26,Home & Kitchen,T-shirt,3487.1,4,13948.4,Bangalore,4.8,Credit Card
ORD004379,2034-12-27,Fashion,Lipstick,5149.03,7,36043.21,Delhi,3.4,UPI
ORD004380,2034-12-28,Home & Kitchen,Headphones,33009.12,7,231063.84,Mumbai,4.6,Wallet
ORD004381,2034-12-29,Sports,Football,25507.93,8,204063.44,Ahmedabad,4.1,Credit Card
ORD004382,2034-12-30,Beauty,Smartphone,1988.58,2,3977.16,Hyderabad,3.7,Wallet
ORD004383,2034-12-31,Sports,Saree,48498.26,6,290989.56,Delhi,3.2,UPI
ORD004384,2035-01-01,Electronics,Smartphone,32974.27,3,98922.81,Pune,3.3,Wallet
ORD004385,2035-01-02,Home & Kitchen,Pressure Cooker,26015.69,8,208125.52,Ahmedabad,4.7,Wallet
ORD004386,2035-01-03,Electronics,Laptop,13999.85,4,55999.4,Hyderabad,4.2,Cash on Delivery
ORD004387,2035-01-04,Electronics,T-shirt,33075.89,4,132303.56,Pune,3.5,Cash on Delivery
ORD004388,2035-01-05,Fashion,Cricket Bat,18526.31,2,37052.62,Mumbai,4.0,Wallet
ORD004389,2035-01-06,Home & Kitchen,Saree,35273.46,6,211640.76,Chennai,3.2,Credit Card
ORD004390,2035-01-07,Electronics,T-shirt,34287.31,6,205723.86,Pune,3.2,Credit Card
ORD004391,2035-01-08,Beauty,Headphones,5090.82,1,5090.82,Hyderabad,4.8,Credit Card
ORD004392,2035-01-09,Electronics,Saree,45508.41,8,364067.28,Pune,3.9,Wallet
ORD004393,2035-01-10,Beauty,Pressure Cooker,24605.23,3,73815.69,Mumbai,3.7,Credit Card
ORD004394,2035-01-11,Fashion,Cricket Bat,19950.77,1,19950.77,Delhi,4.9,Cash on Delivery
ORD004395,2035-01-12,Electronics,Jeans,47795.38,1,47795.38,Indore,3.8,Wallet
ORD004396,2035-01-13,Sports,Jeans,22191.36,1,22191.36,Chennai,3.7,Cash on Delivery
ORD004397,2035-01-14,Fashion,Jeans,36200.44,5,181002.2,Chennai,3.5,Cash on Delivery
ORD004398,2035-01-15,Beauty,Lipstick,32929.26,5,164646.3,Chennai,4.1,Credit Card
ORD004399,2035-01-16,Fashion,Jeans,8674.43,1,8674.43,Bangalore,4.1,Cash on Delivery
ORD004400,2035-01-17,Electronics,Mixer,49561.57,5,247807.85,Indore,3.0,Cash on Delivery
ORD004401,2035-01-18,Home & Kitchen,Saree,23448.41,7,164138.87,Mumbai,4.3,UPI
ORD004402,2035-01-19,Home & Kitchen,Football,20041.74,5,100208.7,Hyderabad,4.6,UPI
ORD004403,2035-01-20,Beauty,Cricket Bat,46020.87,9,414187.83,Delhi,4.2,UPI
ORD004404,2035-01-21,Beauty,Headphones,26697.3,4,106789.2,Pune,4.7,Credit Card
ORD004405,2035-01-22,Home & Kitchen,Mixer,35401.31,9,318611.79,Ahmedabad,3.6,Credit Card
ORD004406,2035-01-23,Beauty,Mixer,42389.18,8,339113.44,Pune,3.4,Cash on Delivery
ORD004407,2035-01-24,Fashion,Face Cream,12156.97,1,12156.97,Chennai,4.4,Cash on Delivery
ORD004408,2035-01-25,Sports,Cricket Bat,8888.6,4,35554.4,Chennai,3.4,Credit Card
ORD004409,2035-01-26,Sports,Face Cream,3891.09,7,27237.63,Chennai,3.2,Wallet
ORD004410,2035-01-27,Fashion,Football,44908.1,1,44908.1,Ahmedabad,3.2,Wallet
ORD004411,2035-01-28,Sports,Headphones,10418.17,8,83345.36,Mumbai,4.5,Wallet
ORD004412,2035-01-29,Electronics,Saree,15733.83,2,31467.66,Delhi,3.1,UPI
ORD004413,2035-01-30,Fashion,Laptop,14647.44,8,117179.52,Mumbai,3.6,Cash on Delivery
ORD004414,2035-01-31,Beauty,T-shirt,15577.11,4,62308.44,Delhi,3.3,Wallet
ORD004415,2035-02-01,Fashion,Football,33569.03,8,268552.24,Hyderabad,4.5,UPI
ORD004416,2035-02-02,Home & Kitchen,Football,47728.62,1,47728.62,Pune,4.0,Cash on Delivery
ORD004417,2035-02-03,Beauty,Laptop,16807.95,5,84039.75,Bangalore,3.4,Wallet
ORD004418,2035-02-04,Home & Kitchen,Pressure Cooker,20678.53,9,186106.77,Delhi,4.5,Wallet
ORD004419,2035-02-05,Beauty,Cricket Bat,38671.78,7,270702.46,Ahmedabad,4.5,UPI
ORD004420,2035-02-06,Sports,Football,21900.73,3,65702.19,Indore,4.0,Wallet
ORD004421,2035-02-07,Fashion,Laptop,46339.12,4,185356.48,Mumbai,3.6,Cash on Delivery
ORD004422,2035-02-08,Electronics,Football,25409.29,7,177865.03,Mumbai,4.2,Wallet
ORD004423,2035-02-09,Beauty,Laptop,17712.88,6,106277.28,Mumbai,4.9,UPI
ORD004424,2035-02-10,Beauty,Laptop,48592.84,4,194371.36,Bangalore,3.1,Wallet
ORD004425,2035-02-11,Home & Kitchen,Football,21576.2,3,64728.6,Delhi,3.5,UPI
ORD004426,2035-02-12,Sports,Jeans,11943.16,2,23886.32,Ahmedabad,3.6,Credit Card
ORD004427,2035-02-13,Home & Kitchen,Smartphone,9296.19,9,83665.71,Delhi,4.3,Wallet
ORD004428,2035-02-14,Home & Kitchen,Laptop,49761.48,3,149284.44,Delhi,4.3,Cash on Delivery
ORD004429,2035-02-15,Sports,T-shirt,37772.89,7,264410.23,Delhi,3.4,Wallet
ORD004430,2035-02-16,Electronics,Cricket Bat,20728.66,1,20728.66,Chennai,3.4,UPI
ORD004431,2035-02-17,Home & Kitchen,Pressure Cooker,41404.99,8,331239.92,Chennai,4.9,Credit Card
ORD004432,2035-02-18,Home & Kitchen,Smartphone,27566.9,1,27566.9,Indore,4.5,Cash on Delivery
ORD004433,2035-02-19,Beauty,Lipstick,16210.78,2,32421.56,Mumbai,4.9,Wallet
ORD004434,2035-02-20,Sports,T-shirt,37297.6,1,37297.6,Pune,4.7,Credit Card
ORD004435,2035-02-21,Fashion,T-shirt,37421.79,4,149687.16,Chennai,3.8,UPI
ORD004436,2035-02-22,Electronics,Jeans,25258.38,2,50516.76,Pune,3.2,Cash on Delivery
ORD004437,2035-02-23,Electronics,Jeans,2735.34,1,2735.34,Pune,4.3,UPI
ORD004438,2035-02-24,Sports,Cricket Bat,4312.61,1,4312.61,Delhi,3.7,Wallet
ORD004439,2035-02-25,Beauty,T-shirt,39543.1,2,79086.2,Delhi,3.9,UPI
ORD004440,2035-02-26,Beauty,Headphones,41262.08,6,247572.48,Chennai,3.9,Credit Card
ORD004441,2035-02-27,Sports,Headphones,34075.34,2,68150.68,Hyderabad,4.9,UPI
ORD004442,2035-02-28,Beauty,Face Cream,42033.89,2,84067.78,Indore,3.1,Cash on Delivery
ORD004443,2035-03-01,Electronics,Cricket Bat,36114.63,8,288917.04,Pune,3.4,Credit Card
ORD004444,2035-03-02,Electronics,Laptop,44898.26,5,224491.3,Pune,4.2,Wallet
ORD004445,2035-03-03,Fashion,Mixer,7944.71,8,63557.68,Mumbai,4.8,UPI
ORD004446,2035-03-04,Sports,Lipstick,19693.21,8,157545.68,Bangalore,4.8,UPI
ORD004447,2035-03-05,Home & Kitchen,Football,23473.48,2,46946.96,Indore,4.1,Wallet
ORD004448,2035-03-06,Home & Kitchen,Pressure Cooker,15234.36,7,106640.52,Mumbai,3.1,Wallet
ORD004449,2035-03-07,Fashion,Jeans,36405.64,9,327650.76,Mumbai,3.7,UPI
ORD004450,2035-03-08,Fashion,Pressure Cooker,45665.72,8,365325.76,Ahmedabad,4.8,Wallet
ORD004451,2035-03-09,Beauty,Mixer,20917.87,9,188260.83,Mumbai,4.0,Credit Card
ORD004452,2035-03-10,Fashion,Saree,47106.33,8,376850.64,Ahmedabad,4.5,Cash on Delivery
ORD004453,2035-03-11,Fashion,Face Cream,26080.06,4,104320.24,Indore,3.5,Credit Card
ORD004454,2035-03-12,Home & Kitchen,Cricket Bat,26364.52,7,184551.64,Pune,3.1,UPI
ORD004455,2035-03-13,Beauty,Laptop,30210.87,9,271897.83,Indore,4.2,Credit Card
ORD004456,2035-03-14,Fashion,Face Cream,13782.39,9,124041.51,Chennai,4.7,UPI
ORD004457,2035-03-15,Fashion,Smartphone,19476.35,4,77905.4,Ahmedabad,5.0,Credit Card
ORD004458,2035-03-16,Beauty,Laptop,27885.25,7,195196.75,Pune,4.7,UPI
ORD004459,2035-03-17,Sports,T-shirt,47128.15,6,282768.9,Mumbai,4.1,Wallet
ORD004460,2035-03-18,Beauty,Face Cream,32313.28,3,96939.84,Delhi,4.2,Credit Card
ORD004461,2035-03-19,Home & Kitchen,Laptop,16989.27,6,101935.62,Mumbai,4.6,UPI
ORD004462,2035-03-20,Sports,Face Cream,1018.19,8,8145.52,Ahmedabad,3.0,Wallet
ORD004463,2035-03-21,Electronics,T-shirt,49092.45,2,98184.9,Delhi,4.9,UPI
ORD004464,2035-03-22,Beauty,Pressure Cooker,24902.74,3,74708.22,Chennai,4.1,Credit Card
ORD004465,2035-03-23,Home & Kitchen,Face Cream,46955.51,8,375644.08,Ahmedabad,4.9,Credit Card
ORD004466,2035-03-24,Sports,Face Cream,27692.59,4,110770.36,Chennai,4.5,UPI
ORD004467,2035-03-25,Beauty,Football,30470.51,4,121882.04,Ahmedabad,3.3,Wallet
ORD004468,2035-03-26,Fashion,Football,35739.66,2,71479.32,Mumbai,3.3,Cash on Delivery
ORD004469,2035-03-27,Beauty,Saree,16388.3,1,16388.3,Indore,3.7,UPI
ORD004470,2035-03-28,Electronics,Jeans,35099.71,7,245697.97,Delhi,3.5,UPI
ORD004471,2035-03-29,Beauty,Football,26576.2,4,106304.8,Delhi,3.9,Cash on Delivery
ORD004472,2035-03-30,Sports,Saree,33787.76,6,202726.56,Delhi,4.2,UPI
ORD004473,2035-03-31,Sports,Face Cream,41873.75,8,334990.0,Delhi,3.9,Credit Card
ORD004474,2035-04-01,Beauty,T-shirt,9619.34,7,67335.38,Bangalore,3.1,Credit Card
ORD004475,2035-04-02,Sports,Football,30870.77,7,216095.39,Chennai,5.0,Wallet
ORD004476,2035-04-03,Fashion,Smartphone,3079.51,6,18477.06,Delhi,3.9,Cash on Delivery
ORD004477,2035-04-04,Beauty,Face Cream,5554.7,4,22218.8,Bangalore,4.7,UPI
ORD004478,2035-04-05,Fashion,Mixer,33892.41,4,135569.64,Bangalore,3.1,Credit Card
ORD004479,2035-04-06,Fashion,Pressure Cooker,4011.41,9,36102.69,Chennai,4.6,UPI
ORD004480,2035-04-07,Home & Kitchen,Pressure Cooker,29970.21,5,149851.05,Hyderabad,3.3,Cash on Delivery
ORD004481,2035-04-08,Beauty,Laptop,11390.62,9,102515.58,Mumbai,4.4,Credit Card
ORD004482,2035-04-09,Sports,Jeans,15552.2,9,139969.8,Chennai,4.3,Cash on Delivery
ORD004483,2035-04-10,Fashion,Laptop,6917.01,4,27668.04,Ahmedabad,4.8,UPI
ORD004484,2035-04-11,Home & Kitchen,Laptop,12809.04,2,25618.08,Hyderabad,3.6,Wallet
ORD004485,2035-04-12,Beauty,T-shirt,41153.94,2,82307.88,Indore,3.2,UPI
ORD004486,2035-04-13,Beauty,Mixer,32124.48,9,289120.32,Ahmedabad,4.7,UPI
ORD004487,2035-04-14,Electronics,Jeans,47513.11,9,427617.99,Ahmedabad,3.7,Cash on Delivery
ORD004488,2035-04-15,Electronics,Laptop,2912.87,3,8738.61,Mumbai,3.5,Credit Card
ORD004489,2035-04-16,Fashion,Face Cream,39724.39,5,198621.95,Mumbai,4.0,Cash on Delivery
ORD004490,2035-04-17,Electronics,Pressure Cooker,35104.32,5,175521.6,Mumbai,3.3,Credit Card
ORD004491,2035-04-18,Fashion,Laptop,13414.17,2,26828.34,Ahmedabad,3.6,UPI
ORD004492,2035-04-19,Sports,Lipstick,36593.75,2,73187.5,Bangalore,3.8,UPI
ORD004493,2035-04-20,Fashion,Cricket Bat,35969.15,1,35969.15,Delhi,3.6,Wallet
ORD004494,2035-04-21,Electronics,Football,23237.59,2,46475.18,Mumbai,3.9,Wallet
ORD004495,2035-04-22,Sports,Pressure Cooker,34587.66,7,242113.62,Pune,3.8,Cash on Delivery
ORD004496,2035-04-23,Electronics,Lipstick,22506.75,1,22506.75,Delhi,4.5,Credit Card
ORD004497,2035-04-24,Fashion,Cricket Bat,17109.51,1,17109.51,Mumbai,4.8,Wallet
ORD004498,2035-04-25,Home & Kitchen,Smartphone,23591.3,9,212321.7,Bangalore,3.2,Wallet
ORD004499,2035-04-26,Beauty,Lipstick,44808.91,2,89617.82,Indore,4.6,UPI
ORD004500,2035-04-27,Electronics,Face Cream,19536.9,4,78147.6,Mumbai,4.9,UPI
ORD004501,2035-04-28,Fashion,T-shirt,20482.56,3,61447.68,Chennai,4.4,Cash on Delivery
ORD004502,2035-04-29,Sports,Smartphone,30615.96,4,122463.84,Pune,5.0,Cash on Delivery
ORD004503,2035-04-30,Electronics,Headphones,37773.47,7,264414.29,Hyderabad,3.7,Credit Card
ORD004504,2035-05-01,Electronics,Jeans,36863.73,2,73727.46,Ahmedabad,4.7,Wallet
ORD004505,2035-05-02,Beauty,Pressure Cooker,1480.04,2,2960.08,Mumbai,4.3,UPI
ORD004506,2035-05-03,Fashion,Headphones,34527.06,9,310743.54,Pune,3.6,Credit Card
ORD004507,2035-05-04,Home & Kitchen,Pressure Cooker,22802.43,6,136814.58,Hyderabad,4.4,Wallet
ORD004508,2035-05-05,Sports,Face Cream,26442.45,7,185097.15,Hyderabad,4.0,Credit Card
ORD004509,2035-05-06,Fashion,Jeans,28302.34,5,141511.7,Ahmedabad,3.4,Credit Card
ORD004510,2035-05-07,Sports,Jeans,36720.12,5,183600.6,Pune,3.3,Cash on Delivery
ORD004511,2035-05-08,Electronics,Football,41650.98,4,166603.92,Bangalore,4.4,Wallet
ORD004512,2035-05-09,Beauty,Pressure Cooker,32489.92,8,259919.36,Indore,4.4,Credit Card
ORD004513,2035-05-10,Beauty,Jeans,28413.41,7,198893.87,Hyderabad,4.1,Credit Card
ORD004514,2035-05-11,Home & Kitchen,Lipstick,19001.58,2,38003.16,Bangalore,4.0,Credit Card
ORD004515,2035-05-12,Beauty,Saree,7324.97,2,14649.94,Indore,3.4,Cash on Delivery
ORD004516,2035-05-13,Electronics,Mixer,47949.6,6,287697.6,Mumbai,3.9,Cash on Delivery
ORD004517,2035-05-14,Home & Kitchen,Football,23361.19,1,23361.19,Delhi,4.7,UPI
ORD004518,2035-05-15,Fashion,Pressure Cooker,28527.51,7,199692.57,Ahmedabad,4.7,Cash on Delivery
ORD004519,2035-05-16,Beauty,Headphones,37678.12,8,301424.96,Bangalore,4.3,Cash on Delivery
ORD004520,2035-05-17,Home & Kitchen,Headphones,3886.32,8,31090.56,Hyderabad,5.0,Wallet
ORD004521,2035-05-18,Electronics,Jeans,42823.04,3,128469.12,Hyderabad,4.8,Wallet
ORD004522,2035-05-19,Sports,Face Cream,39952.77,7,279669.39,Mumbai,3.3,Credit Card
ORD004523,2035-05-20,Sports,Pressure Cooker,38834.21,1,38834.21,Pune,3.8,UPI
ORD004524,2035-05-21,Electronics,Saree,1588.14,3,4764.42,Bangalore,3.3,Cash on Delivery
ORD004525,2035-05-22,Electronics,Saree,26562.68,6,159376.08,Mumbai,3.9,Wallet
ORD004526,2035-05-23,Sports,Mixer,3186.28,9,28676.52,Bangalore,4.6,UPI
ORD004527,2035-05-24,Home & Kitchen,Lipstick,27768.19,5,138840.95,Delhi,3.3,Wallet
ORD004528,2035-05-25,Sports,Mixer,36063.19,5,180315.95,Ahmedabad,4.8,Credit Card
ORD004529,2035-05-26,Electronics,T-shirt,6531.59,9,58784.31,Chennai,4.1,Cash on Delivery
ORD004530,2035-05-27,Beauty,Face Cream,34896.71,9,314070.39,Mumbai,4.5,Credit Card
ORD004531,2035-05-28,Fashion,Headphones,22751.88,6,136511.28,Hyderabad,3.1,Credit Card
ORD004532,2035-05-29,Beauty,Saree,40671.87,5,203359.35,Mumbai,3.2,Wallet
ORD004533,2035-05-30,Beauty,Jeans,26912.65,2,53825.3,Pune,4.2,UPI
ORD004534,2035-05-31,Electronics,Saree,17138.02,8,137104.16,Bangalore,4.7,Cash on Delivery
ORD004535,2035-06-01,Sports,Saree,16933.58,8,135468.64,Ahmedabad,4.7,UPI
ORD004536,2035-06-02,Home & Kitchen,Cricket Bat,44925.58,7,314479.06,Mumbai,4.4,Credit Card
ORD004537,2035-06-03,Beauty,Headphones,22917.14,8,183337.12,Delhi,3.4,Cash on Delivery
ORD004538,2035-06-04,Sports,T-shirt,20584.82,3,61754.46,Ahmedabad,3.4,Credit Card
ORD004539,2035-06-05,Home & Kitchen,Mixer,2473.74,3,7421.22,Bangalore,4.8,Wallet
ORD004540,2035-06-06,Beauty,T-shirt,18534.07,2,37068.14,Pune,3.2,UPI
ORD004541,2035-06-07,Home & Kitchen,Cricket Bat,42556.54,1,42556.54,Pune,4.4,UPI
ORD004542,2035-06-08,Sports,Lipstick,38168.89,3,114506.67,Indore,4.1,Credit Card
ORD004543,2035-06-09,Fashion,Face Cream,11435.2,3,34305.6,Pune,3.8,UPI
ORD004544,2035-06-10,Sports,T-shirt,20946.3,7,146624.1,Hyderabad,3.9,UPI
ORD004545,2035-06-11,Electronics,Saree,10230.69,9,92076.21,Ahmedabad,4.9,Credit Card
ORD004546,2035-06-12,Home & Kitchen,Football,47733.73,1,47733.73,Hyderabad,4.7,Cash on Delivery
ORD004547,2035-06-13,Fashion,Smartphone,30106.83,8,240854.64,Bangalore,4.7,Wallet
ORD004548,2035-06-14,Home & Kitchen,Pressure Cooker,37840.56,1,37840.56,Indore,3.8,Cash on Delivery
ORD004549,2035-06-15,Home & Kitchen,T-shirt,35833.53,3,107500.59,Delhi,3.2,Cash on Delivery
ORD004550,2035-06-16,Beauty,Face Cream,43747.62,4,174990.48,Pune,5.0,Wallet
ORD004551,2035-06-17,Electronics,Pressure Cooker,47491.73,8,379933.84,Mumbai,3.3,Credit Card
ORD004552,2035-06-18,Home & Kitchen,Face Cream,2106.09,1,2106.09,Chennai,4.0,Credit Card
ORD004553,2035-06-19,Sports,Cricket Bat,48777.41,2,97554.82,Hyderabad,3.5,Wallet
ORD004554,2035-06-20,Sports,T-shirt,43591.85,5,217959.25,Delhi,4.0,UPI
ORD004555,2035-06-21,Beauty,T-shirt,19455.9,6,116735.4,Pune,3.6,Cash on Delivery
ORD004556,2035-06-22,Electronics,Laptop,41934.93,5,209674.65,Delhi,4.8,UPI
ORD004557,2035-06-23,Electronics,Saree,36959.62,3,110878.86,Delhi,4.9,Credit Card
ORD004558,2035-06-24,Sports,Face Cream,39759.16,7,278314.12,Mumbai,3.8,Cash on Delivery
ORD004559,2035-06-25,Fashion,Jeans,11424.21,1,11424.21,Delhi,3.1,Credit Card
ORD004560,2035-06-26,Beauty,Pressure Cooker,32603.9,2,65207.8,Delhi,4.3,Wallet
ORD004561,2035-06-27,Beauty,Lipstick,1783.33,9,16049.97,Bangalore,3.8,Wallet
ORD004562,2035-06-28,Sports,Laptop,42487.34,4,169949.36,Bangalore,5.0,UPI
ORD004563,2035-06-29,Sports,Saree,47576.63,8,380613.04,Delhi,3.2,UPI
ORD004564,2035-06-30,Fashion,Cricket Bat,33275.11,9,299475.99,Delhi,3.2,Credit Card
ORD004565,2035-07-01,Fashion,Pressure Cooker,25877.15,7,181140.05,Bangalore,4.4,Credit Card
ORD004566,2035-07-02,Electronics,Mixer,36423.69,1,36423.69,Mumbai,4.5,Wallet
ORD004567,2035-07-03,Beauty,Cricket Bat,16654.88,5,83274.4,Bangalore,3.9,Cash on Delivery
ORD004568,2035-07-04,Beauty,Jeans,31506.2,6,189037.2,Pune,3.6,Wallet
ORD004569,2035-07-05,Sports,Pressure Cooker,36089.16,8,288713.28,Bangalore,3.6,Credit Card
ORD004570,2035-07-06,Electronics,Cricket Bat,7562.7,8,60501.6,Bangalore,3.7,Wallet
ORD004571,2035-07-07,Beauty,Laptop,7433.37,9,66900.33,Bangalore,3.5,UPI
ORD004572,2035-07-08,Electronics,Cricket Bat,35948.84,9,323539.56,Chennai,4.7,UPI
ORD004573,2035-07-09,Electronics,Jeans,21873.23,4,87492.92,Hyderabad,3.1,Credit Card
ORD004574,2035-07-10,Sports,Jeans,44515.47,6,267092.82,Pune,3.8,Wallet
ORD004575,2035-07-11,Electronics,Smartphone,15940.97,3,47822.91,Pune,4.5,Credit Card
ORD004576,2035-07-12,Fashion,Football,2600.32,1,2600.32,Mumbai,3.0,Cash on Delivery
ORD004577,2035-07-13,Fashion,T-shirt,32668.86,6,196013.16,Ahmedabad,4.8,UPI
ORD004578,2035-07-14,Home & Kitchen,Mixer,34369.84,1,34369.84,Indore,4.4,Wallet
ORD004579,2035-07-15,Sports,Mixer,27902.78,9,251125.02,Mumbai,3.1,UPI
ORD004580,2035-07-16,Home & Kitchen,Laptop,34324.97,6,205949.82,Pune,4.8,Wallet
ORD004581,2035-07-17,Fashion,Jeans,26425.84,1,26425.84,Delhi,4.0,UPI
ORD004582,2035-07-18,Home & Kitchen,Smartphone,34785.32,3,104355.96,Chennai,4.3,Credit Card
ORD004583,2035-07-19,Sports,Saree,2674.9,1,2674.9,Delhi,4.8,UPI
ORD004584,2035-07-20,Sports,Smartphone,18735.67,2,37471.34,Mumbai,4.8,Wallet
ORD004585,2035-07-21,Electronics,Lipstick,10935.44,6,65612.64,Mumbai,3.8,Credit Card
ORD004586,2035-07-22,Beauty,Cricket Bat,5416.64,7,37916.48,Indore,3.5,Wallet
ORD004587,2035-07-23,Electronics,T-shirt,12087.59,1,12087.59,Ahmedabad,3.5,Cash on Delivery
ORD004588,2035-07-24,Sports,Football,9969.88,5,49849.4,Indore,4.5,Wallet
ORD004589,2035-07-25,Fashion,Smartphone,48670.0,6,292020.0,Delhi,4.9,Wallet
ORD004590,2035-07-26,Fashion,Cricket Bat,14684.02,4,58736.08,Hyderabad,3.1,Credit Card
ORD004591,2035-07-27,Electronics,T-shirt,11932.47,6,71594.82,Delhi,3.0,Wallet
ORD004592,2035-07-28,Sports,Pressure Cooker,41826.29,5,209131.45,Hyderabad,4.6,Cash on Delivery
ORD004593,2035-07-29,Fashion,Football,21246.25,7,148723.75,Ahmedabad,3.8,Cash on Delivery
ORD004594,2035-07-30,Sports,Football,21362.54,4,85450.16,Hyderabad,3.6,Credit Card
ORD004595,2035-07-31,Fashion,Lipstick,22457.73,1,22457.73,Bangalore,3.4,Cash on Delivery
ORD004596,2035-08-01,Sports,Football,21118.46,2,42236.92,Mumbai,3.7,Credit Card
ORD004597,2035-08-02,Home & Kitchen,Lipstick,16664.99,6,99989.94,Bangalore,4.9,UPI
ORD004598,2035-08-03,Sports,Football,14673.8,2,29347.6,Mumbai,5.0,Wallet
ORD004599,2035-08-04,Sports,Jeans,44157.0,5,220785.0,Bangalore,3.7,Wallet
ORD004600,2035-08-05,Electronics,Football,8504.51,4,34018.04,Hyderabad,4.9,Wallet
ORD004601,2035-08-06,Home & Kitchen,Face Cream,9462.59,7,66238.13,Bangalore,3.6,Wallet
ORD004602,2035-08-07,Beauty,Lipstick,28800.1,4,115200.4,Chennai,4.7,Credit Card
ORD004603,2035-08-08,Electronics,Face Cream,17511.1,7,122577.7,Bangalore,3.4,Wallet
ORD004604,2035-08-09,Beauty,Pressure Cooker,21365.7,8,170925.6,Indore,4.7,Cash on Delivery
ORD004605,2035-08-10,Fashion,Jeans,40424.06,7,282968.42,Indore,3.7,Cash on Delivery
ORD004606,2035-08-11,Beauty,Headphones,45229.74,2,90459.48,Ahmedabad,3.4,UPI
ORD004607,2035-08-12,Sports,Saree,39632.41,1,39632.41,Bangalore,4.9,Credit Card
ORD004608,2035-08-13,Beauty,Laptop,12128.95,5,60644.75,Bangalore,3.4,UPI
ORD004609,2035-08-14,Electronics,Cricket Bat,49008.58,7,343060.06,Chennai,5.0,Wallet
ORD004610,2035-08-15,Electronics,Saree,18477.24,1,18477.24,Mumbai,3.2,Cash on Delivery
ORD004611,2035-08-16,Beauty,Saree,8868.82,8,70950.56,Bangalore,3.0,Credit Card
ORD004612,2035-08-17,Electronics,Football,25225.09,3,75675.27,Mumbai,4.7,Cash on Delivery
ORD004613,2035-08-18,Electronics,Mixer,36401.65,7,254811.55,Indore,4.2,Credit Card
ORD004614,2035-08-19,Beauty,Smartphone,4621.91,3,13865.73,Delhi,3.8,UPI
ORD004615,2035-08-20,Home & Kitchen,Lipstick,31897.2,4,127588.8,Hyderabad,3.2,Wallet
ORD004616,2035-08-21,Home & Kitchen,Headphones,42974.86,8,343798.88,Delhi,4.1,UPI
ORD004617,2035-08-22,Fashion,Smartphone,13458.18,2,26916.36,Chennai,3.8,Wallet
ORD004618,2035-08-23,Electronics,Laptop,34809.6,6,208857.6,Chennai,4.0,Cash on Delivery
ORD004619,2035-08-24,Beauty,Smartphone,20295.48,9,182659.32,Mumbai,4.3,UPI
ORD004620,2035-08-25,Electronics,Mixer,20999.69,9,188997.21,Mumbai,4.3,UPI
ORD004621,2035-08-26,Sports,Laptop,14400.29,5,72001.45,Pune,4.9,Cash on Delivery
ORD004622,2035-08-27,Electronics,Pressure Cooker,31407.49,3,94222.47,Pune,4.3,Cash on Delivery
ORD004623,2035-08-28,Electronics,Pressure Cooker,18369.46,6,110216.76,Bangalore,3.7,Cash on Delivery
ORD004624,2035-08-29,Home & Kitchen,Jeans,41629.7,9,374667.3,Pune,3.7,Credit Card
ORD004625,2035-08-30,Beauty,Smartphone,48163.82,6,288982.92,Delhi,4.0,Cash on Delivery
ORD004626,2035-08-31,Electronics,Cricket Bat,46786.84,4,187147.36,Mumbai,3.5,Credit Card
ORD004627,2035-09-01,Home & Kitchen,Headphones,8574.85,5,42874.25,Indore,3.8,Cash on Delivery
ORD004628,2035-09-02,Fashion,Mixer,1202.42,7,8416.94,Mumbai,4.7,Credit Card
ORD004629,2035-09-03,Home & Kitchen,Laptop,22204.18,3,66612.54,Pune,4.7,Cash on Delivery
ORD004630,2035-09-04,Home & Kitchen,Headphones,36579.74,9,329217.66,Indore,4.3,Credit Card
ORD004631,2035-09-05,Home & Kitchen,Smartphone,48884.04,1,48884.04,Mumbai,4.2,Wallet
ORD004632,2035-09-06,Electronics,Cricket Bat,39279.4,8,314235.2,Pune,3.9,Wallet
ORD004633,2035-09-07,Electronics,Smartphone,29237.19,5,146185.95,Hyderabad,4.3,UPI
ORD004634,2035-09-08,Fashion,Football,1804.47,9,16240.23,Mumbai,4.6,Cash on Delivery
ORD004635,2035-09-09,Sports,Lipstick,41364.26,2,82728.52,Hyderabad,4.5,Cash on Delivery
ORD004636,2035-09-10,Sports,Lipstick,9268.68,1,9268.68,Chennai,3.1,Credit Card
ORD004637,2035-09-11,Sports,Mixer,3252.52,7,22767.64,Bangalore,4.5,UPI
ORD004638,2035-09-12,Fashion,Laptop,42592.76,9,383334.84,Delhi,4.4,Wallet
ORD004639,2035-09-13,Sports,Laptop,28529.42,5,142647.1,Mumbai,3.2,UPI
ORD004640,2035-09-14,Sports,Saree,6863.3,4,27453.2,Hyderabad,3.3,Credit Card
ORD004641,2035-09-15,Home & Kitchen,Mixer,19633.86,4,78535.44,Pune,4.6,Cash on Delivery
ORD004642,2035-09-16,Electronics,Mixer,4734.31,8,37874.48,Mumbai,4.1,UPI
ORD004643,2035-09-17,Electronics,Cricket Bat,32081.53,1,32081.53,Ahmedabad,4.6,Cash on Delivery
ORD004644,2035-09-18,Home & Kitchen,Lipstick,14480.15,1,14480.15,Mumbai,3.4,Wallet
ORD004645,2035-09-19,Home & Kitchen,Laptop,43371.66,8,346973.28,Hyderabad,3.1,Credit Card
ORD004646,2035-09-20,Home & Kitchen,Face Cream,18210.9,2,36421.8,Mumbai,3.3,Cash on Delivery
ORD004647,2035-09-21,Electronics,Smartphone,24984.38,6,149906.28,Delhi,3.9,UPI
ORD004648,2035-09-22,Sports,Mixer,3644.41,2,7288.82,Indore,4.0,Credit Card
ORD004649,2035-09-23,Home & Kitchen,Jeans,14141.83,5,70709.15,Indore,4.7,Wallet
ORD004650,2035-09-24,Fashion,Football,33999.98,3,101999.94,Indore,4.4,UPI
ORD004651,2035-09-25,Home & Kitchen,T-shirt,36945.01,7,258615.07,Pune,5.0,Cash on Delivery
ORD004652,2035-09-26,Beauty,Laptop,12519.68,9,112677.12,Indore,3.2,Cash on Delivery
ORD004653,2035-09-27,Home & Kitchen,Pressure Cooker,25439.09,2,50878.18,Chennai,3.3,Credit Card
ORD004654,2035-09-28,Electronics,Laptop,40967.79,7,286774.53,Bangalore,3.2,Wallet
ORD004655,2035-09-29,Home & Kitchen,Jeans,19305.55,8,154444.4,Mumbai,4.1,UPI
ORD004656,2035-09-30,Beauty,Laptop,7121.68,8,56973.44,Hyderabad,3.5,Wallet
ORD004657,2035-10-01,Fashion,Jeans,21877.58,7,153143.06,Delhi,4.4,UPI
ORD004658,2035-10-02,Sports,T-shirt,30231.12,4,120924.48,Mumbai,3.3,UPI
ORD004659,2035-10-03,Home & Kitchen,Saree,866.23,4,3464.92,Chennai,3.2,Credit Card
ORD004660,2035-10-04,Beauty,Cricket Bat,17754.09,9,159786.81,Chennai,3.9,Cash on Delivery
ORD004661,2035-10-05,Beauty,Face Cream,30568.07,9,275112.63,Hyderabad,3.8,Cash on Delivery
ORD004662,2035-10-06,Fashion,Football,47619.64,5,238098.2,Ahmedabad,4.7,Cash on Delivery
ORD004663,2035-10-07,Electronics,T-shirt,20723.16,7,145062.12,Ahmedabad,4.7,Wallet
ORD004664,2035-10-08,Home & Kitchen,Headphones,8567.13,7,59969.91,Mumbai,3.2,UPI
ORD004665,2035-10-09,Beauty,Saree,26943.85,9,242494.65,Ahmedabad,4.6,Credit Card
ORD004666,2035-10-10,Fashion,Cricket Bat,14644.74,7,102513.18,Indore,4.1,Wallet
ORD004667,2035-10-11,Sports,Lipstick,11131.58,8,89052.64,Ahmedabad,4.0,UPI
ORD004668,2035-10-12,Beauty,Jeans,29724.96,7,208074.72,Ahmedabad,3.2,Credit Card
ORD004669,2035-10-13,Fashion,Mixer,45836.23,4,183344.92,Mumbai,4.5,UPI
ORD004670,2035-10-14,Electronics,Headphones,41843.6,2,83687.2,Mumbai,3.1,Credit Card
ORD004671,2035-10-15,Electronics,T-shirt,9523.48,3,28570.44,Chennai,3.6,Wallet
ORD004672,2035-10-16,Beauty,Laptop,38411.03,7,268877.21,Mumbai,3.2,UPI
ORD004673,2035-10-17,Beauty,T-shirt,11878.5,9,106906.5,Indore,4.1,UPI
ORD004674,2035-10-18,Home & Kitchen,Football,14889.71,2,29779.42,Mumbai,4.3,Wallet
ORD004675,2035-10-19,Fashion,Cricket Bat,46042.55,7,322297.85,Pune,4.8,Credit Card
ORD004676,2035-10-20,Beauty,Headphones,45596.98,4,182387.92,Pune,4.5,Cash on Delivery
ORD004677,2035-10-21,Home & Kitchen,Smartphone,8847.22,7,61930.54,Mumbai,4.9,Cash on Delivery
ORD004678,2035-10-22,Home & Kitchen,Cricket Bat,3677.5,5,18387.5,Mumbai,4.5,Credit Card
ORD004679,2035-10-23,Beauty,Saree,15009.35,7,105065.45,Indore,3.6,Credit Card
ORD004680,2035-10-24,Electronics,Football,29297.87,6,175787.22,Pune,4.1,Cash on Delivery
ORD004681,2035-10-25,Fashion,T-shirt,43906.14,2,87812.28,Ahmedabad,3.9,UPI
ORD004682,2035-10-26,Fashion,T-shirt,6382.45,7,44677.15,Indore,4.1,Wallet
ORD004683,2035-10-27,Electronics,Headphones,21040.45,5,105202.25,Hyderabad,4.1,Cash on Delivery
ORD004684,2035-10-28,Beauty,Jeans,13951.61,9,125564.49,Chennai,4.4,Credit Card
ORD004685,2035-10-29,Fashion,Headphones,1238.98,1,1238.98,Bangalore,3.2,UPI
ORD004686,2035-10-30,Beauty,Mixer,39528.09,1,39528.09,Ahmedabad,4.5,Credit Card
ORD004687,2035-10-31,Beauty,T-shirt,40757.57,2,81515.14,Pune,3.3,Cash on Delivery
ORD004688,2035-11-01,Home & Kitchen,Jeans,11450.84,8,91606.72,Hyderabad,3.1,Wallet
ORD004689,2035-11-02,Electronics,Jeans,7986.39,9,71877.51,Indore,4.0,Wallet
ORD004690,2035-11-03,Beauty,Headphones,7655.76,7,53590.32,Mumbai,4.2,UPI
ORD004691,2035-11-04,Sports,Lipstick,23465.39,1,23465.39,Bangalore,3.1,Wallet
ORD004692,2035-11-05,Electronics,Cricket Bat,12701.53,7,88910.71,Delhi,4.0,Cash on Delivery
ORD004693,2035-11-06,Fashion,Saree,25812.1,8,206496.8,Bangalore,4.1,Cash on Delivery
ORD004694,2035-11-07,Home & Kitchen,Lipstick,19550.16,7,136851.12,Ahmedabad,3.1,Cash on Delivery
ORD004695,2035-11-08,Fashion,T-shirt,10939.07,5,54695.35,Hyderabad,4.4,UPI
ORD004696,2035-11-09,Fashion,T-shirt,37683.99,7,263787.93,Chennai,3.4,Cash on Delivery
ORD004697,2035-11-10,Electronics,Face Cream,7943.01,2,15886.02,Hyderabad,4.6,Wallet
ORD004698,2035-11-11,Fashion,T-shirt,40045.66,9,360410.94,Chennai,3.6,UPI
ORD004699,2035-11-12,Beauty,Football,28291.6,2,56583.2,Chennai,4.0,Cash on Delivery
ORD004700,2035-11-13,Fashion,Pressure Cooker,41685.84,2,83371.68,Indore,4.8,Cash on Delivery
ORD004701,2035-11-14,Home & Kitchen,Laptop,735.57,5,3677.85,Chennai,4.6,Credit Card
ORD004702,2035-11-15,Home & Kitchen,Smartphone,37584.83,8,300678.64,Delhi,4.6,Cash on Delivery
ORD004703,2035-11-16,Sports,Face Cream,3050.02,6,18300.12,Bangalore,3.3,UPI
ORD004704,2035-11-17,Home & Kitchen,Pressure Cooker,47529.89,9,427769.01,Hyderabad,3.1,Credit Card
ORD004705,2035-11-18,Fashion,Smartphone,35285.6,6,211713.6,Hyderabad,4.2,UPI
ORD004706,2035-11-19,Home & Kitchen,Jeans,16348.53,5,81742.65,Ahmedabad,3.8,Cash on Delivery
ORD004707,2035-11-20,Electronics,T-shirt,16332.6,1,16332.6,Chennai,4.8,Wallet
ORD004708,2035-11-21,Home & Kitchen,Mixer,43143.87,8,345150.96,Indore,3.7,Credit Card
ORD004709,2035-11-22,Beauty,Football,45190.59,3,135571.77,Delhi,3.8,Credit Card
ORD004710,2035-11-23,Electronics,Saree,44632.88,2,89265.76,Delhi,4.1,Credit Card
ORD004711,2035-11-24,Sports,Football,40532.64,7,283728.48,Mumbai,4.6,UPI
ORD004712,2035-11-25,Beauty,Headphones,41042.09,2,82084.18,Ahmedabad,3.5,Credit Card
ORD004713,2035-11-26,Fashion,Football,28852.01,1,28852.01,Ahmedabad,4.9,Wallet
ORD004714,2035-11-27,Fashion,Saree,1897.44,2,3794.88,Delhi,4.1,Wallet
ORD004715,2035-11-28,Fashion,Mixer,4795.28,6,28771.68,Chennai,4.7,Credit Card
ORD004716,2035-11-29,Beauty,Headphones,32652.89,2,65305.78,Ahmedabad,4.1,UPI
ORD004717,2035-11-30,Beauty,Jeans,20357.68,1,20357.68,Chennai,4.5,UPI
ORD004718,2035-12-01,Beauty,Mixer,28581.83,1,28581.83,Pune,3.1,UPI
ORD004719,2035-12-02,Electronics,Football,11938.34,4,47753.36,Bangalore,4.6,Cash on Delivery
ORD004720,2035-12-03,Electronics,T-shirt,32646.15,8,261169.2,Chennai,4.0,UPI
ORD004721,2035-12-04,Fashion,Mixer,12520.06,6,75120.36,Bangalore,3.9,UPI
ORD004722,2035-12-05,Home & Kitchen,Football,23310.23,4,93240.92,Ahmedabad,3.2,Credit Card
ORD004723,2035-12-06,Fashion,T-shirt,24196.64,6,145179.84,Delhi,4.5,Cash on Delivery
ORD004724,2035-12-07,Sports,Mixer,9294.58,6,55767.48,Mumbai,3.3,Credit Card
ORD004725,2035-12-08,Electronics,Face Cream,43872.28,9,394850.52,Pune,3.4,UPI
ORD004726,2035-12-09,Beauty,Mixer,26528.14,4,106112.56,Indore,3.3,UPI
ORD004727,2035-12-10,Electronics,Lipstick,43405.8,6,260434.8,Ahmedabad,3.0,Credit Card
ORD004728,2035-12-11,Beauty,Saree,13495.52,1,13495.52,Hyderabad,4.3,Cash on Delivery
ORD004729,2035-12-12,Sports,Smartphone,9030.63,7,63214.41,Chennai,3.5,Cash on Delivery
ORD004730,2035-12-13,Sports,Football,1391.82,7,9742.74,Delhi,3.3,Credit Card
ORD004731,2035-12-14,Electronics,Pressure Cooker,5146.3,1,5146.3,Ahmedabad,3.6,UPI
ORD004732,2035-12-15,Beauty,Lipstick,7799.79,8,62398.32,Chennai,4.0,Cash on Delivery
ORD004733,2035-12-16,Sports,Smartphone,4403.35,5,22016.75,Bangalore,4.0,Cash on Delivery
ORD004734,2035-12-17,Fashion,Lipstick,44895.53,9,404059.77,Delhi,3.7,Wallet
ORD004735,2035-12-18,Fashion,Laptop,45616.2,8,364929.6,Hyderabad,4.0,Credit Card
ORD004736,2035-12-19,Beauty,Headphones,46899.45,3,140698.35,Bangalore,3.9,Cash on Delivery
ORD004737,2035-12-20,Electronics,Face Cream,48013.11,1,48013.11,Delhi,4.6,Wallet
ORD004738,2035-12-21,Sports,T-shirt,24845.83,3,74537.49,Indore,3.1,Wallet
ORD004739,2035-12-22,Electronics,Pressure Cooker,26736.22,2,53472.44,Indore,4.7,Wallet
ORD004740,2035-12-23,Fashion,Lipstick,6976.11,2,13952.22,Hyderabad,3.5,UPI
ORD004741,2035-12-24,Sports,Lipstick,7284.08,4,29136.32,Indore,4.4,Credit Card
ORD004742,2035-12-25,Electronics,Jeans,38751.44,2,77502.88,Bangalore,3.8,Cash on Delivery
ORD004743,2035-12-26,Home & Kitchen,Mixer,42858.59,8,342868.72,Hyderabad,3.6,Wallet
ORD004744,2035-12-27,Beauty,Laptop,39343.36,5,196716.8,Delhi,4.2,UPI
ORD004745,2035-12-28,Beauty,Pressure Cooker,41811.51,1,41811.51,Bangalore,4.5,UPI
ORD004746,2035-12-29,Home & Kitchen,Pressure Cooker,14190.23,6,85141.38,Ahmedabad,3.9,Credit Card
ORD004747,2035-12-30,Fashion,Headphones,23570.26,7,164991.82,Indore,3.9,Credit Card
ORD004748,2035-12-31,Sports,Pressure Cooker,23230.37,1,23230.37,Mumbai,3.1,UPI
ORD004749,2036-01-01,Beauty,Cricket Bat,49766.53,3,149299.59,Chennai,4.8,UPI
ORD004750,2036-01-02,Home & Kitchen,Pressure Cooker,47484.31,9,427358.79,Indore,4.7,Wallet
ORD004751,2036-01-03,Home & Kitchen,Lipstick,30125.06,7,210875.42,Mumbai,3.8,Wallet
ORD004752,2036-01-04,Fashion,Cricket Bat,7329.67,4,29318.68,Hyderabad,4.5,Cash on Delivery
ORD004753,2036-01-05,Fashion,Football,13300.5,6,79803.0,Delhi,3.6,Wallet
ORD004754,2036-01-06,Electronics,Smartphone,18506.2,6,111037.2,Pune,4.5,Wallet
ORD004755,2036-01-07,Beauty,Mixer,43723.98,3,131171.94,Chennai,4.0,Wallet
ORD004756,2036-01-08,Electronics,Cricket Bat,8946.31,2,17892.62,Delhi,3.9,Cash on Delivery
ORD004757,2036-01-09,Home & Kitchen,Smartphone,11377.47,5,56887.35,Hyderabad,3.1,Cash on Delivery
ORD004758,2036-01-10,Sports,Laptop,17794.54,8,142356.32,Delhi,4.9,Cash on Delivery
ORD004759,2036-01-11,Sports,Saree,46382.05,3,139146.15,Bangalore,4.7,Cash on Delivery
ORD004760,2036-01-12,Fashion,Football,25438.7,5,127193.5,Bangalore,4.6,Wallet
ORD004761,2036-01-13,Sports,T-shirt,32518.38,3,97555.14,Indore,3.6,Credit Card
ORD004762,2036-01-14,Sports,Lipstick,19667.55,7,137672.85,Indore,3.6,Cash on Delivery
ORD004763,2036-01-15,Sports,Cricket Bat,9831.84,6,58991.04,Indore,4.1,Cash on Delivery
ORD004764,2036-01-16,Home & Kitchen,Saree,11528.63,6,69171.78,Indore,4.7,Cash on Delivery
ORD004765,2036-01-17,Sports,Mixer,40232.23,1,40232.23,Hyderabad,4.9,Wallet
ORD004766,2036-01-18,Sports,Jeans,44727.36,2,89454.72,Delhi,3.5,UPI
ORD004767,2036-01-19,Sports,Face Cream,24907.24,6,149443.44,Ahmedabad,4.2,Wallet
ORD004768,2036-01-20,Electronics,Football,18171.23,8,145369.84,Indore,4.4,Cash on Delivery
ORD004769,2036-01-21,Home & Kitchen,Laptop,40487.84,5,202439.2,Hyderabad,3.5,Wallet
ORD004770,2036-01-22,Fashion,T-shirt,33818.19,2,67636.38,Pune,3.8,Credit Card
ORD004771,2036-01-23,Electronics,Mixer,2523.26,5,12616.3,Chennai,3.4,Wallet
ORD004772,2036-01-24,Beauty,Face Cream,17861.67,9,160755.03,Indore,4.4,UPI
ORD004773,2036-01-25,Home & Kitchen,Laptop,34267.56,6,205605.36,Delhi,4.7,UPI
ORD004774,2036-01-26,Home & Kitchen,Jeans,28897.15,5,144485.75,Bangalore,4.8,Cash on Delivery
ORD004775,2036-01-27,Beauty,Smartphone,48914.33,6,293485.98,Mumbai,4.3,UPI
ORD004776,2036-01-28,Beauty,Jeans,43372.71,9,390354.39,Pune,3.7,Cash on Delivery
ORD004777,2036-01-29,Beauty,Cricket Bat,3457.05,7,24199.35,Bangalore,4.3,Wallet
ORD004778,2036-01-30,Fashion,Football,36425.57,3,109276.71,Delhi,4.7,Wallet
ORD004779,2036-01-31,Sports,T-shirt,17148.17,5,85740.85,Delhi,4.3,Cash on Delivery
ORD004780,2036-02-01,Home & Kitchen,Pressure Cooker,34263.09,4,137052.36,Pune,3.8,Cash on Delivery
ORD004781,2036-02-02,Sports,Headphones,31052.62,5,155263.1,Delhi,4.8,Wallet
ORD004782,2036-02-03,Sports,Lipstick,25400.99,8,203207.92,Delhi,4.7,Credit Card
ORD004783,2036-02-04,Beauty,Lipstick,42721.0,6,256326.0,Indore,4.8,UPI
ORD004784,2036-02-05,Fashion,Smartphone,35580.15,4,142320.6,Chennai,4.8,UPI
ORD004785,2036-02-06,Electronics,Mixer,44532.98,5,222664.9,Mumbai,3.8,UPI
ORD004786,2036-02-07,Fashion,T-shirt,14439.39,7,101075.73,Indore,4.7,UPI
ORD004787,2036-02-08,Sports,Pressure Cooker,17732.31,8,141858.48,Bangalore,4.1,Wallet
ORD004788,2036-02-09,Fashion,Smartphone,31286.59,5,156432.95,Chennai,3.1,UPI
ORD004789,2036-02-10,Beauty,Headphones,48339.99,2,96679.98,Pune,4.3,Wallet
ORD004790,2036-02-11,Electronics,Cricket Bat,18893.31,6,113359.86,Hyderabad,3.9,Cash on Delivery
ORD004791,2036-02-12,Beauty,Cricket Bat,2098.54,9,18886.86,Ahmedabad,3.6,Wallet
ORD004792,2036-02-13,Electronics,Football,22571.45,3,67714.35,Delhi,4.9,Cash on Delivery
ORD004793,2036-02-14,Sports,Pressure Cooker,27424.51,7,191971.57,Pune,3.1,Cash on Delivery
ORD004794,2036-02-15,Electronics,Pressure Cooker,40148.88,8,321191.04,Bangalore,4.9,Credit Card
ORD004795,2036-02-16,Electronics,Pressure Cooker,36565.72,6,219394.32,Hyderabad,3.3,Credit Card
ORD004796,2036-02-17,Electronics,Jeans,48250.8,3,144752.4,Mumbai,3.8,Credit Card
ORD004797,2036-02-18,Fashion,Face Cream,39242.8,1,39242.8,Bangalore,3.8,Credit Card
ORD004798,2036-02-19,Fashion,Lipstick,15282.11,3,45846.33,Pune,4.5,UPI
ORD004799,2036-02-20,Sports,Saree,32248.33,6,193489.98,Chennai,3.4,Credit Card
ORD004800,2036-02-21,Electronics,T-shirt,33775.94,4,135103.76,Indore,5.0,UPI
ORD004801,2036-02-22,Home & Kitchen,Saree,49902.02,1,49902.02,Hyderabad,4.5,UPI
ORD004802,2036-02-23,Sports,Jeans,7367.53,6,44205.18,Bangalore,4.6,UPI
ORD004803,2036-02-24,Electronics,Mixer,9970.61,1,9970.61,Indore,3.2,Cash on Delivery
ORD004804,2036-02-25,Electronics,Cricket Bat,8197.93,8,65583.44,Indore,4.0,Cash on Delivery
ORD004805,2036-02-26,Fashion,Lipstick,29658.48,3,88975.44,Indore,4.9,UPI
ORD004806,2036-02-27,Sports,Pressure Cooker,7197.4,3,21592.2,Chennai,3.5,Credit Card
ORD004807,2036-02-28,Electronics,Headphones,32972.38,1,32972.38,Delhi,3.3,UPI
ORD004808,2036-02-29,Electronics,Headphones,40286.82,3,120860.46,Bangalore,4.0,Cash on Delivery
ORD004809,2036-03-01,Sports,Headphones,21923.25,7,153462.75,Indore,4.9,Credit Card
ORD004810,2036-03-02,Home & Kitchen,T-shirt,28253.91,8,226031.28,Delhi,4.0,Cash on Delivery
ORD004811,2036-03-03,Sports,Pressure Cooker,45679.74,8,365437.92,Indore,3.8,Credit Card
ORD004812,2036-03-04,Sports,Lipstick,28693.51,3,86080.53,Hyderabad,4.3,Cash on Delivery
ORD004813,2036-03-05,Home & Kitchen,Cricket Bat,10825.97,5,54129.85,Pune,4.9,UPI
ORD004814,2036-03-06,Sports,Saree,17488.09,1,17488.09,Hyderabad,3.1,Wallet
ORD004815,2036-03-07,Electronics,Pressure Cooker,26727.37,9,240546.33,Hyderabad,3.3,Wallet
ORD004816,2036-03-08,Sports,Pressure Cooker,8167.44,8,65339.52,Delhi,3.3,Cash on Delivery
ORD004817,2036-03-09,Home & Kitchen,Football,30819.73,2,61639.46,Delhi,3.2,Credit Card
ORD004818,2036-03-10,Beauty,Jeans,49962.68,1,49962.68,Indore,3.6,Cash on Delivery
ORD004819,2036-03-11,Sports,Mixer,32800.48,4,131201.92,Chennai,3.5,Wallet
ORD004820,2036-03-12,Fashion,Headphones,18934.35,9,170409.15,Bangalore,4.1,Credit Card
ORD004821,2036-03-13,Electronics,Smartphone,16921.45,8,135371.6,Chennai,3.7,Cash on Delivery
ORD004822,2036-03-14,Electronics,Football,46614.36,3,139843.08,Pune,3.8,Wallet
ORD004823,2036-03-15,Fashion,Lipstick,43639.96,6,261839.76,Delhi,4.9,Cash on Delivery
ORD004824,2036-03-16,Fashion,Jeans,23881.75,9,214935.75,Pune,3.3,UPI
ORD004825,2036-03-17,Sports,Mixer,17994.02,8,143952.16,Bangalore,3.8,Credit Card
ORD004826,2036-03-18,Fashion,Face Cream,35667.98,5,178339.9,Ahmedabad,3.5,Credit Card
ORD004827,2036-03-19,Beauty,Mixer,16067.87,9,144610.83,Pune,4.1,UPI
ORD004828,2036-03-20,Home & Kitchen,Laptop,6410.46,9,57694.14,Pune,4.5,Wallet
ORD004829,2036-03-21,Fashion,Headphones,15852.53,3,47557.59,Hyderabad,4.6,Cash on Delivery
ORD004830,2036-03-22,Fashion,Laptop,21997.65,8,175981.2,Chennai,4.0,Wallet
ORD004831,2036-03-23,Beauty,Jeans,13142.86,4,52571.44,Pune,4.7,Credit Card
ORD004832,2036-03-24,Electronics,Football,11232.28,7,78625.96,Chennai,4.6,Wallet
ORD004833,2036-03-25,Electronics,Mixer,803.94,8,6431.52,Chennai,3.3,Credit Card
ORD004834,2036-03-26,Sports,Smartphone,31726.72,7,222087.04,Delhi,3.5,Credit Card
ORD004835,2036-03-27,Beauty,Lipstick,30915.22,5,154576.1,Bangalore,4.3,UPI
ORD004836,2036-03-28,Home & Kitchen,Laptop,9807.25,1,9807.25,Ahmedabad,4.9,UPI
ORD004837,2036-03-29,Home & Kitchen,Mixer,47210.68,8,377685.44,Hyderabad,3.8,Credit Card
ORD004838,2036-03-30,Beauty,Lipstick,20773.76,5,103868.8,Delhi,3.5,Cash on Delivery
ORD004839,2036-03-31,Home & Kitchen,Face Cream,1761.23,3,5283.69,Hyderabad,4.7,Cash on Delivery
ORD004840,2036-04-01,Electronics,Headphones,11378.71,2,22757.42,Pune,3.4,UPI
ORD004841,2036-04-02,Home & Kitchen,Saree,34757.34,3,104272.02,Mumbai,4.4,Cash on Delivery
ORD004842,2036-04-03,Home & Kitchen,Football,10480.18,9,94321.62,Mumbai,3.1,UPI
ORD004843,2036-04-04,Beauty,Lipstick,3168.67,2,6337.34,Ahmedabad,3.0,Credit Card
ORD004844,2036-04-05,Beauty,Mixer,31076.46,1,31076.46,Ahmedabad,3.9,Credit Card
ORD004845,2036-04-06,Home & Kitchen,Football,26158.56,2,52317.12,Hyderabad,4.3,Credit Card
ORD004846,2036-04-07,Fashion,Jeans,38182.66,2,76365.32,Mumbai,3.3,UPI
ORD004847,2036-04-08,Beauty,Laptop,38745.25,5,193726.25,Bangalore,4.5,Cash on Delivery
ORD004848,2036-04-09,Sports,Laptop,48016.8,1,48016.8,Pune,3.3,Credit Card
ORD004849,2036-04-10,Sports,Cricket Bat,3322.37,8,26578.96,Pune,4.1,Wallet
ORD004850,2036-04-11,Electronics,Mixer,2429.98,2,4859.96,Bangalore,3.6,Cash on Delivery
ORD004851,2036-04-12,Home & Kitchen,Cricket Bat,49366.25,6,296197.5,Pune,4.5,Cash on Delivery
ORD004852,2036-04-13,Fashion,Face Cream,32419.97,5,162099.85,Delhi,4.6,UPI
ORD004853,2036-04-14,Electronics,Smartphone,35910.84,2,71821.68,Hyderabad,3.1,UPI
ORD004854,2036-04-15,Home & Kitchen,Smartphone,5275.86,1,5275.86,Pune,3.4,Cash on Delivery
ORD004855,2036-04-16,Beauty,Mixer,3955.73,6,23734.38,Delhi,4.8,Cash on Delivery
ORD004856,2036-04-17,Sports,Laptop,8432.55,6,50595.3,Bangalore,3.8,Credit Card
ORD004857,2036-04-18,Fashion,Headphones,21646.18,3,64938.54,Ahmedabad,4.0,Credit Card
ORD004858,2036-04-19,Sports,T-shirt,5953.72,8,47629.76,Pune,3.3,Wallet
ORD004859,2036-04-20,Beauty,Smartphone,22593.52,9,203341.68,Bangalore,5.0,Credit Card
ORD004860,2036-04-21,Home & Kitchen,Laptop,28296.03,3,84888.09,Bangalore,4.8,Cash on Delivery
ORD004861,2036-04-22,Beauty,Pressure Cooker,516.48,9,4648.32,Ahmedabad,3.0,UPI
ORD004862,2036-04-23,Beauty,Pressure Cooker,6155.16,8,49241.28,Chennai,4.1,Wallet
ORD004863,2036-04-24,Sports,Cricket Bat,19072.16,5,95360.8,Ahmedabad,4.7,Cash on Delivery
ORD004864,2036-04-25,Fashion,Lipstick,3139.82,6,18838.92,Mumbai,3.9,Wallet
ORD004865,2036-04-26,Beauty,Football,7109.68,1,7109.68,Delhi,3.9,Wallet
ORD004866,2036-04-27,Sports,Headphones,11973.92,5,59869.6,Delhi,3.8,Wallet
ORD004867,2036-04-28,Fashion,Cricket Bat,21765.27,7,152356.89,Pune,3.1,Credit Card
ORD004868,2036-04-29,Home & Kitchen,Pressure Cooker,35884.44,1,35884.44,Pune,4.6,Credit Card
ORD004869,2036-04-30,Home & Kitchen,Headphones,7068.09,9,63612.81,Bangalore,3.9,UPI
ORD004870,2036-05-01,Electronics,T-shirt,37028.95,7,259202.65,Ahmedabad,4.1,Cash on Delivery
ORD004871,2036-05-02,Sports,Lipstick,42825.51,4,171302.04,Pune,3.5,Wallet
ORD004872,2036-05-03,Fashion,Cricket Bat,32748.2,4,130992.8,Chennai,4.6,Credit Card
ORD004873,2036-05-04,Beauty,Pressure Cooker,2664.42,7,18650.94,Delhi,4.6,UPI
ORD004874,2036-05-05,Home & Kitchen,Face Cream,22312.36,6,133874.16,Indore,4.1,Credit Card
ORD004875,2036-05-06,Fashion,Smartphone,33173.27,3,99519.81,Delhi,4.8,UPI
ORD004876,2036-05-07,Sports,Smartphone,48936.4,9,440427.6,Chennai,3.2,Cash on Delivery
ORD004877,2036-05-08,Electronics,Cricket Bat,47614.52,6,285687.12,Bangalore,4.6,Wallet
ORD004878,2036-05-09,Home & Kitchen,Face Cream,20087.31,2,40174.62,Chennai,4.1,UPI
ORD004879,2036-05-10,Fashion,T-shirt,30988.59,2,61977.18,Mumbai,3.5,Wallet
ORD004880,2036-05-11,Fashion,T-shirt,44595.35,1,44595.35,Ahmedabad,3.3,Cash on Delivery
ORD004881,2036-05-12,Fashion,Mixer,41636.79,5,208183.95,Ahmedabad,3.6,Cash on Delivery
ORD004882,2036-05-13,Sports,Face Cream,24231.38,6,145388.28,Delhi,4.7,Credit Card
ORD004883,2036-05-14,Sports,Lipstick,13431.45,3,40294.35,Mumbai,4.6,Cash on Delivery
ORD004884,2036-05-15,Sports,Laptop,7286.45,4,29145.8,Delhi,4.3,Wallet
ORD004885,2036-05-16,Beauty,T-shirt,24655.02,5,123275.1,Mumbai,3.2,Credit Card
ORD004886,2036-05-17,Fashion,Lipstick,36280.87,4,145123.48,Delhi,4.9,Wallet
ORD004887,2036-05-18,Home & Kitchen,T-shirt,48503.6,9,436532.4,Indore,3.6,Credit Card
ORD004888,2036-05-19,Sports,Mixer,43159.84,3,129479.52,Bangalore,4.2,Wallet
ORD004889,2036-05-20,Sports,Saree,10609.93,5,53049.65,Indore,4.6,Cash on Delivery
ORD004890,2036-05-21,Fashion,Football,36129.02,7,252903.14,Hyderabad,3.3,UPI
ORD004891,2036-05-22,Sports,T-shirt,14810.51,7,103673.57,Chennai,4.3,Cash on Delivery
ORD004892,2036-05-23,Beauty,Football,34331.89,6,205991.34,Delhi,3.1,Wallet
ORD004893,2036-05-24,Beauty,Face Cream,33457.37,9,301116.33,Chennai,3.2,Cash on Delivery
ORD004894,2036-05-25,Sports,Lipstick,13985.31,7,97897.17,Delhi,4.4,UPI
ORD004895,2036-05-26,Fashion,Face Cream,12102.24,4,48408.96,Hyderabad,3.3,Wallet
ORD004896,2036-05-27,Fashion,Mixer,5644.92,9,50804.28,Bangalore,3.9,Wallet
ORD004897,2036-05-28,Fashion,Mixer,3001.71,6,18010.26,Bangalore,3.5,Credit Card
ORD004898,2036-05-29,Electronics,Face Cream,42993.33,1,42993.33,Chennai,3.8,Credit Card
ORD004899,2036-05-30,Sports,Lipstick,2967.55,9,26707.95,Indore,3.2,Cash on Delivery
ORD004900,2036-05-31,Fashion,Lipstick,4892.69,7,34248.83,Hyderabad,4.5,UPI
ORD004901,2036-06-01,Beauty,Smartphone,12323.18,6,73939.08,Chennai,3.2,UPI
ORD004902,2036-06-02,Home & Kitchen,Face Cream,44439.09,6,266634.54,Bangalore,4.7,UPI
ORD004903,2036-06-03,Home & Kitchen,Saree,16980.55,4,67922.2,Mumbai,4.3,UPI
ORD004904,2036-06-04,Fashion,Mixer,9994.08,4,39976.32,Chennai,3.8,Wallet
ORD004905,2036-06-05,Home & Kitchen,Smartphone,35920.0,3,107760.0,Delhi,4.7,Cash on Delivery
ORD004906,2036-06-06,Home & Kitchen,Headphones,16293.95,8,130351.6,Ahmedabad,3.4,Wallet
ORD004907,2036-06-07,Electronics,Cricket Bat,17001.65,8,136013.2,Pune,3.5,Cash on Delivery
ORD004908,2036-06-08,Beauty,Cricket Bat,37079.34,2,74158.68,Bangalore,3.3,Credit Card
ORD004909,2036-06-09,Beauty,Mixer,12956.81,5,64784.05,Ahmedabad,3.8,UPI
ORD004910,2036-06-10,Electronics,Smartphone,44889.62,9,404006.58,Delhi,5.0,Cash on Delivery
ORD004911,2036-06-11,Electronics,Saree,28290.37,9,254613.33,Ahmedabad,3.3,Wallet
ORD004912,2036-06-12,Home & Kitchen,Face Cream,27122.67,7,189858.69,Hyderabad,4.7,Wallet
ORD004913,2036-06-13,Sports,Saree,13605.24,4,54420.96,Indore,4.3,Wallet
ORD004914,2036-06-14,Home & Kitchen,Headphones,41837.17,4,167348.68,Indore,3.0,Wallet
ORD004915,2036-06-15,Electronics,Mixer,28851.1,7,201957.7,Bangalore,4.9,Cash on Delivery
ORD004916,2036-06-16,Beauty,T-shirt,8198.07,3,24594.21,Bangalore,4.9,UPI
ORD004917,2036-06-17,Home & Kitchen,Headphones,10711.76,3,32135.28,Indore,4.8,Wallet
ORD004918,2036-06-18,Sports,Smartphone,23678.67,5,118393.35,Chennai,4.0,UPI
ORD004919,2036-06-19,Home & Kitchen,T-shirt,39092.27,6,234553.62,Pune,3.4,Credit Card
ORD004920,2036-06-20,Fashion,Football,46995.12,8,375960.96,Indore,3.8,UPI
ORD004921,2036-06-21,Home & Kitchen,Face Cream,33343.18,1,33343.18,Indore,4.2,Credit Card
ORD004922,2036-06-22,Electronics,Cricket Bat,25554.09,7,178878.63,Chennai,3.8,Credit Card
ORD004923,2036-06-23,Beauty,Jeans,12911.23,8,103289.84,Ahmedabad,4.4,UPI
ORD004924,2036-06-24,Beauty,Cricket Bat,33806.96,5,169034.8,Delhi,4.6,UPI
ORD004925,2036-06-25,Electronics,Football,49120.87,2,98241.74,Chennai,3.4,Cash on Delivery
ORD004926,2036-06-26,Fashion,Face Cream,24073.01,4,96292.04,Mumbai,3.8,Wallet
ORD004927,2036-06-27,Electronics,Mixer,8526.02,6,51156.12,Bangalore,4.9,UPI
ORD004928,2036-06-28,Home & Kitchen,Lipstick,5615.36,9,50538.24,Indore,3.5,UPI
ORD004929,2036-06-29,Electronics,Cricket Bat,13828.18,2,27656.36,Pune,3.7,Credit Card
ORD004930,2036-06-30,Electronics,Pressure Cooker,28687.38,4,114749.52,Hyderabad,3.1,UPI
ORD004931,2036-07-01,Fashion,Football,47366.86,5,236834.3,Ahmedabad,3.7,Wallet
ORD004932,2036-07-02,Home & Kitchen,Cricket Bat,15308.67,8,122469.36,Bangalore,3.7,Cash on Delivery
ORD004933,2036-07-03,Sports,Cricket Bat,15616.86,8,124934.88,Pune,3.2,Wallet
ORD004934,2036-07-04,Sports,Cricket Bat,24318.39,2,48636.78,Indore,3.0,Wallet
ORD004935,2036-07-05,Beauty,Face Cream,45967.85,6,275807.1,Delhi,4.2,Cash on Delivery
ORD004936,2036-07-06,Electronics,Cricket Bat,21243.23,6,127459.38,Indore,3.6,UPI
ORD004937,2036-07-07,Beauty,T-shirt,11549.85,5,57749.25,Ahmedabad,3.0,UPI
ORD004938,2036-07-08,Fashion,Football,8574.98,8,68599.84,Pune,4.7,Credit Card
ORD004939,2036-07-09,Sports,T-shirt,23122.26,2,46244.52,Chennai,4.2,UPI
ORD004940,2036-07-10,Electronics,Cricket Bat,40133.53,2,80267.06,Bangalore,3.3,Credit Card
ORD004941,2036-07-11,Fashion,Laptop,14921.94,7,104453.58,Chennai,4.7,UPI
ORD004942,2036-07-12,Fashion,Laptop,25869.87,9,232828.83,Indore,3.5,Credit Card
ORD004943,2036-07-13,Electronics,T-shirt,30348.91,3,91046.73,Delhi,3.5,Cash on Delivery
ORD004944,2036-07-14,Fashion,Jeans,22798.29,7,159588.03,Pune,4.8,UPI
ORD004945,2036-07-15,Electronics,Lipstick,9988.67,3,29966.01,Chennai,3.4,UPI
ORD004946,2036-07-16,Electronics,Headphones,46126.41,6,276758.46,Hyderabad,4.8,Wallet
ORD004947,2036-07-17,Home & Kitchen,Pressure Cooker,28489.74,3,85469.22,Indore,4.6,Credit Card
ORD004948,2036-07-18,Beauty,Pressure Cooker,36592.15,1,36592.15,Delhi,3.6,Credit Card
ORD004949,2036-07-19,Fashion,Cricket Bat,31984.13,6,191904.78,Bangalore,3.1,Wallet
ORD004950,2036-07-20,Fashion,Jeans,49903.38,3,149710.14,Pune,3.2,UPI
ORD004951,2036-07-21,Home & Kitchen,Laptop,23087.35,1,23087.35,Ahmedabad,3.2,Credit Card
ORD004952,2036-07-22,Home & Kitchen,Laptop,21536.13,5,107680.65,Bangalore,4.8,UPI
ORD004953,2036-07-23,Home & Kitchen,Jeans,18326.92,8,146615.36,Hyderabad,3.8,Cash on Delivery
ORD004954,2036-07-24,Sports,Lipstick,18400.61,8,147204.88,Mumbai,3.1,Credit Card
ORD004955,2036-07-25,Sports,T-shirt,14150.63,8,113205.04,Ahmedabad,4.1,UPI
ORD004956,2036-07-26,Sports,Lipstick,49041.19,3,147123.57,Chennai,3.4,Cash on Delivery
ORD004957,2036-07-27,Electronics,Mixer,43603.71,8,348829.68,Indore,3.5,UPI
ORD004958,2036-07-28,Fashion,Mixer,16175.31,4,64701.24,Bangalore,3.3,UPI
ORD004959,2036-07-29,Beauty,Laptop,15608.84,8,124870.72,Indore,4.5,Cash on Delivery
ORD004960,2036-07-30,Electronics,Headphones,5624.93,3,16874.79,Hyderabad,3.0,Credit Card
ORD004961,2036-07-31,Fashion,Mixer,43913.03,3,131739.09,Ahmedabad,3.9,Wallet
ORD004962,2036-08-01,Fashion,Face Cream,18902.42,1,18902.42,Ahmedabad,3.2,Wallet
ORD004963,2036-08-02,Home & Kitchen,Laptop,28844.46,8,230755.68,Chennai,4.1,Cash on Delivery
ORD004964,2036-08-03,Home & Kitchen,Cricket Bat,45068.7,8,360549.6,Delhi,3.7,UPI
ORD004965,2036-08-04,Electronics,Saree,20700.98,9,186308.82,Indore,3.1,Wallet
ORD004966,2036-08-05,Home & Kitchen,Saree,40439.97,6,242639.82,Hyderabad,3.9,Cash on Delivery
ORD004967,2036-08-06,Fashion,Smartphone,21799.14,2,43598.28,Pune,4.1,Wallet
ORD004968,2036-08-07,Home & Kitchen,Cricket Bat,35196.58,1,35196.58,Delhi,3.5,UPI
ORD004969,2036-08-08,Sports,Saree,21843.63,8,174749.04,Pune,4.5,Cash on Delivery
ORD004970,2036-08-09,Home & Kitchen,Lipstick,19941.58,4,79766.32,Delhi,3.7,Credit Card
ORD004971,2036-08-10,Fashion,Smartphone,49540.11,7,346780.77,Ahmedabad,4.5,Cash on Delivery
ORD004972,2036-08-11,Electronics,Laptop,30811.32,4,123245.28,Ahmedabad,4.2,Cash on Delivery
ORD004973,2036-08-12,Beauty,Jeans,18685.86,1,18685.86,Delhi,4.7,Wallet
ORD004974,2036-08-13,Home & Kitchen,Jeans,13262.06,8,106096.48,Chennai,4.1,Wallet
ORD004975,2036-08-14,Fashion,Laptop,2468.44,9,22215.96,Mumbai,3.4,Credit Card
ORD004976,2036-08-15,Beauty,Headphones,35475.03,9,319275.27,Indore,4.6,Wallet
ORD004977,2036-08-16,Beauty,Laptop,18921.79,9,170296.11,Ahmedabad,4.6,Wallet
ORD004978,2036-08-17,Sports,T-shirt,41152.08,4,164608.32,Delhi,4.9,Wallet
ORD004979,2036-08-18,Beauty,Jeans,18511.49,9,166603.41,Bangalore,3.2,UPI
ORD004980,2036-08-19,Fashion,Saree,18979.8,4,75919.2,Ahmedabad,4.2,Cash on Delivery
ORD004981,2036-08-20,Fashion,Pressure Cooker,39069.46,2,78138.92,Chennai,4.0,Wallet
ORD004982,2036-08-21,Home & Kitchen,Smartphone,24728.6,3,74185.8,Chennai,4.3,UPI
ORD004983,2036-08-22,Home & Kitchen,Headphones,44302.29,2,88604.58,Delhi,5.0,Cash on Delivery
ORD004984,2036-08-23,Home & Kitchen,Football,29711.72,1,29711.72,Bangalore,4.1,Credit Card
ORD004985,2036-08-24,Beauty,Mixer,12411.92,6,74471.52,Hyderabad,4.4,Cash on Delivery
ORD004986,2036-08-25,Beauty,Cricket Bat,28629.46,4,114517.84,Chennai,3.7,UPI
ORD004987,2036-08-26,Sports,Headphones,698.08,7,4886.56,Delhi,3.6,UPI
ORD004988,2036-08-27,Home & Kitchen,Mixer,15963.67,7,111745.69,Indore,3.7,Credit Card
ORD004989,2036-08-28,Electronics,Headphones,10793.64,1,10793.64,Ahmedabad,3.1,UPI
ORD004990,2036-08-29,Sports,Pressure Cooker,32882.3,9,295940.7,Delhi,3.6,Credit Card
ORD004991,2036-08-30,Electronics,Face Cream,7233.91,8,57871.28,Indore,3.3,Credit Card
ORD004992,2036-08-31,Beauty,Headphones,14859.82,1,14859.82,Indore,3.9,UPI
ORD004993,2036-09-01,Sports,Saree,16899.77,8,135198.16,Mumbai,3.9,UPI
ORD004994,2036-09-02,Sports,Laptop,663.01,5,3315.05,Mumbai,4.5,Wallet
ORD004995,2036-09-03,Fashion,T-shirt,2814.95,1,2814.95,Pune,4.0,Wallet
ORD004996,2036-09-04,Beauty,Smartphone,15900.74,4,63602.96,Ahmedabad,3.9,Credit Card
ORD004997,2036-09-05,Beauty,Jeans,11506.64,7,80546.48,Hyderabad,3.5,UPI
ORD004998,2036-09-06,Sports,Mixer,6286.88,5,31434.4,Ahmedabad,4.7,Wallet
ORD004999,2036-09-07,Beauty,Face Cream,8131.0,3,24393.0,Hyderabad,3.2,Wallet
ORD005000,2036-09-08,Sports,Smartphone,41859.08,4,167436.32,Indore,5.0,Wallet
ORD005001,2036-09-09,Fashion,Headphones,34324.32,2,68648.64,Hyderabad,4.0,Wallet
ORD005002,2036-09-10,Sports,Laptop,24463.82,8,195710.56,Pune,3.4,Credit Card
ORD005003,2036-09-11,Beauty,Smartphone,45489.3,2,90978.6,Hyderabad,3.7,Cash on Delivery
ORD005004,2036-09-12,Beauty,Laptop,1962.86,6,11777.16,Ahmedabad,3.0,UPI
ORD005005,2036-09-13,Sports,Mixer,17574.28,7,123019.96,Delhi,3.3,UPI
ORD005006,2036-09-14,Sports,Saree,41257.49,7,288802.43,Delhi,3.7,Wallet
ORD005007,2036-09-15,Sports,Saree,31600.31,1,31600.31,Delhi,4.1,Credit Card
ORD005008,2036-09-16,Home & Kitchen,Laptop,49093.53,8,392748.24,Bangalore,3.3,Cash on Delivery
ORD005009,2036-09-17,Beauty,Laptop,47253.49,9,425281.41,Indore,4.4,Cash on Delivery
ORD005010,2036-09-18,Beauty,T-shirt,8912.15,7,62385.05,Hyderabad,4.7,UPI
ORD005011,2036-09-19,Home & Kitchen,Cricket Bat,48613.36,8,388906.88,Bangalore,4.1,Credit Card
ORD005012,2036-09-20,Sports,Face Cream,47303.97,4,189215.88,Chennai,3.6,Credit Card
ORD005013,2036-09-21,Fashion,T-shirt,18993.74,8,151949.92,Indore,3.2,UPI
ORD005014,2036-09-22,Sports,Smartphone,49152.57,3,147457.71,Pune,3.0,Cash on Delivery
ORD005015,2036-09-23,Sports,Lipstick,2274.29,1,2274.29,Chennai,4.5,Credit Card
ORD005016,2036-09-24,Home & Kitchen,T-shirt,33207.15,8,265657.2,Delhi,4.3,Wallet
ORD005017,2036-09-25,Beauty,Smartphone,13674.32,6,82045.92,Chennai,4.0,Credit Card
ORD005018,2036-09-26,Sports,Jeans,6908.42,9,62175.78,Delhi,3.2,UPI
ORD005019,2036-09-27,Beauty,Smartphone,29087.98,3,87263.94,Pune,3.4,UPI
ORD005020,2036-09-28,Electronics,Smartphone,15664.34,8,125314.72,Indore,4.6,Wallet
ORD005021,2036-09-29,Beauty,Football,33507.85,9,301570.65,Indore,4.0,Cash on Delivery
ORD005022,2036-09-30,Fashion,Laptop,27229.06,9,245061.54,Pune,4.9,Cash on Delivery
ORD005023,2036-10-01,Fashion,Pressure Cooker,19933.18,7,139532.26,Pune,5.0,Wallet
ORD005024,2036-10-02,Sports,Headphones,9500.2,3,28500.6,Ahmedabad,4.6,Credit Card
ORD005025,2036-10-03,Beauty,Laptop,30261.88,3,90785.64,Hyderabad,3.5,UPI
ORD005026,2036-10-04,Sports,Face Cream,41546.92,2,83093.84,Bangalore,3.5,Wallet
ORD005027,2036-10-05,Home & Kitchen,Laptop,30200.22,1,30200.22,Delhi,3.5,UPI
ORD005028,2036-10-06,Fashion,Face Cream,30720.87,2,61441.74,Mumbai,5.0,UPI
ORD005029,2036-10-07,Sports,Face Cream,25835.95,5,129179.75,Pune,3.7,Wallet
ORD005030,2036-10-08,Home & Kitchen,Pressure Cooker,19717.89,1,19717.89,Mumbai,4.4,Cash on Delivery
ORD005031,2036-10-09,Sports,Pressure Cooker,23144.17,4,92576.68,Ahmedabad,4.9,Cash on Delivery
ORD005032,2036-10-10,Beauty,Headphones,49482.32,1,49482.32,Hyderabad,4.6,Wallet
ORD005033,2036-10-11,Beauty,Football,37608.59,8,300868.72,Pune,4.2,Wallet
ORD005034,2036-10-12,Beauty,Lipstick,21812.69,5,109063.45,Bangalore,3.3,Credit Card
ORD005035,2036-10-13,Beauty,Football,23136.17,4,92544.68,Delhi,3.3,Wallet
ORD005036,2036-10-14,Electronics,Face Cream,25231.78,3,75695.34,Ahmedabad,4.0,UPI
ORD005037,2036-10-15,Home & Kitchen,Jeans,33136.05,9,298224.45,Hyderabad,4.9,Cash on Delivery
ORD005038,2036-10-16,Home & Kitchen,T-shirt,23564.93,6,141389.58,Bangalore,4.8,UPI
ORD005039,2036-10-17,Beauty,Smartphone,34465.87,1,34465.87,Mumbai,3.3,Cash on Delivery
ORD005040,2036-10-18,Electronics,Face Cream,16794.8,8,134358.4,Delhi,3.6,UPI
ORD005041,2036-10-19,Beauty,T-shirt,20826.66,2,41653.32,Bangalore,4.2,Wallet
ORD005042,2036-10-20,Electronics,Football,43270.63,9,389435.67,Chennai,4.0,Wallet
ORD005043,2036-10-21,Beauty,Saree,16780.83,7,117465.81,Delhi,3.2,Credit Card
ORD005044,2036-10-22,Fashion,Mixer,48239.62,3,144718.86,Chennai,3.7,Cash on Delivery
ORD005045,2036-10-23,Fashion,Lipstick,9038.99,4,36155.96,Indore,4.9,Wallet
ORD005046,2036-10-24,Sports,Mixer,12463.15,3,37389.45,Indore,4.9,Cash on Delivery
ORD005047,2036-10-25,Beauty,Smartphone,23452.15,6,140712.9,Indore,4.1,Wallet
ORD005048,2036-10-26,Home & Kitchen,Pressure Cooker,39971.73,9,359745.57,Hyderabad,4.3,Credit Card
ORD005049,2036-10-27,Sports,Smartphone,36712.99,9,330416.91,Bangalore,3.4,Wallet
ORD005050,2036-10-28,Fashion,Jeans,9136.07,1,9136.07,Ahmedabad,4.5,Wallet
ORD005051,2036-10-29,Beauty,T-shirt,12215.91,6,73295.46,Ahmedabad,3.1,Credit Card
ORD005052,2036-10-30,Sports,Face Cream,28975.52,1,28975.52,Indore,3.4,UPI
ORD005053,2036-10-31,Beauty,Headphones,15110.65,4,60442.6,Pune,3.0,Cash on Delivery
ORD005054,2036-11-01,Fashion,Football,21405.1,7,149835.7,Bangalore,3.8,UPI
ORD005055,2036-11-02,Sports,Football,24586.41,4,98345.64,Bangalore,4.7,UPI
ORD005056,2036-11-03,Fashion,Cricket Bat,29915.18,9,269236.62,Bangalore,5.0,UPI
ORD005057,2036-11-04,Electronics,Face Cream,12927.04,5,64635.2,Delhi,4.3,Cash on Delivery
ORD005058,2036-11-05,Fashion,Cricket Bat,8575.44,9,77178.96,Pune,4.5,Credit Card
ORD005059,2036-11-06,Beauty,Headphones,20228.89,1,20228.89,Chennai,3.5,Wallet
ORD005060,2036-11-07,Home & Kitchen,Pressure Cooker,4560.3,4,18241.2,Chennai,4.0,Wallet
ORD005061,2036-11-08,Fashion,Cricket Bat,26574.88,7,186024.16,Hyderabad,4.5,UPI
ORD005062,2036-11-09,Home & Kitchen,Pressure Cooker,42060.46,2,84120.92,Indore,4.0,Cash on Delivery
ORD005063,2036-11-10,Electronics,Laptop,6389.3,9,57503.7,Hyderabad,3.2,UPI
ORD005064,2036-11-11,Sports,Jeans,6080.16,3,18240.48,Ahmedabad,4.5,Credit Card
ORD005065,2036-11-12,Sports,Face Cream,4470.78,4,17883.12,Bangalore,3.4,Wallet
ORD005066,2036-11-13,Home & Kitchen,Lipstick,42469.13,4,169876.52,Mumbai,3.2,Wallet
ORD005067,2036-11-14,Sports,T-shirt,4494.89,8,35959.12,Mumbai,4.0,Wallet
ORD005068,2036-11-15,Fashion,T-shirt,49181.37,2,98362.74,Pune,3.1,Wallet
ORD005069,2036-11-16,Home & Kitchen,Lipstick,18237.4,5,91187.0,Bangalore,4.3,Credit Card
ORD005070,2036-11-17,Beauty,Smartphone,16773.73,2,33547.46,Indore,4.3,Cash on Delivery
ORD005071,2036-11-18,Fashion,Smartphone,5035.77,6,30214.62,Chennai,3.5,Cash on Delivery
ORD005072,2036-11-19,Fashion,Mixer,29489.24,9,265403.16,Hyderabad,4.9,Credit Card
ORD005073,2036-11-20,Fashion,Smartphone,29501.17,9,265510.53,Ahmedabad,4.6,Wallet
ORD005074,2036-11-21,Beauty,Pressure Cooker,24943.39,1,24943.39,Delhi,3.2,Cash on Delivery
ORD005075,2036-11-22,Electronics,Headphones,15895.5,4,63582.0,Mumbai,4.5,Credit Card
ORD005076,2036-11-23,Sports,Laptop,18744.75,4,74979.0,Pune,3.7,UPI
ORD005077,2036-11-24,Home & Kitchen,Lipstick,16364.92,1,16364.92,Hyderabad,4.5,Credit Card
ORD005078,2036-11-25,Electronics,Pressure Cooker,21594.25,2,43188.5,Mumbai,4.6,Wallet
ORD005079,2036-11-26,Home & Kitchen,Pressure Cooker,17418.51,6,104511.06,Chennai,3.3,Wallet
ORD005080,2036-11-27,Sports,Mixer,33938.11,3,101814.33,Chennai,4.3,Wallet
ORD005081,2036-11-28,Beauty,Pressure Cooker,15141.43,9,136272.87,Bangalore,4.7,UPI
ORD005082,2036-11-29,Fashion,Football,17866.49,3,53599.47,Ahmedabad,3.6,Cash on Delivery
ORD005083,2036-11-30,Fashion,Football,22055.26,3,66165.78,Bangalore,3.2,Wallet
ORD005084,2036-12-01,Beauty,Jeans,696.11,9,6264.99,Mumbai,3.1,UPI
ORD005085,2036-12-02,Electronics,Smartphone,24858.09,3,74574.27,Mumbai,3.2,Credit Card
ORD005086,2036-12-03,Electronics,T-shirt,13163.08,6,78978.48,Hyderabad,3.0,Cash on Delivery
ORD005087,2036-12-04,Home & Kitchen,Football,3279.45,6,19676.7,Ahmedabad,3.7,Cash on Delivery
ORD005088,2036-12-05,Beauty,Jeans,45595.55,1,45595.55,Bangalore,3.6,Credit Card
ORD005089,2036-12-06,Electronics,Laptop,16459.73,7,115218.11,Pune,3.2,Cash on Delivery
ORD005090,2036-12-07,Beauty,Football,21591.22,9,194320.98,Pune,4.3,Credit Card
ORD005091,2036-12-08,Sports,Laptop,41453.49,9,373081.41,Chennai,5.0,UPI
ORD005092,2036-12-09,Fashion,Laptop,8756.05,9,78804.45,Ahmedabad,4.8,Wallet
ORD005093,2036-12-10,Fashion,Face Cream,42590.29,2,85180.58,Indore,3.5,UPI
ORD005094,2036-12-11,Fashion,Smartphone,12461.08,1,12461.08,Hyderabad,4.5,Wallet
ORD005095,2036-12-12,Beauty,Pressure Cooker,29657.38,6,177944.28,Ahmedabad,4.9,Cash on Delivery
ORD005096,2036-12-13,Beauty,Laptop,34441.08,6,206646.48,Hyderabad,4.8,Credit Card
ORD005097,2036-12-14,Home & Kitchen,Lipstick,45298.19,4,181192.76,Delhi,4.8,Credit Card
ORD005098,2036-12-15,Fashion,T-shirt,30578.08,8,244624.64,Pune,4.6,UPI
ORD005099,2036-12-16,Home & Kitchen,Pressure Cooker,22934.97,5,114674.85,Indore,3.6,UPI
ORD005100,2036-12-17,Fashion,Mixer,28827.33,7,201791.31,Ahmedabad,3.2,Cash on Delivery
ORD005101,2036-12-18,Home & Kitchen,Smartphone,10503.08,9,94527.72,Ahmedabad,4.0,Credit Card
ORD005102,2036-12-19,Home & Kitchen,Headphones,34609.18,1,34609.18,Chennai,3.1,Wallet
ORD005103,2036-12-20,Sports,Jeans,9750.6,9,87755.4,Hyderabad,5.0,Cash on Delivery
ORD005104,2036-12-21,Home & Kitchen,Saree,28083.76,4,112335.04,Indore,3.7,Cash on Delivery
ORD005105,2036-12-22,Beauty,Jeans,32556.38,7,227894.66,Delhi,4.9,Cash on Delivery
ORD005106,2036-12-23,Home & Kitchen,Laptop,44979.87,4,179919.48,Indore,4.5,Credit Card
ORD005107,2036-12-24,Fashion,T-shirt,22784.4,4,91137.6,Bangalore,3.8,UPI
ORD005108,2036-12-25,Home & Kitchen,Mixer,38878.99,4,155515.96,Chennai,3.2,Credit Card
ORD005109,2036-12-26,Electronics,Football,8792.76,6,52756.56,Bangalore,3.5,Wallet
ORD005110,2036-12-27,Fashion,Pressure Cooker,8231.73,5,41158.65,Delhi,4.3,Credit Card
ORD005111,2036-12-28,Electronics,Lipstick,26477.5,2,52955.0,Pune,4.7,Wallet
ORD005112,2036-12-29,Fashion,Cricket Bat,30018.87,9,270169.83,Chennai,5.0,Wallet
ORD005113,2036-12-30,Beauty,Jeans,31800.88,6,190805.28,Mumbai,3.3,Wallet
ORD005114,2036-12-31,Beauty,Cricket Bat,37410.87,6,224465.22,Mumbai,3.3,Credit Card
ORD005115,2037-01-01,Beauty,Pressure Cooker,15099.11,9,135891.99,Mumbai,3.1,Wallet
ORD005116,2037-01-02,Electronics,T-shirt,31319.08,1,31319.08,Indore,3.5,Wallet
ORD005117,2037-01-03,Sports,Cricket Bat,9812.89,7,68690.23,Hyderabad,4.6,Cash on Delivery
ORD005118,2037-01-04,Fashion,Jeans,11340.39,3,34021.17,Indore,3.4,Cash on Delivery
ORD005119,2037-01-05,Beauty,Headphones,3831.79,4,15327.16,Indore,4.1,Credit Card
ORD005120,2037-01-06,Fashion,Saree,37476.53,1,37476.53,Indore,3.9,Cash on Delivery
ORD005121,2037-01-07,Electronics,Cricket Bat,25596.15,3,76788.45,Indore,3.7,Cash on Delivery
ORD005122,2037-01-08,Sports,Headphones,12290.19,7,86031.33,Pune,4.2,UPI
ORD005123,2037-01-09,Electronics,Headphones,28033.77,6,168202.62,Mumbai,4.0,Credit Card
ORD005124,2037-01-10,Fashion,Laptop,18034.89,1,18034.89,Hyderabad,3.7,Credit Card
ORD005125,2037-01-11,Sports,Saree,41941.89,9,377477.01,Ahmedabad,4.4,Cash on Delivery
ORD005126,2037-01-12,Sports,Lipstick,26643.32,4,106573.28,Hyderabad,3.6,Credit Card
ORD005127,2037-01-13,Electronics,Face Cream,1975.63,7,13829.41,Delhi,4.3,Credit Card
ORD005128,2037-01-14,Beauty,Jeans,49262.22,4,197048.88,Mumbai,4.9,Credit Card
ORD005129,2037-01-15,Fashion,Mixer,4177.78,7,29244.46,Chennai,4.5,Credit Card
ORD005130,2037-01-16,Home & Kitchen,Pressure Cooker,34949.93,5,174749.65,Ahmedabad,3.8,Cash on Delivery
ORD005131,2037-01-17,Home & Kitchen,Mixer,22144.16,1,22144.16,Ahmedabad,4.5,UPI
ORD005132,2037-01-18,Electronics,Cricket Bat,12841.23,4,51364.92,Indore,4.6,Cash on Delivery
ORD005133,2037-01-19,Fashion,Saree,33984.68,3,101954.04,Hyderabad,3.7,UPI
ORD005134,2037-01-20,Fashion,Cricket Bat,6731.92,6,40391.52,Delhi,4.4,Credit Card
ORD005135,2037-01-21,Electronics,Saree,42983.21,6,257899.26,Hyderabad,3.9,Wallet
ORD005136,2037-01-22,Fashion,Jeans,12905.29,1,12905.29,Chennai,4.6,Credit Card
ORD005137,2037-01-23,Beauty,Pressure Cooker,18391.96,2,36783.92,Chennai,3.6,Credit Card
ORD005138,2037-01-24,Electronics,Pressure Cooker,31815.86,2,63631.72,Mumbai,4.9,Wallet
ORD005139,2037-01-25,Beauty,Jeans,550.95,4,2203.8,Pune,4.1,Credit Card
ORD005140,2037-01-26,Fashion,Lipstick,23901.06,9,215109.54,Hyderabad,3.7,Credit Card
ORD005141,2037-01-27,Electronics,Headphones,44765.32,2,89530.64,Pune,3.8,Wallet
ORD005142,2037-01-28,Fashion,Saree,34180.57,8,273444.56,Chennai,3.7,Credit Card
ORD005143,2037-01-29,Electronics,Smartphone,19701.07,1,19701.07,Ahmedabad,3.3,Credit Card
ORD005144,2037-01-30,Fashion,Smartphone,33191.01,8,265528.08,Bangalore,3.1,UPI
ORD005145,2037-01-31,Beauty,Headphones,46860.19,3,140580.57,Chennai,3.6,Cash on Delivery
ORD005146,2037-02-01,Beauty,Face Cream,9796.36,5,48981.8,Chennai,3.9,Credit Card
ORD005147,2037-02-02,Fashion,Cricket Bat,26824.5,1,26824.5,Ahmedabad,3.7,Credit Card
ORD005148,2037-02-03,Electronics,Saree,12119.51,1,12119.51,Hyderabad,3.0,Credit Card
ORD005149,2037-02-04,Home & Kitchen,Face Cream,42784.12,6,256704.72,Indore,4.2,UPI
ORD005150,2037-02-05,Beauty,T-shirt,36191.99,3,108575.97,Ahmedabad,3.3,Credit Card
ORD005151,2037-02-06,Beauty,Pressure Cooker,40153.26,8,321226.08,Chennai,3.4,Cash on Delivery
ORD005152,2037-02-07,Home & Kitchen,Football,47179.09,4,188716.36,Delhi,3.2,Wallet
ORD005153,2037-02-08,Fashion,Mixer,11999.28,6,71995.68,Indore,4.0,UPI
ORD005154,2037-02-09,Electronics,T-shirt,2911.6,9,26204.4,Ahmedabad,3.2,Wallet
ORD005155,2037-02-10,Fashion,Mixer,14899.73,8,119197.84,Chennai,3.5,UPI
ORD005156,2037-02-11,Sports,Pressure Cooker,20257.4,4,81029.6,Bangalore,3.9,Credit Card
ORD005157,2037-02-12,Beauty,Smartphone,31445.41,8,251563.28,Chennai,3.3,UPI
ORD005158,2037-02-13,Sports,Face Cream,39986.38,7,279904.66,Mumbai,3.9,Credit Card
ORD005159,2037-02-14,Beauty,Jeans,17815.26,5,89076.3,Hyderabad,3.7,Wallet
ORD005160,2037-02-15,Beauty,Lipstick,23938.1,7,167566.7,Bangalore,4.7,Wallet
ORD005161,2037-02-16,Sports,Laptop,39380.63,7,275664.41,Delhi,4.6,Cash on Delivery
ORD005162,2037-02-17,Sports,Cricket Bat,11653.77,2,23307.54,Pune,5.0,Cash on Delivery
ORD005163,2037-02-18,Fashion,Headphones,11248.03,7,78736.21,Ahmedabad,4.1,UPI
ORD005164,2037-02-19,Sports,Smartphone,29667.03,3,89001.09,Chennai,4.2,UPI
ORD005165,2037-02-20,Fashion,Jeans,22084.81,8,176678.48,Chennai,4.9,Credit Card
ORD005166,2037-02-21,Fashion,Face Cream,47470.39,8,379763.12,Pune,3.8,Wallet
ORD005167,2037-02-22,Fashion,Jeans,18173.01,9,163557.09,Pune,4.1,Wallet
ORD005168,2037-02-23,Beauty,Mixer,38098.0,4,152392.0,Ahmedabad,3.8,UPI
ORD005169,2037-02-24,Beauty,Football,29363.09,3,88089.27,Pune,4.1,Wallet
ORD005170,2037-02-25,Sports,Football,3201.52,9,28813.68,Ahmedabad,3.2,Cash on Delivery
ORD005171,2037-02-26,Beauty,Jeans,4677.08,9,42093.72,Delhi,4.6,UPI
ORD005172,2037-02-27,Sports,Saree,10556.25,2,21112.5,Pune,5.0,Cash on Delivery
ORD005173,2037-02-28,Beauty,Cricket Bat,7586.05,6,45516.3,Chennai,3.1,Credit Card
ORD005174,2037-03-01,Electronics,Laptop,16803.89,3,50411.67,Pune,4.6,Cash on Delivery
ORD005175,2037-03-02,Electronics,Smartphone,29159.95,5,145799.75,Mumbai,3.5,UPI
ORD005176,2037-03-03,Sports,Saree,30316.95,2,60633.9,Indore,3.4,Cash on Delivery
ORD005177,2037-03-04,Beauty,Smartphone,29594.51,4,118378.04,Indore,4.4,Cash on Delivery
ORD005178,2037-03-05,Beauty,Lipstick,6321.63,3,18964.89,Bangalore,3.1,UPI
ORD005179,2037-03-06,Fashion,Laptop,30211.16,2,60422.32,Ahmedabad,3.9,Credit Card
ORD005180,2037-03-07,Home & Kitchen,Jeans,20782.47,6,124694.82,Chennai,3.0,Cash on Delivery
ORD005181,2037-03-08,Sports,Lipstick,45201.11,3,135603.33,Delhi,4.1,UPI
ORD005182,2037-03-09,Home & Kitchen,Mixer,45643.22,4,182572.88,Pune,3.9,Cash on Delivery
ORD005183,2037-03-10,Home & Kitchen,Face Cream,38524.6,6,231147.6,Delhi,4.8,Cash on Delivery
ORD005184,2037-03-11,Sports,Lipstick,35303.8,5,176519.0,Bangalore,4.4,Wallet
ORD005185,2037-03-12,Beauty,T-shirt,6190.16,4,24760.64,Mumbai,3.3,Cash on Delivery
ORD005186,2037-03-13,Sports,Mixer,4692.36,4,18769.44,Bangalore,3.7,Credit Card
ORD005187,2037-03-14,Home & Kitchen,Laptop,42121.27,2,84242.54,Chennai,4.9,Cash on Delivery
ORD005188,2037-03-15,Beauty,Cricket Bat,21637.28,4,86549.12,Indore,4.5,UPI
ORD005189,2037-03-16,Electronics,T-shirt,22842.43,8,182739.44,Mumbai,4.2,UPI
ORD005190,2037-03-17,Sports,Smartphone,42465.76,5,212328.8,Mumbai,4.1,Wallet
ORD005191,2037-03-18,Sports,Headphones,31260.83,8,250086.64,Ahmedabad,3.8,Wallet
ORD005192,2037-03-19,Beauty,Headphones,9380.66,6,56283.96,Delhi,4.2,Cash on Delivery
ORD005193,2037-03-20,Electronics,T-shirt,10945.15,5,54725.75,Mumbai,4.5,Wallet
ORD005194,2037-03-21,Electronics,Cricket Bat,815.67,4,3262.68,Ahmedabad,3.3,Credit Card
ORD005195,2037-03-22,Beauty,Saree,35678.17,9,321103.53,Ahmedabad,4.9,Wallet
ORD005196,2037-03-23,Fashion,Headphones,24537.78,5,122688.9,Chennai,3.5,UPI
ORD005197,2037-03-24,Sports,T-shirt,47523.21,6,285139.26,Pune,3.9,Wallet
ORD005198,2037-03-25,Sports,Laptop,35843.63,7,250905.41,Chennai,3.0,Credit Card
ORD005199,2037-03-26,Home & Kitchen,Pressure Cooker,5606.06,1,5606.06,Pune,4.1,Credit Card
ORD005200,2037-03-27,Beauty,Cricket Bat,8496.3,9,76466.7,Chennai,3.8,Wallet
ORD005201,2037-03-28,Home & Kitchen,Cricket Bat,25335.37,8,202682.96,Indore,3.5,Wallet
ORD005202,2037-03-29,Home & Kitchen,Saree,46281.27,5,231406.35,Hyderabad,5.0,Wallet
ORD005203,2037-03-30,Electronics,Mixer,12738.93,3,38216.79,Mumbai,3.9,UPI
ORD005204,2037-03-31,Sports,Jeans,41366.22,5,206831.1,Mumbai,3.8,UPI
ORD005205,2037-04-01,Home & Kitchen,Headphones,15957.48,5,79787.4,Chennai,3.9,Credit Card
ORD005206,2037-04-02,Electronics,Jeans,13859.91,9,124739.19,Pune,3.2,Wallet
ORD005207,2037-04-03,Beauty,Jeans,45118.94,7,315832.58,Delhi,3.8,Cash on Delivery
ORD005208,2037-04-04,Home & Kitchen,Football,2838.46,2,5676.92,Indore,3.7,Credit Card
ORD005209,2037-04-05,Sports,Football,33206.68,5,166033.4,Mumbai,3.9,UPI
ORD005210,2037-04-06,Home & Kitchen,Laptop,2636.79,9,23731.11,Ahmedabad,4.7,Credit Card
ORD005211,2037-04-07,Beauty,Smartphone,40137.81,2,80275.62,Hyderabad,3.4,UPI
ORD005212,2037-04-08,Home & Kitchen,Jeans,41555.52,8,332444.16,Mumbai,4.2,Cash on Delivery
ORD005213,2037-04-09,Sports,Cricket Bat,44721.15,3,134163.45,Bangalore,3.1,Wallet
ORD005214,2037-04-10,Electronics,Football,9711.46,4,38845.84,Hyderabad,3.6,Wallet
ORD005215,2037-04-11,Sports,Saree,6662.66,2,13325.32,Delhi,3.9,Wallet
ORD005216,2037-04-12,Electronics,Saree,25424.98,9,228824.82,Hyderabad,3.1,Cash on Delivery
ORD005217,2037-04-13,Fashion,Football,13945.81,6,83674.86,Hyderabad,4.1,Cash on Delivery
ORD005218,2037-04-14,Sports,Pressure Cooker,30511.72,9,274605.48,Mumbai,3.6,Cash on Delivery
ORD005219,2037-04-15,Sports,Smartphone,25930.49,8,207443.92,Hyderabad,5.0,Cash on Delivery
ORD005220,2037-04-16,Beauty,Mixer,7670.18,9,69031.62,Chennai,4.3,UPI
ORD005221,2037-04-17,Home & Kitchen,Cricket Bat,37093.89,5,185469.45,Indore,3.5,Credit Card
ORD005222,2037-04-18,Electronics,Cricket Bat,40287.33,6,241723.98,Hyderabad,3.2,Cash on Delivery
ORD005223,2037-04-19,Electronics,Pressure Cooker,48170.63,7,337194.41,Mumbai,3.1,UPI
ORD005224,2037-04-20,Beauty,Lipstick,20079.17,5,100395.85,Chennai,3.2,Credit Card
ORD005225,2037-04-21,Beauty,Face Cream,17217.88,1,17217.88,Delhi,4.4,Credit Card
ORD005226,2037-04-22,Home & Kitchen,Pressure Cooker,10017.0,9,90153.0,Ahmedabad,4.7,Cash on Delivery
ORD005227,2037-04-23,Home & Kitchen,Jeans,9452.82,2,18905.64,Bangalore,3.3,Cash on Delivery
ORD005228,2037-04-24,Sports,T-shirt,16392.14,7,114744.98,Hyderabad,3.8,Credit Card
ORD005229,2037-04-25,Fashion,Football,49099.93,8,392799.44,Chennai,3.7,Credit Card
ORD005230,2037-04-26,Home & Kitchen,Saree,5066.8,8,40534.4,Chennai,4.3,UPI
ORD005231,2037-04-27,Beauty,Football,13338.63,1,13338.63,Delhi,3.4,Cash on Delivery
ORD005232,2037-04-28,Home & Kitchen,Pressure Cooker,4755.93,7,33291.51,Delhi,4.9,Credit Card
ORD005233,2037-04-29,Electronics,Jeans,14044.75,9,126402.75,Bangalore,4.5,Credit Card
ORD005234,2037-04-30,Fashion,Headphones,5073.87,3,15221.61,Bangalore,4.9,Wallet
ORD005235,2037-05-01,Sports,Smartphone,25661.29,8,205290.32,Mumbai,3.6,Cash on Delivery
ORD005236,2037-05-02,Electronics,Cricket Bat,22198.6,8,177588.8,Bangalore,4.2,UPI
ORD005237,2037-05-03,Electronics,Football,9115.49,9,82039.41,Bangalore,4.5,UPI
ORD005238,2037-05-04,Fashion,Lipstick,9152.99,8,73223.92,Pune,4.4,Wallet
ORD005239,2037-05-05,Sports,Football,31492.4,5,157462.0,Ahmedabad,3.0,Cash on Delivery
ORD005240,2037-05-06,Beauty,Smartphone,19662.51,5,98312.55,Ahmedabad,5.0,UPI
ORD005241,2037-05-07,Sports,Jeans,3281.65,3,9844.95,Chennai,4.9,Wallet
ORD005242,2037-05-08,Home & Kitchen,Football,46049.53,6,276297.18,Hyderabad,3.2,UPI
ORD005243,2037-05-09,Electronics,Mixer,20545.15,3,61635.45,Pune,4.1,UPI
ORD005244,2037-05-10,Home & Kitchen,Face Cream,29756.85,2,59513.7,Pune,3.6,Wallet
ORD005245,2037-05-11,Beauty,Headphones,44327.89,7,310295.23,Pune,4.8,Credit Card
ORD005246,2037-05-12,Home & Kitchen,Jeans,20406.87,3,61220.61,Hyderabad,4.4,Credit Card
ORD005247,2037-05-13,Sports,T-shirt,41122.67,4,164490.68,Indore,3.4,UPI
ORD005248,2037-05-14,Home & Kitchen,Laptop,45780.24,8,366241.92,Bangalore,3.1,Cash on Delivery
ORD005249,2037-05-15,Beauty,Jeans,9116.34,1,9116.34,Pune,3.6,Cash on Delivery
ORD005250,2037-05-16,Beauty,Face Cream,44678.38,9,402105.42,Indore,3.1,Cash on Delivery
ORD005251,2037-05-17,Beauty,Pressure Cooker,6431.71,6,38590.26,Indore,3.3,Wallet
ORD005252,2037-05-18,Sports,Jeans,14118.81,2,28237.62,Mumbai,4.3,UPI
ORD005253,2037-05-19,Beauty,Pressure Cooker,40506.47,3,121519.41,Mumbai,4.5,Wallet
ORD005254,2037-05-20,Electronics,Mixer,45083.89,5,225419.45,Hyderabad,3.9,Cash on Delivery
ORD005255,2037-05-21,Beauty,Cricket Bat,34364.87,6,206189.22,Delhi,4.2,Wallet
ORD005256,2037-05-22,Home & Kitchen,Saree,5688.88,9,51199.92,Chennai,3.3,Credit Card
ORD005257,2037-05-23,Home & Kitchen,Laptop,26388.12,2,52776.24,Bangalore,3.6,Cash on Delivery
ORD005258,2037-05-24,Home & Kitchen,Mixer,28845.39,5,144226.95,Chennai,4.4,Cash on Delivery
ORD005259,2037-05-25,Sports,Face Cream,14452.06,7,101164.42,Pune,3.7,Credit Card
ORD005260,2037-05-26,Home & Kitchen,Pressure Cooker,49569.14,7,346983.98,Bangalore,3.7,Credit Card
ORD005261,2037-05-27,Sports,Saree,17113.58,4,68454.32,Bangalore,3.4,UPI
ORD005262,2037-05-28,Sports,Football,10907.61,3,32722.83,Ahmedabad,4.2,Wallet
ORD005263,2037-05-29,Beauty,T-shirt,5951.73,8,47613.84,Indore,4.6,UPI
ORD005264,2037-05-30,Electronics,Smartphone,19235.81,2,38471.62,Hyderabad,3.9,UPI
ORD005265,2037-05-31,Beauty,Laptop,34784.63,5,173923.15,Chennai,3.2,UPI
ORD005266,2037-06-01,Beauty,Lipstick,11955.15,5,59775.75,Chennai,4.7,UPI
ORD005267,2037-06-02,Sports,Mixer,38592.44,1,38592.44,Delhi,3.1,Credit Card
ORD005268,2037-06-03,Sports,Smartphone,7202.36,7,50416.52,Delhi,3.9,Credit Card
ORD005269,2037-06-04,Home & Kitchen,Smartphone,22303.16,4,89212.64,Chennai,3.5,Wallet
ORD005270,2037-06-05,Home & Kitchen,Face Cream,35267.5,2,70535.0,Delhi,4.9,Wallet
ORD005271,2037-06-06,Beauty,Jeans,7197.82,8,57582.56,Delhi,4.5,Wallet
ORD005272,2037-06-07,Fashion,Football,30093.19,4,120372.76,Bangalore,4.1,Credit Card
ORD005273,2037-06-08,Fashion,Jeans,40048.15,1,40048.15,Ahmedabad,4.3,Cash on Delivery
ORD005274,2037-06-09,Home & Kitchen,Lipstick,29979.67,8,239837.36,Hyderabad,4.1,Cash on Delivery
ORD005275,2037-06-10,Fashion,Lipstick,25817.46,7,180722.22,Ahmedabad,3.3,Wallet
ORD005276,2037-06-11,Home & Kitchen,Pressure Cooker,41995.83,3,125987.49,Pune,4.4,Cash on Delivery
ORD005277,2037-06-12,Sports,Lipstick,49278.31,3,147834.93,Bangalore,4.0,UPI
ORD005278,2037-06-13,Beauty,Smartphone,9474.99,7,66324.93,Indore,4.3,Wallet
ORD005279,2037-06-14,Electronics,Pressure Cooker,34721.64,2,69443.28,Delhi,3.1,Cash on Delivery
ORD005280,2037-06-15,Beauty,Saree,4492.55,5,22462.75,Bangalore,3.3,UPI
ORD005281,2037-06-16,Home & Kitchen,Face Cream,2620.63,7,18344.41,Bangalore,4.2,UPI
ORD005282,2037-06-17,Home & Kitchen,Cricket Bat,14400.54,6,86403.24,Mumbai,3.9,UPI
ORD005283,2037-06-18,Beauty,Cricket Bat,48560.53,7,339923.71,Bangalore,3.5,UPI
ORD005284,2037-06-19,Home & Kitchen,Face Cream,27833.68,2,55667.36,Bangalore,3.5,Cash on Delivery
ORD005285,2037-06-20,Fashion,Cricket Bat,13779.43,7,96456.01,Hyderabad,4.3,Credit Card
ORD005286,2037-06-21,Fashion,Laptop,7063.01,2,14126.02,Chennai,3.1,UPI
ORD005287,2037-06-22,Home & Kitchen,Laptop,46049.08,7,322343.56,Ahmedabad,3.9,Wallet
ORD005288,2037-06-23,Home & Kitchen,Lipstick,18437.15,8,147497.2,Ahmedabad,4.0,Cash on Delivery
ORD005289,2037-06-24,Fashion,Cricket Bat,15681.51,8,125452.08,Mumbai,3.6,UPI
ORD005290,2037-06-25,Home & Kitchen,T-shirt,42969.19,5,214845.95,Mumbai,4.6,Wallet
ORD005291,2037-06-26,Home & Kitchen,Jeans,30417.94,7,212925.58,Mumbai,3.1,UPI
ORD005292,2037-06-27,Beauty,Football,8847.49,8,70779.92,Indore,4.7,Credit Card
ORD005293,2037-06-28,Electronics,T-shirt,21364.77,4,85459.08,Mumbai,4.4,UPI
ORD005294,2037-06-29,Fashion,Cricket Bat,46447.44,2,92894.88,Hyderabad,3.9,Credit Card
ORD005295,2037-06-30,Beauty,Cricket Bat,45109.58,7,315767.06,Chennai,4.8,Wallet
ORD005296,2037-07-01,Electronics,Jeans,3970.43,1,3970.43,Indore,4.4,Cash on Delivery
ORD005297,2037-07-02,Home & Kitchen,Cricket Bat,13796.35,2,27592.7,Hyderabad,4.9,UPI
ORD005298,2037-07-03,Home & Kitchen,Mixer,8149.7,7,57047.9,Mumbai,3.9,Credit Card
ORD005299,2037-07-04,Beauty,Smartphone,26923.68,1,26923.68,Chennai,3.9,Wallet
ORD005300,2037-07-05,Home & Kitchen,Pressure Cooker,37624.17,7,263369.19,Ahmedabad,4.1,UPI
ORD005301,2037-07-06,Sports,Jeans,15129.39,5,75646.95,Hyderabad,3.1,UPI
ORD005302,2037-07-07,Beauty,Cricket Bat,38020.81,3,114062.43,Chennai,4.8,UPI
ORD005303,2037-07-08,Electronics,Laptop,33601.42,2,67202.84,Indore,4.3,Credit Card
ORD005304,2037-07-09,Beauty,Laptop,36547.0,7,255829.0,Hyderabad,4.2,Cash on Delivery
ORD005305,2037-07-10,Fashion,Smartphone,47438.06,9,426942.54,Pune,4.9,Wallet
ORD005306,2037-07-11,Beauty,Laptop,21518.29,9,193664.61,Chennai,5.0,Credit Card
ORD005307,2037-07-12,Home & Kitchen,Pressure Cooker,17457.12,8,139656.96,Ahmedabad,3.3,Cash on Delivery
ORD005308,2037-07-13,Home & Kitchen,Headphones,34350.44,2,68700.88,Hyderabad,4.5,Wallet
ORD005309,2037-07-14,Sports,Face Cream,40474.08,1,40474.08,Mumbai,4.2,Credit Card
ORD005310,2037-07-15,Sports,Headphones,9976.54,8,79812.32,Mumbai,3.9,Credit Card
ORD005311,2037-07-16,Sports,Headphones,42416.58,2,84833.16,Mumbai,5.0,Cash on Delivery
ORD005312,2037-07-17,Electronics,Smartphone,3363.7,4,13454.8,Indore,4.7,Wallet
ORD005313,2037-07-18,Sports,Smartphone,816.49,4,3265.96,Pune,4.4,Cash on Delivery
ORD005314,2037-07-19,Electronics,Football,8342.14,2,16684.28,Hyderabad,3.8,Cash on Delivery
ORD005315,2037-07-20,Sports,Pressure Cooker,48944.03,4,195776.12,Chennai,4.3,Credit Card
ORD005316,2037-07-21,Electronics,Jeans,26416.49,7,184915.43,Chennai,4.1,Cash on Delivery
ORD005317,2037-07-22,Beauty,Lipstick,2805.09,6,16830.54,Delhi,3.5,UPI
ORD005318,2037-07-23,Beauty,Headphones,49860.2,6,299161.2,Bangalore,3.9,UPI
ORD005319,2037-07-24,Home & Kitchen,Laptop,37373.11,4,149492.44,Ahmedabad,3.4,UPI
ORD005320,2037-07-25,Electronics,T-shirt,41981.25,2,83962.5,Pune,4.0,UPI
ORD005321,2037-07-26,Fashion,Lipstick,11040.56,5,55202.8,Pune,4.4,Wallet
ORD005322,2037-07-27,Home & Kitchen,Pressure Cooker,5719.75,3,17159.25,Mumbai,3.1,Cash on Delivery
ORD005323,2037-07-28,Beauty,Jeans,25996.7,3,77990.1,Mumbai,4.5,Cash on Delivery
ORD005324,2037-07-29,Electronics,Football,38722.7,4,154890.8,Mumbai,3.0,UPI
ORD005325,2037-07-30,Sports,Laptop,32070.14,5,160350.7,Delhi,4.0,Wallet
ORD005326,2037-07-31,Fashion,Cricket Bat,31737.44,2,63474.88,Delhi,4.1,Cash on Delivery
ORD005327,2037-08-01,Beauty,Jeans,37976.26,6,227857.56,Delhi,4.5,UPI
ORD005328,2037-08-02,Home & Kitchen,Headphones,11737.53,6,70425.18,Mumbai,4.5,Credit Card
ORD005329,2037-08-03,Electronics,Headphones,33245.2,8,265961.6,Chennai,3.8,Cash on Delivery
ORD005330,2037-08-04,Fashion,Cricket Bat,19909.48,2,39818.96,Mumbai,3.1,Credit Card
ORD005331,2037-08-05,Electronics,Pressure Cooker,3952.8,8,31622.4,Pune,4.4,Cash on Delivery
ORD005332,2037-08-06,Sports,Saree,10506.06,8,84048.48,Delhi,4.0,Cash on Delivery
ORD005333,2037-08-07,Home & Kitchen,Jeans,39803.19,4,159212.76,Delhi,3.7,Cash on Delivery
ORD005334,2037-08-08,Electronics,Cricket Bat,44848.57,7,313939.99,Bangalore,3.5,Credit Card
ORD005335,2037-08-09,Beauty,Pressure Cooker,14499.68,7,101497.76,Hyderabad,3.2,Wallet
ORD005336,2037-08-10,Home & Kitchen,Pressure Cooker,9922.87,1,9922.87,Bangalore,3.6,Credit Card
ORD005337,2037-08-11,Beauty,Football,1822.86,1,1822.86,Bangalore,3.9,UPI
ORD005338,2037-08-12,Electronics,Smartphone,47411.02,8,379288.16,Mumbai,4.0,Wallet
ORD005339,2037-08-13,Home & Kitchen,Jeans,34350.82,1,34350.82,Hyderabad,4.2,Credit Card
ORD005340,2037-08-14,Beauty,Laptop,47872.99,3,143618.97,Pune,3.7,Credit Card
ORD005341,2037-08-15,Sports,Saree,43260.53,6,259563.18,Hyderabad,4.8,UPI
ORD005342,2037-08-16,Sports,Mixer,17353.1,8,138824.8,Ahmedabad,4.0,Credit Card
ORD005343,2037-08-17,Electronics,T-shirt,6077.81,5,30389.05,Mumbai,3.8,Wallet
ORD005344,2037-08-18,Home & Kitchen,Jeans,25203.31,5,126016.55,Ahmedabad,3.1,Credit Card
ORD005345,2037-08-19,Fashion,Lipstick,1827.28,4,7309.12,Chennai,4.2,Wallet
ORD005346,2037-08-20,Home & Kitchen,Pressure Cooker,7920.87,4,31683.48,Indore,4.2,UPI
ORD005347,2037-08-21,Sports,Smartphone,12054.92,7,84384.44,Pune,4.2,Wallet
ORD005348,2037-08-22,Beauty,Cricket Bat,33449.51,6,200697.06,Mumbai,4.8,Credit Card
ORD005349,2037-08-23,Fashion,Headphones,25738.93,8,205911.44,Chennai,4.5,UPI
ORD005350,2037-08-24,Electronics,Cricket Bat,15469.77,6,92818.62,Pune,4.7,Wallet
ORD005351,2037-08-25,Fashion,Cricket Bat,28456.04,7,199192.28,Chennai,3.1,Wallet
ORD005352,2037-08-26,Electronics,Saree,6697.53,5,33487.65,Hyderabad,3.6,Cash on Delivery
ORD005353,2037-08-27,Fashion,Jeans,37907.55,6,227445.3,Mumbai,3.6,Cash on Delivery
ORD005354,2037-08-28,Electronics,Cricket Bat,35745.74,1,35745.74,Mumbai,4.3,Credit Card
ORD005355,2037-08-29,Electronics,Saree,11216.88,3,33650.64,Hyderabad,3.9,Cash on Delivery
ORD005356,2037-08-30,Fashion,Mixer,30516.38,8,244131.04,Bangalore,4.6,Credit Card
ORD005357,2037-08-31,Fashion,Laptop,25413.48,3,76240.44,Mumbai,3.8,UPI
ORD005358,2037-09-01,Electronics,Mixer,3510.41,1,3510.41,Indore,3.4,Wallet
ORD005359,2037-09-02,Sports,Jeans,14268.62,3,42805.86,Pune,3.6,UPI
ORD005360,2037-09-03,Fashion,Headphones,49974.39,4,199897.56,Indore,3.4,UPI
ORD005361,2037-09-04,Home & Kitchen,Mixer,5427.02,8,43416.16,Delhi,3.4,Cash on Delivery
ORD005362,2037-09-05,Beauty,Saree,25567.36,9,230106.24,Delhi,3.4,Wallet
ORD005363,2037-09-06,Electronics,Saree,42542.02,4,170168.08,Mumbai,3.0,UPI
ORD005364,2037-09-07,Electronics,T-shirt,15382.27,7,107675.89,Ahmedabad,4.4,Wallet
ORD005365,2037-09-08,Beauty,Pressure Cooker,13405.08,1,13405.08,Chennai,3.8,Wallet
ORD005366,2037-09-09,Sports,Lipstick,44594.26,9,401348.34,Indore,3.0,UPI
ORD005367,2037-09-10,Beauty,Lipstick,15589.08,4,62356.32,Indore,3.7,Wallet
ORD005368,2037-09-11,Fashion,Jeans,32748.92,9,294740.28,Hyderabad,4.8,Credit Card
ORD005369,2037-09-12,Beauty,Face Cream,37145.49,3,111436.47,Pune,4.0,Wallet
ORD005370,2037-09-13,Electronics,Pressure Cooker,39536.58,5,197682.9,Indore,5.0,Credit Card
ORD005371,2037-09-14,Beauty,T-shirt,49740.6,1,49740.6,Chennai,4.1,Credit Card
ORD005372,2037-09-15,Home & Kitchen,Smartphone,40258.01,3,120774.03,Delhi,4.9,Credit Card
ORD005373,2037-09-16,Fashion,Football,33022.1,5,165110.5,Delhi,3.4,UPI
ORD005374,2037-09-17,Beauty,Cricket Bat,44825.45,6,268952.7,Pune,3.6,Credit Card
ORD005375,2037-09-18,Electronics,Mixer,45334.36,8,362674.88,Hyderabad,4.4,Wallet
ORD005376,2037-09-19,Fashion,Pressure Cooker,48671.74,1,48671.74,Delhi,5.0,Cash on Delivery
ORD005377,2037-09-20,Electronics,Cricket Bat,38935.03,3,116805.09,Pune,4.7,Cash on Delivery
ORD005378,2037-09-21,Sports,Smartphone,10148.9,1,10148.9,Bangalore,4.1,Cash on Delivery
ORD005379,2037-09-22,Home & Kitchen,Headphones,35635.4,5,178177.0,Delhi,3.2,Credit Card
ORD005380,2037-09-23,Sports,T-shirt,4218.86,8,33750.88,Indore,3.7,UPI
ORD005381,2037-09-24,Home & Kitchen,Cricket Bat,16239.16,4,64956.64,Ahmedabad,3.2,Credit Card
ORD005382,2037-09-25,Beauty,Football,6232.47,9,56092.23,Chennai,3.6,Cash on Delivery
ORD005383,2037-09-26,Fashion,T-shirt,47522.16,6,285132.96,Chennai,3.5,Wallet
ORD005384,2037-09-27,Beauty,T-shirt,17268.33,6,103609.98,Ahmedabad,3.8,Credit Card
ORD005385,2037-09-28,Home & Kitchen,Pressure Cooker,35804.17,5,179020.85,Bangalore,4.7,Cash on Delivery
ORD005386,2037-09-29,Home & Kitchen,Saree,28780.26,5,143901.3,Pune,3.3,Wallet
ORD005387,2037-09-30,Home & Kitchen,Laptop,5821.81,7,40752.67,Ahmedabad,3.6,UPI
ORD005388,2037-10-01,Electronics,Jeans,28286.55,8,226292.4,Chennai,3.5,Wallet
ORD005389,2037-10-02,Fashion,Lipstick,33220.67,7,232544.69,Pune,3.6,UPI
ORD005390,2037-10-03,Beauty,T-shirt,44135.1,1,44135.1,Chennai,3.7,Wallet
ORD005391,2037-10-04,Beauty,Football,3969.24,1,3969.24,Pune,3.5,UPI
ORD005392,2037-10-05,Sports,Pressure Cooker,15133.88,6,90803.28,Chennai,4.9,UPI
ORD005393,2037-10-06,Home & Kitchen,Pressure Cooker,34770.88,3,104312.64,Ahmedabad,3.8,UPI
ORD005394,2037-10-07,Home & Kitchen,Cricket Bat,2199.42,9,19794.78,Mumbai,3.2,Credit Card
ORD005395,2037-10-08,Home & Kitchen,Cricket Bat,10575.9,7,74031.3,Bangalore,3.9,Wallet
ORD005396,2037-10-09,Beauty,Mixer,11324.18,2,22648.36,Pune,3.4,UPI
ORD005397,2037-10-10,Sports,T-shirt,33631.66,3,100894.98,Bangalore,3.4,Wallet
ORD005398,2037-10-11,Electronics,Laptop,14655.05,8,117240.4,Delhi,3.6,Credit Card
ORD005399,2037-10-12,Fashion,Jeans,30179.99,1,30179.99,Indore,3.2,Cash on Delivery
ORD005400,2037-10-13,Electronics,Jeans,48284.75,5,241423.75,Bangalore,4.4,Cash on Delivery
ORD005401,2037-10-14,Beauty,Face Cream,39765.53,1,39765.53,Ahmedabad,4.6,UPI
ORD005402,2037-10-15,Home & Kitchen,Headphones,16978.69,9,152808.21,Pune,3.8,Credit Card
ORD005403,2037-10-16,Fashion,Headphones,23883.8,7,167186.6,Hyderabad,4.4,Wallet
ORD005404,2037-10-17,Beauty,Mixer,10433.36,5,52166.8,Bangalore,3.8,UPI
ORD005405,2037-10-18,Beauty,Lipstick,1278.14,6,7668.84,Pune,3.3,Cash on Delivery
ORD005406,2037-10-19,Beauty,Headphones,14840.91,3,44522.73,Hyderabad,3.8,Credit Card
ORD005407,2037-10-20,Fashion,Smartphone,18785.73,3,56357.19,Chennai,4.1,Cash on Delivery
ORD005408,2037-10-21,Fashion,Mixer,28436.18,7,199053.26,Indore,3.1,Credit Card
ORD005409,2037-10-22,Sports,Jeans,47231.3,7,330619.1,Pune,4.3,Cash on Delivery
ORD005410,2037-10-23,Sports,Jeans,47418.68,7,331930.76,Hyderabad,4.5,UPI
ORD005411,2037-10-24,Electronics,Face Cream,3969.87,2,7939.74,Ahmedabad,4.7,UPI
ORD005412,2037-10-25,Fashion,Laptop,30924.96,2,61849.92,Indore,3.2,UPI
ORD005413,2037-10-26,Fashion,Pressure Cooker,2596.46,5,12982.3,Indore,3.0,Cash on Delivery
ORD005414,2037-10-27,Fashion,Smartphone,32580.01,4,130320.04,Mumbai,3.1,Wallet
ORD005415,2037-10-28,Sports,Lipstick,6326.3,7,44284.1,Pune,4.8,Cash on Delivery
ORD005416,2037-10-29,Beauty,Cricket Bat,47346.94,3,142040.82,Indore,4.5,Cash on Delivery
ORD005417,2037-10-30,Home & Kitchen,Mixer,43284.76,5,216423.8,Chennai,4.7,Wallet
ORD005418,2037-10-31,Sports,Headphones,1605.28,2,3210.56,Pune,4.0,UPI
ORD005419,2037-11-01,Fashion,Saree,39215.52,1,39215.52,Pune,4.1,Cash on Delivery
ORD005420,2037-11-02,Sports,Face Cream,31976.91,9,287792.19,Hyderabad,3.6,Cash on Delivery
ORD005421,2037-11-03,Electronics,Face Cream,25020.77,4,100083.08,Indore,4.7,UPI
ORD005422,2037-11-04,Fashion,Laptop,30330.41,8,242643.28,Chennai,4.7,Cash on Delivery
ORD005423,2037-11-05,Electronics,Face Cream,34073.38,7,238513.66,Mumbai,3.8,Wallet
ORD005424,2037-11-06,Fashion,Jeans,44280.65,1,44280.65,Ahmedabad,3.7,Credit Card
ORD005425,2037-11-07,Sports,Face Cream,38484.2,7,269389.4,Chennai,4.5,Cash on Delivery
ORD005426,2037-11-08,Beauty,Saree,28981.2,2,57962.4,Chennai,3.1,Wallet
ORD005427,2037-11-09,Home & Kitchen,Mixer,41318.48,3,123955.44,Bangalore,4.7,UPI
ORD005428,2037-11-10,Electronics,T-shirt,49352.69,1,49352.69,Delhi,3.9,Credit Card
ORD005429,2037-11-11,Sports,Lipstick,15359.01,7,107513.07,Hyderabad,3.9,UPI
ORD005430,2037-11-12,Beauty,T-shirt,6361.82,3,19085.46,Delhi,4.3,UPI
ORD005431,2037-11-13,Sports,Mixer,36706.69,6,220240.14,Mumbai,4.3,UPI
ORD005432,2037-11-14,Electronics,T-shirt,48940.52,7,342583.64,Mumbai,3.5,Credit Card
ORD005433,2037-11-15,Home & Kitchen,Lipstick,6276.94,3,18830.82,Chennai,4.9,Wallet
ORD005434,2037-11-16,Sports,Football,21869.51,2,43739.02,Delhi,5.0,Wallet
ORD005435,2037-11-17,Fashion,Pressure Cooker,3582.25,9,32240.25,Hyderabad,4.1,Wallet
ORD005436,2037-11-18,Beauty,Mixer,38938.33,9,350444.97,Ahmedabad,4.1,Wallet
ORD005437,2037-11-19,Sports,Saree,47461.08,7,332227.56,Pune,4.1,Credit Card
ORD005438,2037-11-20,Beauty,T-shirt,25200.21,5,126001.05,Hyderabad,4.0,UPI
ORD005439,2037-11-21,Fashion,Lipstick,20771.3,4,83085.2,Pune,4.9,Cash on Delivery
ORD005440,2037-11-22,Home & Kitchen,Headphones,45432.09,4,181728.36,Chennai,3.5,Credit Card
ORD005441,2037-11-23,Home & Kitchen,Cricket Bat,7102.73,1,7102.73,Hyderabad,3.2,UPI
ORD005442,2037-11-24,Fashion,Lipstick,44633.42,4,178533.68,Bangalore,4.9,Cash on Delivery
ORD005443,2037-11-25,Beauty,Laptop,19910.24,7,139371.68,Pune,3.4,UPI
ORD005444,2037-11-26,Sports,Cricket Bat,28190.62,5,140953.1,Delhi,4.5,Wallet
ORD005445,2037-11-27,Fashion,Headphones,26650.46,9,239854.14,Mumbai,3.4,Credit Card
ORD005446,2037-11-28,Electronics,Smartphone,30990.97,4,123963.88,Ahmedabad,4.9,Credit Card
ORD005447,2037-11-29,Beauty,Saree,47135.1,3,141405.3,Ahmedabad,4.6,Cash on Delivery
ORD005448,2037-11-30,Home & Kitchen,Jeans,47580.79,6,285484.74,Hyderabad,4.8,Credit Card
ORD005449,2037-12-01,Fashion,Headphones,41641.84,4,166567.36,Pune,4.9,UPI
ORD005450,2037-12-02,Home & Kitchen,Pressure Cooker,9981.43,2,19962.86,Hyderabad,3.2,UPI
ORD005451,2037-12-03,Beauty,Cricket Bat,17009.06,5,85045.3,Ahmedabad,3.9,Cash on Delivery
ORD005452,2037-12-04,Home & Kitchen,Pressure Cooker,24647.33,4,98589.32,Hyderabad,4.3,Cash on Delivery
ORD005453,2037-12-05,Fashion,Cricket Bat,45320.32,5,226601.6,Chennai,4.6,Cash on Delivery
ORD005454,2037-12-06,Beauty,Laptop,26282.81,9,236545.29,Mumbai,3.5,Cash on Delivery
ORD005455,2037-12-07,Electronics,Smartphone,48883.07,4,195532.28,Pune,4.8,Wallet
ORD005456,2037-12-08,Fashion,Jeans,49200.14,6,295200.84,Delhi,3.4,UPI
ORD005457,2037-12-09,Sports,Football,30129.92,4,120519.68,Hyderabad,4.7,UPI
ORD005458,2037-12-10,Fashion,Laptop,43936.02,1,43936.02,Ahmedabad,4.0,UPI
ORD005459,2037-12-11,Beauty,Headphones,49961.52,2,99923.04,Bangalore,4.0,UPI
ORD005460,2037-12-12,Fashion,Pressure Cooker,42560.97,6,255365.82,Ahmedabad,3.7,Wallet
ORD005461,2037-12-13,Electronics,Cricket Bat,33017.1,8,264136.8,Indore,3.2,Cash on Delivery
ORD005462,2037-12-14,Electronics,Headphones,42334.11,9,381006.99,Pune,3.7,Credit Card
ORD005463,2037-12-15,Sports,Face Cream,4591.43,4,18365.72,Chennai,3.9,UPI
ORD005464,2037-12-16,Home & Kitchen,Lipstick,31923.66,6,191541.96,Delhi,4.0,Credit Card
ORD005465,2037-12-17,Beauty,Smartphone,11217.84,3,33653.52,Hyderabad,4.5,Wallet
ORD005466,2037-12-18,Beauty,Football,6245.15,9,56206.35,Delhi,3.7,Wallet
ORD005467,2037-12-19,Home & Kitchen,Saree,44697.13,8,357577.04,Chennai,3.8,Cash on Delivery
ORD005468,2037-12-20,Electronics,Lipstick,32162.42,1,32162.42,Pune,4.8,Wallet
ORD005469,2037-12-21,Electronics,Football,12555.55,2,25111.1,Indore,4.5,Cash on Delivery
ORD005470,2037-12-22,Fashion,Pressure Cooker,19645.72,9,176811.48,Bangalore,3.0,Credit Card
ORD005471,2037-12-23,Sports,Smartphone,48677.19,3,146031.57,Pune,4.6,Wallet
ORD005472,2037-12-24,Sports,Smartphone,43178.01,3,129534.03,Hyderabad,5.0,Cash on Delivery
ORD005473,2037-12-25,Sports,Headphones,1271.3,9,11441.7,Ahmedabad,4.9,Credit Card
ORD005474,2037-12-26,Fashion,Lipstick,49000.15,3,147000.45,Bangalore,4.7,UPI
ORD005475,2037-12-27,Sports,Headphones,18742.21,5,93711.05,Chennai,4.3,Cash on Delivery
ORD005476,2037-12-28,Home & Kitchen,Headphones,34923.2,6,209539.2,Bangalore,3.6,Cash on Delivery
ORD005477,2037-12-29,Fashion,Face Cream,35777.49,3,107332.47,Chennai,4.3,Credit Card
ORD005478,2037-12-30,Home & Kitchen,Headphones,45628.38,8,365027.04,Indore,4.4,Credit Card
ORD005479,2037-12-31,Fashion,Pressure Cooker,44310.51,2,88621.02,Bangalore,3.6,Credit Card
ORD005480,2038-01-01,Sports,Cricket Bat,14445.61,6,86673.66,Delhi,3.5,Credit Card
ORD005481,2038-01-02,Home & Kitchen,Cricket Bat,32355.01,2,64710.02,Pune,3.8,Credit Card
ORD005482,2038-01-03,Home & Kitchen,Pressure Cooker,19988.42,9,179895.78,Delhi,4.3,Cash on Delivery
ORD005483,2038-01-04,Home & Kitchen,Jeans,26514.41,6,159086.46,Chennai,3.6,Credit Card
ORD005484,2038-01-05,Fashion,Saree,27956.59,9,251609.31,Delhi,4.1,UPI
ORD005485,2038-01-06,Beauty,Football,20119.0,4,80476.0,Indore,4.8,Credit Card
ORD005486,2038-01-07,Sports,Laptop,23462.75,3,70388.25,Ahmedabad,3.6,Wallet
ORD005487,2038-01-08,Home & Kitchen,Face Cream,10812.94,2,21625.88,Bangalore,4.9,Cash on Delivery
ORD005488,2038-01-09,Beauty,Saree,30578.5,8,244628.0,Pune,3.9,UPI
ORD005489,2038-01-10,Sports,Pressure Cooker,38068.51,4,152274.04,Bangalore,3.2,Cash on Delivery
ORD005490,2038-01-11,Sports,T-shirt,21772.19,2,43544.38,Pune,3.1,Wallet
ORD005491,2038-01-12,Home & Kitchen,Laptop,48895.16,9,440056.44,Hyderabad,3.7,Credit Card
ORD005492,2038-01-13,Home & Kitchen,Jeans,3332.71,8,26661.68,Chennai,3.5,Cash on Delivery
ORD005493,2038-01-14,Fashion,Mixer,29663.45,5,148317.25,Delhi,4.7,Cash on Delivery
ORD005494,2038-01-15,Beauty,Laptop,29388.24,8,235105.92,Indore,4.5,Credit Card
ORD005495,2038-01-16,Beauty,Smartphone,2296.67,5,11483.35,Chennai,4.8,Cash on Delivery
ORD005496,2038-01-17,Home & Kitchen,Pressure Cooker,11616.22,7,81313.54,Delhi,4.2,Cash on Delivery
ORD005497,2038-01-18,Sports,Face Cream,45324.36,5,226621.8,Hyderabad,3.9,Cash on Delivery
ORD005498,2038-01-19,Home & Kitchen,Mixer,27453.45,5,137267.25,Bangalore,3.5,Wallet
ORD005499,2038-01-20,Sports,Saree,22101.1,4,88404.4,Pune,4.2,Wallet
ORD005500,2038-01-21,Sports,Football,21067.07,5,105335.35,Ahmedabad,4.2,Wallet
ORD005501,2038-01-22,Home & Kitchen,Football,44463.96,7,311247.72,Bangalore,3.8,UPI
ORD005502,2038-01-23,Electronics,Mixer,18668.04,3,56004.12,Indore,4.9,Cash on Delivery
ORD005503,2038-01-24,Beauty,Football,43028.76,4,172115.04,Mumbai,4.3,Credit Card
ORD005504,2038-01-25,Sports,Face Cream,15805.03,8,126440.24,Chennai,4.7,Credit Card
ORD005505,2038-01-26,Sports,Pressure Cooker,26809.45,6,160856.7,Delhi,4.2,Cash on Delivery
ORD005506,2038-01-27,Electronics,Saree,7619.08,8,60952.64,Mumbai,3.6,Credit Card
ORD005507,2038-01-28,Fashion,Football,41339.0,2,82678.0,Chennai,4.5,UPI
ORD005508,2038-01-29,Electronics,Pressure Cooker,36930.76,9,332376.84,Pune,3.5,Credit Card
ORD005509,2038-01-30,Electronics,Lipstick,26739.61,7,187177.27,Delhi,4.2,Wallet
ORD005510,2038-01-31,Sports,T-shirt,1782.11,5,8910.55,Hyderabad,3.8,Wallet
ORD005511,2038-02-01,Beauty,Jeans,24322.24,7,170255.68,Chennai,3.3,Wallet
ORD005512,2038-02-02,Electronics,Jeans,11647.23,2,23294.46,Delhi,3.8,Wallet
ORD005513,2038-02-03,Fashion,Smartphone,20962.03,4,83848.12,Ahmedabad,3.6,Credit Card
ORD005514,2038-02-04,Home & Kitchen,T-shirt,42893.11,7,300251.77,Ahmedabad,3.2,Cash on Delivery
ORD005515,2038-02-05,Electronics,T-shirt,38595.36,2,77190.72,Pune,4.6,UPI
ORD005516,2038-02-06,Electronics,Smartphone,12476.67,8,99813.36,Bangalore,4.0,UPI
ORD005517,2038-02-07,Fashion,Saree,49255.19,5,246275.95,Chennai,3.7,Credit Card
ORD005518,2038-02-08,Beauty,Face Cream,45208.92,5,226044.6,Delhi,4.0,Credit Card
ORD005519,2038-02-09,Electronics,Smartphone,26669.34,8,213354.72,Indore,4.5,Wallet
ORD005520,2038-02-10,Electronics,Saree,26742.44,1,26742.44,Bangalore,3.0,Cash on Delivery
ORD005521,2038-02-11,Beauty,Smartphone,45112.67,6,270676.02,Pune,4.1,Wallet
ORD005522,2038-02-12,Fashion,Laptop,31989.17,2,63978.34,Bangalore,4.0,Cash on Delivery
ORD005523,2038-02-13,Electronics,Laptop,27066.08,1,27066.08,Mumbai,4.8,Wallet
ORD005524,2038-02-14,Beauty,Lipstick,37582.85,7,263079.95,Delhi,4.1,UPI
ORD005525,2038-02-15,Electronics,Cricket Bat,12137.31,4,48549.24,Mumbai,3.3,Cash on Delivery
ORD005526,2038-02-16,Home & Kitchen,Face Cream,43979.68,1,43979.68,Indore,3.8,UPI
ORD005527,2038-02-17,Sports,Smartphone,26805.05,6,160830.3,Pune,4.2,Wallet
ORD005528,2038-02-18,Home & Kitchen,T-shirt,30373.22,6,182239.32,Mumbai,3.1,UPI
ORD005529,2038-02-19,Electronics,Laptop,4952.22,3,14856.66,Hyderabad,4.8,Credit Card
ORD005530,2038-02-20,Fashion,Headphones,15820.69,6,94924.14,Mumbai,3.1,UPI
ORD005531,2038-02-21,Sports,Saree,21623.4,9,194610.6,Mumbai,3.1,UPI
ORD005532,2038-02-22,Home & Kitchen,Laptop,20988.52,6,125931.12,Ahmedabad,3.0,Wallet
ORD005533,2038-02-23,Beauty,Laptop,39025.08,1,39025.08,Ahmedabad,4.4,UPI
ORD005534,2038-02-24,Fashion,Pressure Cooker,14474.96,6,86849.76,Pune,3.9,UPI
ORD005535,2038-02-25,Home & Kitchen,Saree,9514.41,8,76115.28,Hyderabad,3.2,Credit Card
ORD005536,2038-02-26,Beauty,Jeans,29339.55,7,205376.85,Hyderabad,4.7,Cash on Delivery
ORD005537,2038-02-27,Electronics,Mixer,30943.24,8,247545.92,Chennai,3.4,Cash on Delivery
ORD005538,2038-02-28,Beauty,Face Cream,6518.37,8,52146.96,Mumbai,3.7,UPI
ORD005539,2038-03-01,Home & Kitchen,Saree,622.19,9,5599.71,Bangalore,3.4,Cash on Delivery
ORD005540,2038-03-02,Home & Kitchen,Lipstick,45923.63,3,137770.89,Hyderabad,4.9,Cash on Delivery
ORD005541,2038-03-03,Electronics,Pressure Cooker,4442.03,7,31094.21,Delhi,4.5,UPI
ORD005542,2038-03-04,Beauty,Football,44944.41,6,269666.46,Chennai,4.4,Wallet
ORD005543,2038-03-05,Beauty,Saree,20261.14,2,40522.28,Pune,3.1,UPI
ORD005544,2038-03-06,Electronics,Saree,32826.27,5,164131.35,Chennai,4.0,Cash on Delivery
ORD005545,2038-03-07,Beauty,Cricket Bat,9687.93,3,29063.79,Mumbai,4.2,Credit Card
ORD005546,2038-03-08,Electronics,Football,41283.89,5,206419.45,Indore,3.8,Cash on Delivery
ORD005547,2038-03-09,Fashion,Pressure Cooker,9419.57,9,84776.13,Bangalore,3.6,Wallet
ORD005548,2038-03-10,Home & Kitchen,Saree,19632.2,8,157057.6,Indore,4.7,UPI
ORD005549,2038-03-11,Fashion,Mixer,12282.28,9,110540.52,Indore,3.0,Cash on Delivery
ORD005550,2038-03-12,Sports,Mixer,41956.54,9,377608.86,Pune,4.3,Cash on Delivery
ORD005551,2038-03-13,Sports,Football,42987.62,8,343900.96,Hyderabad,3.8,Credit Card
ORD005552,2038-03-14,Sports,Headphones,18915.43,8,151323.44,Delhi,4.3,Wallet
ORD005553,2038-03-15,Electronics,Pressure Cooker,15715.23,6,94291.38,Ahmedabad,3.4,Cash on Delivery
ORD005554,2038-03-16,Beauty,Jeans,38791.49,6,232748.94,Mumbai,3.5,Cash on Delivery
ORD005555,2038-03-17,Fashion,Saree,43986.34,6,263918.04,Pune,4.2,UPI
ORD005556,2038-03-18,Fashion,Cricket Bat,31388.99,6,188333.94,Bangalore,5.0,Wallet
ORD005557,2038-03-19,Fashion,Cricket Bat,46406.48,9,417658.32,Mumbai,4.9,Credit Card
ORD005558,2038-03-20,Fashion,T-shirt,19460.67,1,19460.67,Mumbai,3.5,Cash on Delivery
ORD005559,2038-03-21,Sports,Jeans,8018.38,6,48110.28,Chennai,3.2,Wallet
ORD005560,2038-03-22,Fashion,Cricket Bat,9392.33,8,75138.64,Indore,4.2,Wallet
ORD005561,2038-03-23,Beauty,Face Cream,33656.68,1,33656.68,Delhi,3.8,Wallet
ORD005562,2038-03-24,Sports,Face Cream,20672.56,6,124035.36,Delhi,4.5,Wallet
ORD005563,2038-03-25,Fashion,Mixer,8237.57,9,74138.13,Delhi,4.1,Cash on Delivery
ORD005564,2038-03-26,Electronics,Football,14965.23,6,89791.38,Delhi,4.0,Wallet
ORD005565,2038-03-27,Home & Kitchen,T-shirt,26764.95,2,53529.9,Hyderabad,4.3,UPI
ORD005566,2038-03-28,Home & Kitchen,Smartphone,6511.54,1,6511.54,Hyderabad,3.3,UPI
ORD005567,2038-03-29,Home & Kitchen,Cricket Bat,670.4,4,2681.6,Delhi,4.4,Credit Card
ORD005568,2038-03-30,Sports,Lipstick,45906.25,6,275437.5,Pune,4.0,Credit Card
ORD005569,2038-03-31,Fashion,Pressure Cooker,15590.63,9,140315.67,Bangalore,4.6,Wallet
ORD005570,2038-04-01,Sports,Cricket Bat,11464.16,5,57320.8,Hyderabad,3.3,Credit Card
ORD005571,2038-04-02,Beauty,Laptop,35074.8,7,245523.6,Hyderabad,3.6,Wallet
ORD005572,2038-04-03,Electronics,Football,42743.43,6,256460.58,Pune,4.9,UPI
ORD005573,2038-04-04,Electronics,Jeans,31797.8,6,190786.8,Pune,4.1,UPI
ORD005574,2038-04-05,Home & Kitchen,Laptop,13096.9,9,117872.1,Pune,4.9,UPI
ORD005575,2038-04-06,Home & Kitchen,Headphones,43151.01,5,215755.05,Ahmedabad,4.4,UPI
ORD005576,2038-04-07,Home & Kitchen,Cricket Bat,25766.15,2,51532.3,Ahmedabad,4.9,Credit Card
ORD005577,2038-04-08,Fashion,Smartphone,19368.94,8,154951.52,Bangalore,3.6,Credit Card
ORD005578,2038-04-09,Beauty,Laptop,30433.94,3,91301.82,Ahmedabad,3.2,Wallet
ORD005579,2038-04-10,Beauty,Laptop,35180.31,9,316622.79,Delhi,4.6,Credit Card
ORD005580,2038-04-11,Beauty,Jeans,29894.58,5,149472.9,Pune,4.6,UPI
ORD005581,2038-04-12,Beauty,T-shirt,46052.15,1,46052.15,Mumbai,4.2,UPI
ORD005582,2038-04-13,Home & Kitchen,Smartphone,31586.88,4,126347.52,Pune,4.2,Wallet
ORD005583,2038-04-14,Electronics,Football,43989.75,9,395907.75,Hyderabad,4.8,UPI
ORD005584,2038-04-15,Home & Kitchen,Laptop,29554.44,1,29554.44,Mumbai,3.4,UPI
ORD005585,2038-04-16,Beauty,Face Cream,16819.14,8,134553.12,Mumbai,4.2,Wallet
ORD005586,2038-04-17,Home & Kitchen,Saree,26848.69,8,214789.52,Bangalore,3.1,Wallet
ORD005587,2038-04-18,Beauty,Smartphone,4773.67,9,42963.03,Delhi,3.3,Cash on Delivery
ORD005588,2038-04-19,Sports,Saree,11893.64,9,107042.76,Indore,3.9,Credit Card
ORD005589,2038-04-20,Electronics,Cricket Bat,38428.47,6,230570.82,Ahmedabad,4.6,Credit Card
ORD005590,2038-04-21,Sports,Laptop,33243.04,5,166215.2,Mumbai,4.5,Wallet
ORD005591,2038-04-22,Fashion,Laptop,8742.68,7,61198.76,Delhi,4.9,Cash on Delivery
ORD005592,2038-04-23,Home & Kitchen,Mixer,22181.75,9,199635.75,Ahmedabad,3.1,Credit Card
ORD005593,2038-04-24,Fashion,Mixer,7528.61,5,37643.05,Chennai,3.8,UPI
ORD005594,2038-04-25,Home & Kitchen,Jeans,42862.98,3,128588.94,Ahmedabad,3.3,Wallet
ORD005595,2038-04-26,Sports,Football,5903.9,9,53135.1,Indore,3.1,Wallet
ORD005596,2038-04-27,Beauty,Pressure Cooker,32884.63,1,32884.63,Ahmedabad,3.5,Credit Card
ORD005597,2038-04-28,Beauty,Pressure Cooker,30546.5,1,30546.5,Ahmedabad,3.5,UPI
ORD005598,2038-04-29,Home & Kitchen,Football,23902.44,4,95609.76,Indore,3.8,UPI
ORD005599,2038-04-30,Beauty,T-shirt,14272.61,2,28545.22,Indore,3.3,Wallet
ORD005600,2038-05-01,Sports,Jeans,20495.85,7,143470.95,Ahmedabad,4.0,Wallet
ORD005601,2038-05-02,Beauty,Pressure Cooker,40416.37,2,80832.74,Delhi,4.8,UPI
ORD005602,2038-05-03,Sports,Jeans,38196.77,7,267377.39,Bangalore,4.5,Wallet
ORD005603,2038-05-04,Fashion,Laptop,37071.05,8,296568.4,Pune,4.7,Cash on Delivery
ORD005604,2038-05-05,Sports,Mixer,37616.27,8,300930.16,Bangalore,4.6,Credit Card
ORD005605,2038-05-06,Electronics,Mixer,7622.38,3,22867.14,Chennai,3.8,UPI
ORD005606,2038-05-07,Electronics,Mixer,5405.27,9,48647.43,Pune,4.4,Credit Card
ORD005607,2038-05-08,Electronics,Face Cream,43144.18,6,258865.08,Pune,4.5,Cash on Delivery
ORD005608,2038-05-09,Home & Kitchen,Face Cream,41940.14,4,167760.56,Bangalore,3.4,Wallet
ORD005609,2038-05-10,Home & Kitchen,Pressure Cooker,34225.26,8,273802.08,Delhi,4.7,Credit Card
ORD005610,2038-05-11,Home & Kitchen,Smartphone,30492.33,4,121969.32,Indore,3.9,Credit Card
ORD005611,2038-05-12,Sports,Lipstick,18660.15,4,74640.6,Delhi,3.0,Wallet
ORD005612,2038-05-13,Home & Kitchen,Face Cream,11592.09,8,92736.72,Indore,4.3,Credit Card
ORD005613,2038-05-14,Fashion,Laptop,33548.99,4,134195.96,Delhi,4.4,Credit Card
ORD005614,2038-05-15,Electronics,Cricket Bat,45695.21,1,45695.21,Pune,4.1,Cash on Delivery
ORD005615,2038-05-16,Sports,Jeans,22131.33,6,132787.98,Bangalore,3.4,Credit Card
ORD005616,2038-05-17,Electronics,Mixer,15509.02,8,124072.16,Delhi,4.0,Wallet
ORD005617,2038-05-18,Home & Kitchen,Mixer,13901.72,3,41705.16,Hyderabad,3.8,Wallet
ORD005618,2038-05-19,Sports,Mixer,1673.41,2,3346.82,Indore,4.9,Wallet
ORD005619,2038-05-20,Beauty,Laptop,26255.68,6,157534.08,Pune,4.6,UPI
ORD005620,2038-05-21,Fashion,Mixer,49417.68,1,49417.68,Pune,4.5,Cash on Delivery
ORD005621,2038-05-22,Home & Kitchen,T-shirt,40854.27,5,204271.35,Indore,3.4,Credit Card
ORD005622,2038-05-23,Home & Kitchen,Jeans,44925.0,6,269550.0,Chennai,3.7,Credit Card
ORD005623,2038-05-24,Fashion,Laptop,31247.62,8,249980.96,Hyderabad,3.8,Wallet
ORD005624,2038-05-25,Fashion,Jeans,24331.6,7,170321.2,Delhi,4.0,Wallet
ORD005625,2038-05-26,Beauty,Saree,49527.62,6,297165.72,Bangalore,3.1,Wallet
ORD005626,2038-05-27,Home & Kitchen,Headphones,22634.52,2,45269.04,Ahmedabad,4.2,Wallet
ORD005627,2038-05-28,Home & Kitchen,Face Cream,45883.11,8,367064.88,Chennai,3.7,UPI
ORD005628,2038-05-29,Electronics,Football,38211.32,8,305690.56,Hyderabad,4.1,Cash on Delivery
ORD005629,2038-05-30,Sports,T-shirt,16883.43,5,84417.15,Delhi,3.0,Cash on Delivery
ORD005630,2038-05-31,Sports,Smartphone,25401.58,3,76204.74,Pune,3.6,UPI
ORD005631,2038-06-01,Electronics,Smartphone,19524.3,8,156194.4,Pune,4.5,Credit Card
ORD005632,2038-06-02,Sports,Lipstick,7243.05,5,36215.25,Bangalore,4.0,Credit Card
ORD005633,2038-06-03,Fashion,T-shirt,18159.95,3,54479.85,Ahmedabad,4.6,Cash on Delivery
ORD005634,2038-06-04,Sports,Jeans,44504.16,9,400537.44,Delhi,4.4,Cash on Delivery
ORD005635,2038-06-05,Sports,Smartphone,37755.47,9,339799.23,Indore,4.7,Credit Card
ORD005636,2038-06-06,Electronics,Headphones,14240.26,7,99681.82,Hyderabad,3.0,UPI
ORD005637,2038-06-07,Beauty,Smartphone,18711.71,8,149693.68,Hyderabad,3.5,UPI
ORD005638,2038-06-08,Sports,Mixer,31013.48,5,155067.4,Chennai,4.1,Credit Card
ORD005639,2038-06-09,Sports,Lipstick,21098.92,5,105494.6,Pune,4.9,UPI
ORD005640,2038-06-10,Beauty,Laptop,25400.68,5,127003.4,Ahmedabad,4.4,Wallet
ORD005641,2038-06-11,Electronics,Cricket Bat,35059.34,2,70118.68,Bangalore,3.9,Cash on Delivery
ORD005642,2038-06-12,Beauty,Cricket Bat,23628.92,3,70886.76,Mumbai,3.3,Credit Card
ORD005643,2038-06-13,Electronics,Smartphone,9953.0,8,79624.0,Delhi,4.0,Wallet
ORD005644,2038-06-14,Fashion,Jeans,26268.41,6,157610.46,Bangalore,3.9,Wallet
ORD005645,2038-06-15,Electronics,Football,18127.85,9,163150.65,Ahmedabad,4.6,UPI
ORD005646,2038-06-16,Fashion,Jeans,14891.34,7,104239.38,Ahmedabad,3.8,UPI
ORD005647,2038-06-17,Fashion,Mixer,16741.37,6,100448.22,Mumbai,3.6,Cash on Delivery
ORD005648,2038-06-18,Electronics,Smartphone,22230.61,4,88922.44,Bangalore,3.2,Cash on Delivery
ORD005649,2038-06-19,Home & Kitchen,Smartphone,44387.35,7,310711.45,Delhi,3.1,Credit Card
ORD005650,2038-06-20,Electronics,Cricket Bat,36835.83,4,147343.32,Delhi,3.9,Cash on Delivery
ORD005651,2038-06-21,Sports,Saree,33560.16,7,234921.12,Ahmedabad,3.7,Wallet
ORD005652,2038-06-22,Sports,Smartphone,23827.38,5,119136.9,Chennai,4.1,Cash on Delivery
ORD005653,2038-06-23,Home & Kitchen,Laptop,590.58,2,1181.16,Ahmedabad,4.4,Wallet
ORD005654,2038-06-24,Fashion,Lipstick,17357.26,7,121500.82,Hyderabad,3.1,Wallet
ORD005655,2038-06-25,Home & Kitchen,Lipstick,40753.01,8,326024.08,Hyderabad,4.0,Credit Card
ORD005656,2038-06-26,Sports,Laptop,19714.46,2,39428.92,Hyderabad,4.7,UPI
ORD005657,2038-06-27,Home & Kitchen,Saree,28409.05,6,170454.3,Chennai,3.9,Cash on Delivery
ORD005658,2038-06-28,Electronics,Jeans,10634.62,4,42538.48,Hyderabad,4.0,Credit Card
ORD005659,2038-06-29,Home & Kitchen,Cricket Bat,45834.96,5,229174.8,Bangalore,4.0,Cash on Delivery
ORD005660,2038-06-30,Fashion,Lipstick,46196.94,1,46196.94,Hyderabad,3.8,Wallet
ORD005661,2038-07-01,Electronics,Face Cream,7730.48,6,46382.88,Hyderabad,3.2,Cash on Delivery
ORD005662,2038-07-02,Beauty,Face Cream,36345.87,8,290766.96,Indore,3.3,UPI
ORD005663,2038-07-03,Sports,T-shirt,4224.31,2,8448.62,Delhi,3.4,Cash on Delivery
ORD005664,2038-07-04,Sports,Headphones,30128.11,1,30128.11,Chennai,4.6,Cash on Delivery
ORD005665,2038-07-05,Home & Kitchen,Cricket Bat,9343.36,9,84090.24,Chennai,3.6,Wallet
ORD005666,2038-07-06,Electronics,Saree,7712.41,2,15424.82,Pune,4.9,Cash on Delivery
ORD005667,2038-07-07,Beauty,T-shirt,703.93,8,5631.44,Hyderabad,4.6,UPI
ORD005668,2038-07-08,Electronics,Smartphone,47072.43,5,235362.15,Indore,4.4,Cash on Delivery
ORD005669,2038-07-09,Sports,Laptop,41548.0,2,83096.0,Pune,4.4,Wallet
ORD005670,2038-07-10,Electronics,Football,4335.04,5,21675.2,Pune,3.1,Credit Card
ORD005671,2038-07-11,Beauty,Face Cream,30169.09,9,271521.81,Mumbai,4.1,Wallet
ORD005672,2038-07-12,Home & Kitchen,Football,12028.46,6,72170.76,Delhi,4.9,Wallet
ORD005673,2038-07-13,Fashion,Smartphone,13568.79,3,40706.37,Hyderabad,3.1,Wallet
ORD005674,2038-07-14,Electronics,Face Cream,43771.43,8,350171.44,Mumbai,3.6,Credit Card
ORD005675,2038-07-15,Fashion,Mixer,6159.12,1,6159.12,Pune,3.1,UPI
ORD005676,2038-07-16,Sports,Pressure Cooker,30273.76,9,272463.84,Bangalore,4.1,Wallet
ORD005677,2038-07-17,Home & Kitchen,Laptop,20362.15,9,183259.35,Indore,3.2,Wallet
ORD005678,2038-07-18,Home & Kitchen,T-shirt,9944.63,4,39778.52,Indore,4.0,UPI
ORD005679,2038-07-19,Electronics,Headphones,22869.94,8,182959.52,Ahmedabad,4.4,UPI
ORD005680,2038-07-20,Home & Kitchen,Pressure Cooker,47054.22,3,141162.66,Delhi,3.3,Cash on Delivery
ORD005681,2038-07-21,Electronics,Mixer,39189.7,6,235138.2,Indore,4.5,UPI
ORD005682,2038-07-22,Electronics,Jeans,7039.51,8,56316.08,Chennai,3.1,Credit Card
ORD005683,2038-07-23,Fashion,Mixer,42546.77,9,382920.93,Mumbai,3.3,Wallet
ORD005684,2038-07-24,Home & Kitchen,Pressure Cooker,46903.31,8,375226.48,Hyderabad,3.6,Wallet
ORD005685,2038-07-25,Electronics,Lipstick,14209.73,9,127887.57,Mumbai,4.6,Credit Card
ORD005686,2038-07-26,Fashion,Football,17004.27,4,68017.08,Ahmedabad,4.7,Cash on Delivery
ORD005687,2038-07-27,Beauty,Cricket Bat,6752.34,1,6752.34,Chennai,3.4,Wallet
ORD005688,2038-07-28,Fashion,Saree,17574.54,7,123021.78,Bangalore,3.2,Wallet
ORD005689,2038-07-29,Fashion,Smartphone,33820.47,4,135281.88,Mumbai,4.7,Cash on Delivery
ORD005690,2038-07-30,Electronics,Jeans,13971.67,1,13971.67,Hyderabad,4.3,Cash on Delivery
ORD005691,2038-07-31,Sports,Football,837.84,3,2513.52,Mumbai,3.3,Cash on Delivery
ORD005692,2038-08-01,Sports,Football,17257.96,7,120805.72,Indore,4.1,Credit Card
ORD005693,2038-08-02,Sports,Saree,22932.11,3,68796.33,Bangalore,4.7,Credit Card
ORD005694,2038-08-03,Fashion,Mixer,28534.62,1,28534.62,Mumbai,3.1,UPI
ORD005695,2038-08-04,Electronics,Headphones,34349.34,7,240445.38,Bangalore,3.2,Cash on Delivery
ORD005696,2038-08-05,Home & Kitchen,Football,3558.33,8,28466.64,Pune,3.5,Credit Card
ORD005697,2038-08-06,Fashion,Smartphone,23752.72,5,118763.6,Bangalore,4.3,Credit Card
ORD005698,2038-08-07,Fashion,Jeans,13684.94,6,82109.64,Pune,3.4,UPI
ORD005699,2038-08-08,Electronics,Football,47424.49,3,142273.47,Delhi,4.6,Credit Card
ORD005700,2038-08-09,Beauty,Football,18314.98,5,91574.9,Delhi,4.5,Wallet
ORD005701,2038-08-10,Fashion,Saree,5456.12,3,16368.36,Hyderabad,4.1,Credit Card
ORD005702,2038-08-11,Beauty,Smartphone,2553.83,2,5107.66,Hyderabad,3.2,Cash on Delivery
ORD005703,2038-08-12,Beauty,Smartphone,13637.59,7,95463.13,Hyderabad,5.0,UPI
ORD005704,2038-08-13,Sports,Jeans,9354.5,7,65481.5,Ahmedabad,4.0,Cash on Delivery
ORD005705,2038-08-14,Electronics,T-shirt,32665.08,8,261320.64,Bangalore,3.9,Cash on Delivery
ORD005706,2038-08-15,Beauty,Cricket Bat,42424.84,1,42424.84,Bangalore,5.0,UPI
ORD005707,2038-08-16,Electronics,Face Cream,15971.66,2,31943.32,Pune,4.7,Wallet
ORD005708,2038-08-17,Sports,T-shirt,29100.68,2,58201.36,Delhi,3.9,UPI
ORD005709,2038-08-18,Electronics,Smartphone,36650.11,3,109950.33,Indore,3.8,Wallet
ORD005710,2038-08-19,Fashion,Football,20225.14,7,141575.98,Pune,3.2,Wallet
ORD005711,2038-08-20,Beauty,Face Cream,3783.12,7,26481.84,Pune,4.9,Cash on Delivery
ORD005712,2038-08-21,Electronics,Pressure Cooker,11844.65,7,82912.55,Bangalore,4.7,Cash on Delivery
ORD005713,2038-08-22,Home & Kitchen,Laptop,44211.76,1,44211.76,Pune,3.6,Cash on Delivery
ORD005714,2038-08-23,Electronics,Pressure Cooker,41311.77,2,82623.54,Delhi,4.5,Cash on Delivery
ORD005715,2038-08-24,Beauty,Jeans,4783.36,8,38266.88,Mumbai,4.5,UPI
ORD005716,2038-08-25,Sports,Smartphone,11585.46,9,104269.14,Hyderabad,3.5,Credit Card
ORD005717,2038-08-26,Sports,Smartphone,38573.68,7,270015.76,Hyderabad,4.2,UPI
ORD005718,2038-08-27,Beauty,Football,24551.96,1,24551.96,Chennai,3.5,Credit Card
ORD005719,2038-08-28,Fashion,Headphones,38118.37,4,152473.48,Indore,4.6,UPI
ORD005720,2038-08-29,Fashion,Cricket Bat,10949.08,8,87592.64,Delhi,3.3,Cash on Delivery
ORD005721,2038-08-30,Sports,Headphones,47658.56,5,238292.8,Chennai,4.3,Credit Card
ORD005722,2038-08-31,Sports,Jeans,39288.57,1,39288.57,Ahmedabad,3.7,UPI
ORD005723,2038-09-01,Beauty,Lipstick,10273.89,7,71917.23,Hyderabad,3.1,UPI
ORD005724,2038-09-02,Fashion,T-shirt,28143.24,6,168859.44,Chennai,3.2,Wallet
ORD005725,2038-09-03,Sports,Face Cream,6098.31,9,54884.79,Mumbai,4.3,UPI
ORD005726,2038-09-04,Fashion,Headphones,18391.02,4,73564.08,Pune,3.5,Cash on Delivery
ORD005727,2038-09-05,Sports,Jeans,33151.26,4,132605.04,Chennai,4.3,UPI
ORD005728,2038-09-06,Electronics,T-shirt,16841.32,8,134730.56,Mumbai,3.8,UPI
ORD005729,2038-09-07,Home & Kitchen,Jeans,33009.54,4,132038.16,Hyderabad,4.4,Cash on Delivery
ORD005730,2038-09-08,Electronics,Lipstick,12616.58,3,37849.74,Bangalore,4.0,Credit Card
ORD005731,2038-09-09,Sports,Face Cream,36199.74,7,253398.18,Pune,3.6,Credit Card
ORD005732,2038-09-10,Home & Kitchen,Cricket Bat,18299.68,5,91498.4,Ahmedabad,3.3,Cash on Delivery
ORD005733,2038-09-11,Home & Kitchen,Cricket Bat,39628.82,9,356659.38,Ahmedabad,3.7,Credit Card
ORD005734,2038-09-12,Sports,Football,7266.15,5,36330.75,Delhi,4.3,Wallet
ORD005735,2038-09-13,Sports,Jeans,18417.91,9,165761.19,Pune,4.5,UPI
ORD005736,2038-09-14,Fashion,Headphones,23464.66,6,140787.96,Chennai,3.3,UPI
ORD005737,2038-09-15,Sports,Cricket Bat,21480.35,6,128882.1,Pune,4.3,Credit Card
ORD005738,2038-09-16,Beauty,Laptop,21938.18,6,131629.08,Indore,3.4,Credit Card
ORD005739,2038-09-17,Sports,Headphones,22517.77,7,157624.39,Mumbai,3.4,Credit Card
ORD005740,2038-09-18,Beauty,Saree,49445.77,4,197783.08,Indore,4.1,Cash on Delivery
ORD005741,2038-09-19,Sports,Mixer,10061.28,4,40245.12,Hyderabad,3.6,Wallet
ORD005742,2038-09-20,Fashion,Jeans,38548.86,9,346939.74,Indore,4.3,Wallet
ORD005743,2038-09-21,Beauty,Jeans,27813.54,7,194694.78,Ahmedabad,4.9,Credit Card
ORD005744,2038-09-22,Electronics,Jeans,20974.61,6,125847.66,Indore,3.3,Cash on Delivery
ORD005745,2038-09-23,Beauty,Lipstick,31859.67,1,31859.67,Hyderabad,4.1,Credit Card
ORD005746,2038-09-24,Fashion,Face Cream,42749.81,7,299248.67,Bangalore,4.8,Cash on Delivery
ORD005747,2038-09-25,Beauty,Jeans,23598.6,6,141591.6,Ahmedabad,3.4,Cash on Delivery
ORD005748,2038-09-26,Sports,Cricket Bat,43307.67,4,173230.68,Pune,3.7,UPI
ORD005749,2038-09-27,Sports,Cricket Bat,5143.02,8,41144.16,Ahmedabad,3.2,Credit Card
ORD005750,2038-09-28,Fashion,Mixer,32827.67,7,229793.69,Indore,4.3,UPI
ORD005751,2038-09-29,Home & Kitchen,Mixer,16992.41,8,135939.28,Indore,4.3,UPI
ORD005752,2038-09-30,Sports,Pressure Cooker,19642.41,9,176781.69,Indore,4.3,Wallet
ORD005753,2038-10-01,Electronics,Headphones,28765.48,1,28765.48,Ahmedabad,4.1,Cash on Delivery
ORD005754,2038-10-02,Fashion,Cricket Bat,24255.88,3,72767.64,Hyderabad,4.5,Cash on Delivery
ORD005755,2038-10-03,Beauty,Cricket Bat,19398.08,2,38796.16,Indore,3.1,Cash on Delivery
ORD005756,2038-10-04,Beauty,Lipstick,15762.01,3,47286.03,Pune,4.9,Cash on Delivery
ORD005757,2038-10-05,Electronics,Cricket Bat,31106.61,2,62213.22,Hyderabad,3.4,UPI
ORD005758,2038-10-06,Sports,Cricket Bat,25526.19,6,153157.14,Bangalore,3.2,Cash on Delivery
ORD005759,2038-10-07,Fashion,Pressure Cooker,16503.8,9,148534.2,Hyderabad,4.9,Wallet
ORD005760,2038-10-08,Electronics,Laptop,10645.57,2,21291.14,Indore,4.7,Wallet
ORD005761,2038-10-09,Sports,Pressure Cooker,38836.18,4,155344.72,Pune,4.5,UPI
ORD005762,2038-10-10,Fashion,Laptop,40085.89,5,200429.45,Mumbai,3.2,UPI
ORD005763,2038-10-11,Beauty,Pressure Cooker,11082.51,5,55412.55,Ahmedabad,4.6,Credit Card
ORD005764,2038-10-12,Fashion,Cricket Bat,13451.63,1,13451.63,Pune,4.2,Credit Card
ORD005765,2038-10-13,Home & Kitchen,Pressure Cooker,12337.58,6,74025.48,Indore,4.5,Cash on Delivery
ORD005766,2038-10-14,Fashion,Cricket Bat,44286.2,5,221431.0,Pune,5.0,UPI
ORD005767,2038-10-15,Home & Kitchen,Cricket Bat,38819.45,6,232916.7,Chennai,3.4,UPI
ORD005768,2038-10-16,Fashion,Mixer,4191.39,4,16765.56,Chennai,4.0,Wallet
ORD005769,2038-10-17,Home & Kitchen,Smartphone,41716.96,6,250301.76,Pune,4.5,Wallet
ORD005770,2038-10-18,Beauty,Laptop,2324.17,9,20917.53,Mumbai,3.9,Wallet
ORD005771,2038-10-19,Sports,Saree,13033.39,1,13033.39,Ahmedabad,3.1,UPI
ORD005772,2038-10-20,Home & Kitchen,Headphones,45990.07,6,275940.42,Chennai,3.2,Credit Card
ORD005773,2038-10-21,Home & Kitchen,Headphones,43284.4,1,43284.4,Pune,4.2,UPI
ORD005774,2038-10-22,Beauty,Pressure Cooker,39181.01,7,274267.07,Pune,3.6,UPI
ORD005775,2038-10-23,Home & Kitchen,Smartphone,23148.59,4,92594.36,Ahmedabad,3.3,UPI
ORD005776,2038-10-24,Electronics,Lipstick,16410.0,6,98460.0,Ahmedabad,3.7,Credit Card
ORD005777,2038-10-25,Beauty,Saree,44136.52,7,308955.64,Pune,3.4,Wallet
ORD005778,2038-10-26,Electronics,Headphones,33025.17,5,165125.85,Indore,3.0,Cash on Delivery
ORD005779,2038-10-27,Beauty,T-shirt,15127.69,9,136149.21,Hyderabad,3.3,Cash on Delivery
ORD005780,2038-10-28,Home & Kitchen,Jeans,23428.2,8,187425.6,Indore,4.8,Cash on Delivery
ORD005781,2038-10-29,Electronics,T-shirt,44134.26,3,132402.78,Chennai,3.0,Credit Card
ORD005782,2038-10-30,Home & Kitchen,Lipstick,45221.04,1,45221.04,Chennai,4.5,Credit Card
ORD005783,2038-10-31,Beauty,Saree,33135.45,8,265083.6,Hyderabad,4.5,Cash on Delivery
ORD005784,2038-11-01,Home & Kitchen,Headphones,36761.52,4,147046.08,Ahmedabad,4.1,Cash on Delivery
ORD005785,2038-11-02,Electronics,Pressure Cooker,2445.24,7,17116.68,Pune,3.4,Credit Card
ORD005786,2038-11-03,Electronics,Jeans,30427.73,4,121710.92,Chennai,4.8,Cash on Delivery
ORD005787,2038-11-04,Home & Kitchen,Laptop,34605.13,7,242235.91,Hyderabad,4.0,UPI
ORD005788,2038-11-05,Fashion,Headphones,1508.67,1,1508.67,Bangalore,3.3,Wallet
ORD005789,2038-11-06,Beauty,Headphones,42271.02,1,42271.02,Indore,3.9,Credit Card
ORD005790,2038-11-07,Beauty,Football,46450.11,2,92900.22,Bangalore,3.4,Wallet
ORD005791,2038-11-08,Home & Kitchen,Face Cream,12277.85,5,61389.25,Chennai,3.8,Cash on Delivery
ORD005792,2038-11-09,Fashion,Lipstick,42366.9,6,254201.4,Pune,4.0,Cash on Delivery
ORD005793,2038-11-10,Electronics,Headphones,33442.87,2,66885.74,Bangalore,3.7,Credit Card
ORD005794,2038-11-11,Sports,Saree,29244.44,1,29244.44,Ahmedabad,4.3,Credit Card
ORD005795,2038-11-12,Sports,Smartphone,42234.74,9,380112.66,Pune,4.9,UPI
ORD005796,2038-11-13,Home & Kitchen,Saree,14637.72,7,102464.04,Chennai,3.7,Credit Card
ORD005797,2038-11-14,Fashion,Laptop,39647.38,8,317179.04,Pune,3.7,Wallet
ORD005798,2038-11-15,Fashion,Smartphone,16068.78,6,96412.68,Bangalore,4.5,Credit Card
ORD005799,2038-11-16,Beauty,Headphones,39479.1,9,355311.9,Chennai,4.1,UPI
ORD005800,2038-11-17,Electronics,Headphones,22827.17,8,182617.36,Delhi,3.9,Wallet
ORD005801,2038-11-18,Fashion,Face Cream,6288.8,4,25155.2,Indore,4.6,Cash on Delivery
ORD005802,2038-11-19,Sports,Jeans,19385.23,5,96926.15,Mumbai,4.8,Credit Card
ORD005803,2038-11-20,Electronics,Headphones,12057.92,2,24115.84,Indore,4.2,Cash on Delivery
ORD005804,2038-11-21,Electronics,Cricket Bat,5476.31,1,5476.31,Bangalore,3.4,UPI
ORD005805,2038-11-22,Home & Kitchen,Laptop,5959.21,6,35755.26,Hyderabad,3.9,Credit Card
ORD005806,2038-11-23,Fashion,Mixer,39113.53,3,117340.59,Mumbai,4.0,UPI
ORD005807,2038-11-24,Home & Kitchen,Pressure Cooker,44129.19,4,176516.76,Pune,3.9,Cash on Delivery
ORD005808,2038-11-25,Fashion,Jeans,46392.89,1,46392.89,Ahmedabad,3.5,Wallet
ORD005809,2038-11-26,Beauty,T-shirt,42770.34,6,256622.04,Pune,3.9,UPI
ORD005810,2038-11-27,Home & Kitchen,Smartphone,41596.09,8,332768.72,Chennai,3.9,Credit Card
ORD005811,2038-11-28,Home & Kitchen,Mixer,3907.37,4,15629.48,Pune,3.4,Credit Card
ORD005812,2038-11-29,Sports,Pressure Cooker,39611.12,8,316888.96,Mumbai,4.8,Cash on Delivery
ORD005813,2038-11-30,Home & Kitchen,Headphones,39272.49,3,117817.47,Pune,4.8,Cash on Delivery
ORD005814,2038-12-01,Fashion,Football,6998.87,7,48992.09,Hyderabad,4.5,Cash on Delivery
ORD005815,2038-12-02,Sports,Saree,33269.46,3,99808.38,Hyderabad,3.8,Cash on Delivery
ORD005816,2038-12-03,Home & Kitchen,Cricket Bat,22899.11,6,137394.66,Ahmedabad,3.7,Credit Card
ORD005817,2038-12-04,Home & Kitchen,Football,45050.67,4,180202.68,Indore,4.4,Credit Card
ORD005818,2038-12-05,Beauty,Face Cream,34922.71,6,209536.26,Pune,4.2,Credit Card
ORD005819,2038-12-06,Home & Kitchen,Smartphone,47573.88,7,333017.16,Pune,4.2,UPI
ORD005820,2038-12-07,Electronics,Smartphone,5693.67,8,45549.36,Ahmedabad,3.2,Wallet
ORD005821,2038-12-08,Sports,Smartphone,2510.06,6,15060.36,Chennai,4.2,Wallet
ORD005822,2038-12-09,Electronics,Laptop,48692.18,4,194768.72,Indore,4.8,Wallet
ORD005823,2038-12-10,Sports,Smartphone,4469.51,9,40225.59,Bangalore,3.2,UPI
ORD005824,2038-12-11,Beauty,Jeans,19616.69,7,137316.83,Bangalore,3.7,Cash on Delivery
ORD005825,2038-12-12,Home & Kitchen,Pressure Cooker,32673.55,9,294061.95,Delhi,4.0,Cash on Delivery
ORD005826,2038-12-13,Home & Kitchen,Saree,44062.81,3,132188.43,Indore,4.4,Cash on Delivery
ORD005827,2038-12-14,Home & Kitchen,Football,13101.58,5,65507.9,Hyderabad,3.2,Credit Card
ORD005828,2038-12-15,Sports,Jeans,1938.38,1,1938.38,Delhi,4.7,UPI
ORD005829,2038-12-16,Home & Kitchen,Jeans,26303.7,8,210429.6,Hyderabad,3.1,Wallet
ORD005830,2038-12-17,Electronics,Cricket Bat,23820.05,1,23820.05,Delhi,4.7,Cash on Delivery
ORD005831,2038-12-18,Home & Kitchen,Face Cream,15691.21,1,15691.21,Indore,3.1,Wallet
ORD005832,2038-12-19,Beauty,Saree,43758.02,7,306306.14,Bangalore,3.3,Cash on Delivery
ORD005833,2038-12-20,Electronics,Cricket Bat,37591.45,8,300731.6,Hyderabad,4.6,Wallet
ORD005834,2038-12-21,Home & Kitchen,Smartphone,42976.76,3,128930.28,Indore,4.7,Credit Card
ORD005835,2038-12-22,Home & Kitchen,Smartphone,8509.54,2,17019.08,Indore,5.0,UPI
ORD005836,2038-12-23,Fashion,Jeans,34774.39,7,243420.73,Bangalore,3.2,Cash on Delivery
ORD005837,2038-12-24,Sports,Jeans,48767.54,5,243837.7,Mumbai,4.1,Cash on Delivery
ORD005838,2038-12-25,Electronics,Smartphone,30789.74,1,30789.74,Bangalore,3.2,Cash on Delivery
ORD005839,2038-12-26,Fashion,Lipstick,8982.54,2,17965.08,Hyderabad,3.3,Cash on Delivery
ORD005840,2038-12-27,Beauty,Pressure Cooker,49791.13,3,149373.39,Mumbai,3.3,UPI
ORD005841,2038-12-28,Sports,Laptop,26652.02,6,159912.12,Delhi,3.1,UPI
ORD005842,2038-12-29,Electronics,Face Cream,42082.92,1,42082.92,Ahmedabad,4.8,Cash on Delivery
ORD005843,2038-12-30,Home & Kitchen,Mixer,7893.39,8,63147.12,Chennai,3.3,Wallet
ORD005844,2038-12-31,Electronics,Headphones,33471.76,2,66943.52,Hyderabad,4.3,Credit Card
ORD005845,2039-01-01,Home & Kitchen,T-shirt,45674.58,5,228372.9,Pune,4.3,Cash on Delivery
ORD005846,2039-01-02,Sports,Saree,26834.88,8,214679.04,Chennai,3.4,Credit Card
ORD005847,2039-01-03,Home & Kitchen,Cricket Bat,14788.67,5,73943.35,Chennai,5.0,Wallet
ORD005848,2039-01-04,Beauty,Saree,6807.38,8,54459.04,Mumbai,3.7,Cash on Delivery
ORD005849,2039-01-05,Home & Kitchen,Smartphone,15149.26,6,90895.56,Delhi,4.8,Cash on Delivery
ORD005850,2039-01-06,Beauty,Mixer,18066.77,7,126467.39,Bangalore,4.9,Credit Card
ORD005851,2039-01-07,Sports,Football,35642.78,8,285142.24,Mumbai,4.9,Cash on Delivery
ORD005852,2039-01-08,Sports,T-shirt,9341.76,3,28025.28,Ahmedabad,4.5,Wallet
ORD005853,2039-01-09,Electronics,Jeans,5752.19,5,28760.95,Delhi,3.5,UPI
ORD005854,2039-01-10,Beauty,Jeans,19653.51,7,137574.57,Pune,3.2,Credit Card
ORD005855,2039-01-11,Beauty,Face Cream,23203.35,9,208830.15,Pune,4.1,UPI
ORD005856,2039-01-12,Fashion,Football,31605.06,6,189630.36,Bangalore,3.7,Credit Card
ORD005857,2039-01-13,Fashion,Cricket Bat,35522.8,1,35522.8,Bangalore,4.7,UPI
ORD005858,2039-01-14,Fashion,Pressure Cooker,44519.25,8,356154.0,Delhi,4.5,Wallet
ORD005859,2039-01-15,Home & Kitchen,Face Cream,14803.2,6,88819.2,Bangalore,3.6,Wallet
ORD005860,2039-01-16,Fashion,Headphones,26666.09,1,26666.09,Hyderabad,3.0,Cash on Delivery
ORD005861,2039-01-17,Beauty,Face Cream,18619.01,4,74476.04,Ahmedabad,3.5,Wallet
ORD005862,2039-01-18,Home & Kitchen,Pressure Cooker,570.37,6,3422.22,Hyderabad,4.1,Wallet
ORD005863,2039-01-19,Sports,Mixer,29181.88,1,29181.88,Mumbai,3.2,Cash on Delivery
ORD005864,2039-01-20,Electronics,Football,40881.91,5,204409.55,Bangalore,4.3,Credit Card
ORD005865,2039-01-21,Fashion,Pressure Cooker,2303.75,3,6911.25,Ahmedabad,4.3,Wallet
ORD005866,2039-01-22,Sports,Cricket Bat,672.84,7,4709.88,Bangalore,3.3,Wallet
ORD005867,2039-01-23,Beauty,T-shirt,36527.01,8,292216.08,Delhi,4.2,UPI
ORD005868,2039-01-24,Electronics,T-shirt,34351.06,3,103053.18,Hyderabad,4.2,Wallet
ORD005869,2039-01-25,Sports,T-shirt,20589.68,3,61769.04,Chennai,4.0,Cash on Delivery
ORD005870,2039-01-26,Electronics,Football,33249.44,3,99748.32,Mumbai,4.9,Wallet
ORD005871,2039-01-27,Fashion,Jeans,47692.61,6,286155.66,Indore,3.2,UPI
ORD005872,2039-01-28,Beauty,Lipstick,12769.21,6,76615.26,Hyderabad,3.8,Wallet
ORD005873,2039-01-29,Electronics,Mixer,12673.37,3,38020.11,Delhi,4.8,UPI
ORD005874,2039-01-30,Sports,Headphones,9718.49,6,58310.94,Mumbai,3.8,Wallet
ORD005875,2039-01-31,Fashion,Football,36337.34,9,327036.06,Chennai,3.8,Credit Card
ORD005876,2039-02-01,Fashion,Mixer,17982.87,8,143862.96,Pune,4.3,Cash on Delivery
ORD005877,2039-02-02,Sports,Face Cream,49440.31,7,346082.17,Indore,4.3,Wallet
ORD005878,2039-02-03,Sports,Football,35875.12,7,251125.84,Mumbai,3.0,Credit Card
ORD005879,2039-02-04,Electronics,Mixer,18685.16,8,149481.28,Ahmedabad,3.9,Credit Card
ORD005880,2039-02-05,Home & Kitchen,Pressure Cooker,7884.71,7,55192.97,Hyderabad,3.7,Cash on Delivery
ORD005881,2039-02-06,Fashion,Laptop,29805.23,3,89415.69,Chennai,4.3,UPI
ORD005882,2039-02-07,Electronics,Football,15097.71,8,120781.68,Indore,4.1,Credit Card
ORD005883,2039-02-08,Sports,Face Cream,45322.7,8,362581.6,Delhi,4.3,Cash on Delivery
ORD005884,2039-02-09,Electronics,Face Cream,22349.52,1,22349.52,Ahmedabad,4.3,Wallet
ORD005885,2039-02-10,Sports,Mixer,14986.17,5,74930.85,Mumbai,3.5,UPI
ORD005886,2039-02-11,Beauty,Football,29633.31,5,148166.55,Hyderabad,3.5,UPI
ORD005887,2039-02-12,Sports,Cricket Bat,7280.24,1,7280.24,Delhi,3.7,UPI
ORD005888,2039-02-13,Sports,Laptop,28296.68,6,169780.08,Chennai,3.5,Credit Card
ORD005889,2039-02-14,Sports,Lipstick,3277.52,6,19665.12,Ahmedabad,4.4,Credit Card
ORD005890,2039-02-15,Home & Kitchen,Cricket Bat,30540.99,4,122163.96,Mumbai,4.2,Cash on Delivery
ORD005891,2039-02-16,Sports,Mixer,26743.11,6,160458.66,Bangalore,3.4,UPI
ORD005892,2039-02-17,Fashion,Saree,26277.92,6,157667.52,Hyderabad,4.8,UPI
ORD005893,2039-02-18,Fashion,Jeans,34366.14,1,34366.14,Hyderabad,3.9,Cash on Delivery
ORD005894,2039-02-19,Electronics,Pressure Cooker,2700.6,5,13503.0,Bangalore,3.3,Wallet
ORD005895,2039-02-20,Home & Kitchen,Smartphone,23256.71,2,46513.42,Delhi,3.4,UPI
ORD005896,2039-02-21,Electronics,Headphones,22479.91,7,157359.37,Hyderabad,4.1,UPI
ORD005897,2039-02-22,Fashion,Headphones,23259.23,9,209333.07,Ahmedabad,3.7,Cash on Delivery
ORD005898,2039-02-23,Fashion,Cricket Bat,49004.6,9,441041.4,Delhi,4.7,Cash on Delivery
ORD005899,2039-02-24,Beauty,Headphones,7394.28,9,66548.52,Chennai,4.0,Credit Card
ORD005900,2039-02-25,Sports,Laptop,34676.27,7,242733.89,Bangalore,4.8,Wallet
ORD005901,2039-02-26,Fashion,T-shirt,20398.81,7,142791.67,Delhi,3.2,Credit Card
ORD005902,2039-02-27,Electronics,Saree,25830.46,1,25830.46,Chennai,4.3,Credit Card
ORD005903,2039-02-28,Electronics,Smartphone,38238.5,6,229431.0,Pune,4.8,Cash on Delivery
ORD005904,2039-03-01,Sports,Headphones,8290.08,5,41450.4,Mumbai,3.6,Credit Card
ORD005905,2039-03-02,Sports,Headphones,38297.47,8,306379.76,Hyderabad,3.3,Wallet
ORD005906,2039-03-03,Beauty,Cricket Bat,3981.37,8,31850.96,Bangalore,3.9,UPI
ORD005907,2039-03-04,Home & Kitchen,Face Cream,24423.82,4,97695.28,Mumbai,4.9,Credit Card
ORD005908,2039-03-05,Electronics,Mixer,37232.51,1,37232.51,Pune,4.3,Credit Card
ORD005909,2039-03-06,Sports,Jeans,10031.3,6,60187.8,Mumbai,4.3,Credit Card
ORD005910,2039-03-07,Electronics,Pressure Cooker,38660.32,1,38660.32,Mumbai,4.3,Wallet
ORD005911,2039-03-08,Sports,Pressure Cooker,8757.22,5,43786.1,Ahmedabad,3.1,Wallet
ORD005912,2039-03-09,Fashion,Pressure Cooker,40062.32,5,200311.6,Delhi,3.9,Wallet
ORD005913,2039-03-10,Electronics,Pressure Cooker,23712.31,3,71136.93,Pune,3.2,Cash on Delivery
ORD005914,2039-03-11,Fashion,Lipstick,34389.6,5,171948.0,Hyderabad,3.6,UPI
ORD005915,2039-03-12,Electronics,Football,45911.62,6,275469.72,Bangalore,4.6,Cash on Delivery
ORD005916,2039-03-13,Home & Kitchen,Face Cream,20716.87,5,103584.35,Indore,4.3,UPI
ORD005917,2039-03-14,Beauty,Smartphone,12031.4,1,12031.4,Ahmedabad,5.0,Credit Card
ORD005918,2039-03-15,Fashion,Mixer,43424.62,7,303972.34,Indore,3.3,Wallet
ORD005919,2039-03-16,Sports,Jeans,8500.02,3,25500.06,Hyderabad,3.8,Wallet
ORD005920,2039-03-17,Home & Kitchen,Jeans,31758.06,7,222306.42,Ahmedabad,4.6,Wallet
ORD005921,2039-03-18,Electronics,Cricket Bat,46201.04,5,231005.2,Hyderabad,3.4,Credit Card
ORD005922,2039-03-19,Fashion,Saree,33882.64,3,101647.92,Hyderabad,3.3,UPI
ORD005923,2039-03-20,Electronics,Headphones,10186.21,6,61117.26,Chennai,3.9,Cash on Delivery
ORD005924,2039-03-21,Electronics,Face Cream,8038.06,1,8038.06,Pune,3.8,Cash on Delivery
ORD005925,2039-03-22,Electronics,Football,12989.12,6,77934.72,Chennai,5.0,Credit Card
ORD005926,2039-03-23,Beauty,Headphones,19874.64,4,79498.56,Chennai,3.9,UPI
ORD005927,2039-03-24,Beauty,Mixer,8378.37,4,33513.48,Chennai,4.7,Wallet
ORD005928,2039-03-25,Sports,Lipstick,39991.8,5,199959.0,Hyderabad,4.8,UPI
ORD005929,2039-03-26,Fashion,Laptop,18173.25,9,163559.25,Hyderabad,3.3,UPI
ORD005930,2039-03-27,Home & Kitchen,Face Cream,46836.29,1,46836.29,Indore,4.4,Wallet
ORD005931,2039-03-28,Home & Kitchen,T-shirt,42203.3,3,126609.9,Bangalore,3.6,UPI
ORD005932,2039-03-29,Home & Kitchen,Mixer,45486.5,4,181946.0,Indore,3.2,Credit Card
ORD005933,2039-03-30,Electronics,Laptop,15077.39,2,30154.78,Indore,4.7,Cash on Delivery
ORD005934,2039-03-31,Beauty,T-shirt,28899.71,9,260097.39,Bangalore,3.6,Credit Card
ORD005935,2039-04-01,Fashion,Jeans,16411.75,7,114882.25,Bangalore,3.7,UPI
ORD005936,2039-04-02,Electronics,Lipstick,13218.95,1,13218.95,Indore,3.6,Wallet
ORD005937,2039-04-03,Beauty,Mixer,30550.8,9,274957.2,Indore,3.4,Cash on Delivery
ORD005938,2039-04-04,Beauty,Pressure Cooker,40990.77,6,245944.62,Indore,3.9,Credit Card
ORD005939,2039-04-05,Fashion,Jeans,5133.09,2,10266.18,Ahmedabad,3.9,UPI
ORD005940,2039-04-06,Fashion,Laptop,14150.55,1,14150.55,Bangalore,3.8,Wallet
ORD005941,2039-04-07,Fashion,Football,10654.14,6,63924.84,Bangalore,4.8,Credit Card
ORD005942,2039-04-08,Electronics,Face Cream,40018.33,7,280128.31,Chennai,3.7,UPI
ORD005943,2039-04-09,Sports,Mixer,46701.92,6,280211.52,Ahmedabad,3.1,Wallet
ORD005944,2039-04-10,Fashion,Mixer,4457.16,7,31200.12,Hyderabad,3.4,Credit Card
ORD005945,2039-04-11,Sports,Face Cream,19271.06,6,115626.36,Bangalore,4.4,Wallet
ORD005946,2039-04-12,Electronics,Cricket Bat,45768.2,8,366145.6,Ahmedabad,4.2,Credit Card
ORD005947,2039-04-13,Sports,Smartphone,17559.59,2,35119.18,Delhi,4.9,Credit Card
ORD005948,2039-04-14,Home & Kitchen,Jeans,35776.74,9,321990.66,Pune,4.4,UPI
ORD005949,2039-04-15,Sports,Face Cream,5482.99,9,49346.91,Bangalore,3.4,Cash on Delivery
ORD005950,2039-04-16,Fashion,Mixer,22497.18,9,202474.62,Ahmedabad,3.2,Cash on Delivery
ORD005951,2039-04-17,Electronics,Headphones,25413.39,7,177893.73,Bangalore,4.0,Wallet
ORD005952,2039-04-18,Fashion,Football,38004.37,9,342039.33,Ahmedabad,4.3,Wallet
ORD005953,2039-04-19,Home & Kitchen,Football,14796.82,1,14796.82,Hyderabad,3.3,Wallet
ORD005954,2039-04-20,Fashion,Headphones,13577.33,3,40731.99,Ahmedabad,4.2,Wallet
ORD005955,2039-04-21,Fashion,Smartphone,15496.9,2,30993.8,Indore,4.7,Wallet
ORD005956,2039-04-22,Fashion,Mixer,28006.98,1,28006.98,Ahmedabad,4.5,UPI
ORD005957,2039-04-23,Beauty,Pressure Cooker,43862.22,5,219311.1,Ahmedabad,4.3,Wallet
ORD005958,2039-04-24,Home & Kitchen,Smartphone,41631.6,1,41631.6,Chennai,4.6,Cash on Delivery
ORD005959,2039-04-25,Fashion,Smartphone,3368.31,3,10104.93,Mumbai,3.2,Cash on Delivery
ORD005960,2039-04-26,Fashion,Laptop,44008.28,6,264049.68,Indore,3.4,Credit Card
ORD005961,2039-04-27,Fashion,Laptop,5207.91,6,31247.46,Indore,3.1,Credit Card
ORD005962,2039-04-28,Electronics,Saree,21059.73,3,63179.19,Hyderabad,3.3,UPI
ORD005963,2039-04-29,Beauty,Jeans,38387.52,4,153550.08,Chennai,4.8,UPI
ORD005964,2039-04-30,Electronics,T-shirt,4534.8,7,31743.6,Delhi,3.4,Wallet
ORD005965,2039-05-01,Beauty,Face Cream,2499.78,6,14998.68,Pune,4.3,Credit Card
ORD005966,2039-05-02,Fashion,Smartphone,16834.79,2,33669.58,Pune,4.4,UPI
ORD005967,2039-05-03,Home & Kitchen,Football,36631.32,9,329681.88,Ahmedabad,4.3,UPI
ORD005968,2039-05-04,Sports,Laptop,26326.94,6,157961.64,Mumbai,4.1,Cash on Delivery
ORD005969,2039-05-05,Sports,Lipstick,21141.59,2,42283.18,Pune,4.0,UPI
ORD005970,2039-05-06,Fashion,Saree,40747.13,7,285229.91,Chennai,3.8,UPI
ORD005971,2039-05-07,Electronics,Mixer,38452.11,4,153808.44,Indore,4.8,Credit Card
ORD005972,2039-05-08,Home & Kitchen,Jeans,39409.14,1,39409.14,Chennai,3.0,Wallet
ORD005973,2039-05-09,Beauty,Mixer,23256.48,9,209308.32,Hyderabad,3.1,Wallet
ORD005974,2039-05-10,Fashion,Saree,1462.74,8,11701.92,Chennai,4.0,UPI
ORD005975,2039-05-11,Home & Kitchen,Football,9020.78,5,45103.9,Bangalore,3.7,Credit Card
ORD005976,2039-05-12,Home & Kitchen,Cricket Bat,37194.37,3,111583.11,Chennai,3.8,Wallet
ORD005977,2039-05-13,Beauty,Headphones,37782.09,4,151128.36,Mumbai,5.0,Wallet
ORD005978,2039-05-14,Home & Kitchen,Jeans,48628.78,3,145886.34,Chennai,4.6,UPI
ORD005979,2039-05-15,Electronics,Face Cream,9914.23,8,79313.84,Delhi,4.8,Wallet
ORD005980,2039-05-16,Electronics,Headphones,6584.88,5,32924.4,Ahmedabad,3.7,Wallet
ORD005981,2039-05-17,Electronics,Lipstick,7370.09,8,58960.72,Pune,3.5,Cash on Delivery
ORD005982,2039-05-18,Home & Kitchen,Mixer,9647.01,1,9647.01,Bangalore,4.5,Credit Card
ORD005983,2039-05-19,Electronics,Football,26659.18,9,239932.62,Mumbai,4.6,UPI
ORD005984,2039-05-20,Beauty,Cricket Bat,48772.97,3,146318.91,Mumbai,4.1,UPI
ORD005985,2039-05-21,Home & Kitchen,Lipstick,29676.86,1,29676.86,Indore,4.8,Cash on Delivery
ORD005986,2039-05-22,Sports,T-shirt,26373.06,3,79119.18,Hyderabad,4.9,UPI
ORD005987,2039-05-23,Home & Kitchen,Mixer,33831.13,2,67662.26,Pune,3.9,Cash on Delivery
ORD005988,2039-05-24,Beauty,Saree,4159.55,7,29116.85,Hyderabad,3.4,Credit Card
ORD005989,2039-05-25,Sports,Cricket Bat,40860.03,4,163440.12,Bangalore,4.0,Wallet
ORD005990,2039-05-26,Home & Kitchen,Football,32520.54,7,227643.78,Mumbai,5.0,Wallet
ORD005991,2039-05-27,Electronics,Jeans,8973.99,3,26921.97,Indore,3.6,Credit Card
ORD005992,2039-05-28,Fashion,Cricket Bat,31720.41,6,190322.46,Delhi,4.2,UPI
ORD005993,2039-05-29,Fashion,Mixer,30012.29,7,210086.03,Chennai,4.4,Credit Card
ORD005994,2039-05-30,Electronics,Face Cream,3710.22,7,25971.54,Chennai,3.4,Wallet
ORD005995,2039-05-31,Fashion,Laptop,13713.14,5,68565.7,Chennai,4.2,Cash on Delivery
ORD005996,2039-06-01,Fashion,Lipstick,19851.61,6,119109.66,Hyderabad,3.6,Cash on Delivery
ORD005997,2039-06-02,Electronics,Cricket Bat,12621.98,3,37865.94,Mumbai,4.7,UPI
ORD005998,2039-06-03,Electronics,Headphones,12536.5,4,50146.0,Ahmedabad,4.4,Wallet
ORD005999,2039-06-04,Home & Kitchen,Lipstick,28860.95,6,173165.7,Mumbai,4.7,Cash on Delivery
ORD006000,2039-06-05,Home & Kitchen,Headphones,23807.52,3,71422.56,Delhi,3.4,Cash on Delivery
ORD006001,2039-06-06,Electronics,Cricket Bat,33530.96,7,234716.72,Hyderabad,3.1,Cash on Delivery
ORD006002,2039-06-07,Beauty,Laptop,47842.15,3,143526.45,Delhi,4.7,UPI
ORD006003,2039-06-08,Fashion,Lipstick,33197.52,9,298777.68,Mumbai,3.8,Wallet
ORD006004,2039-06-09,Home & Kitchen,Saree,29313.75,4,117255.0,Chennai,3.4,Credit Card
ORD006005,2039-06-10,Fashion,Football,42454.19,2,84908.38,Pune,3.2,Cash on Delivery
ORD006006,2039-06-11,Sports,Lipstick,31787.62,6,190725.72,Ahmedabad,4.0,Credit Card
ORD006007,2039-06-12,Electronics,Jeans,8695.28,9,78257.52,Hyderabad,3.3,Credit Card
ORD006008,2039-06-13,Beauty,Cricket Bat,16080.06,2,32160.12,Hyderabad,4.1,UPI
ORD006009,2039-06-14,Sports,T-shirt,36801.33,4,147205.32,Hyderabad,4.5,UPI
ORD006010,2039-06-15,Sports,Mixer,37049.93,5,185249.65,Indore,4.1,Credit Card
ORD006011,2039-06-16,Sports,Smartphone,49356.93,9,444212.37,Ahmedabad,4.8,UPI
ORD006012,2039-06-17,Electronics,Pressure Cooker,31535.26,7,220746.82,Indore,3.3,Credit Card
ORD006013,2039-06-18,Home & Kitchen,T-shirt,45027.49,5,225137.45,Chennai,4.0,Cash on Delivery
ORD006014,2039-06-19,Electronics,Headphones,3201.73,6,19210.38,Indore,3.3,Wallet
ORD006015,2039-06-20,Home & Kitchen,Saree,28528.01,9,256752.09,Hyderabad,4.8,Credit Card
ORD006016,2039-06-21,Sports,Saree,46032.48,4,184129.92,Indore,4.9,Wallet
ORD006017,2039-06-22,Sports,Pressure Cooker,14718.59,2,29437.18,Ahmedabad,3.8,Credit Card
ORD006018,2039-06-23,Beauty,Laptop,8166.39,5,40831.95,Indore,3.6,Cash on Delivery
ORD006019,2039-06-24,Home & Kitchen,Jeans,17850.25,7,124951.75,Bangalore,3.6,UPI
ORD006020,2039-06-25,Sports,Mixer,39715.69,4,158862.76,Hyderabad,4.7,Credit Card
ORD006021,2039-06-26,Fashion,T-shirt,4692.69,1,4692.69,Indore,4.4,UPI
ORD006022,2039-06-27,Beauty,Face Cream,30216.76,8,241734.08,Ahmedabad,4.8,Cash on Delivery
ORD006023,2039-06-28,Electronics,Smartphone,7213.76,5,36068.8,Chennai,3.2,Wallet
ORD006024,2039-06-29,Beauty,Lipstick,22058.86,2,44117.72,Indore,4.0,Credit Card
ORD006025,2039-06-30,Fashion,Pressure Cooker,48315.86,3,144947.58,Indore,4.4,Credit Card
ORD006026,2039-07-01,Home & Kitchen,Laptop,10159.64,5,50798.2,Pune,4.8,Wallet
ORD006027,2039-07-02,Electronics,Saree,2183.82,4,8735.28,Hyderabad,3.8,Credit Card
ORD006028,2039-07-03,Electronics,Smartphone,21646.57,9,194819.13,Indore,3.6,Credit Card
ORD006029,2039-07-04,Home & Kitchen,Face Cream,29095.93,9,261863.37,Bangalore,4.8,Wallet
ORD006030,2039-07-05,Beauty,Saree,15227.13,8,121817.04,Bangalore,3.1,UPI
ORD006031,2039-07-06,Sports,Cricket Bat,27317.52,2,54635.04,Pune,4.0,UPI
ORD006032,2039-07-07,Beauty,Face Cream,47693.4,5,238467.0,Ahmedabad,3.9,Wallet
ORD006033,2039-07-08,Fashion,Pressure Cooker,15932.65,8,127461.2,Ahmedabad,3.3,Cash on Delivery
ORD006034,2039-07-09,Sports,Laptop,15816.64,8,126533.12,Indore,3.8,Wallet
ORD006035,2039-07-10,Beauty,Lipstick,24397.01,7,170779.07,Hyderabad,4.4,Wallet
ORD006036,2039-07-11,Home & Kitchen,Headphones,26008.16,4,104032.64,Ahmedabad,3.7,UPI
ORD006037,2039-07-12,Fashion,Laptop,567.61,3,1702.83,Mumbai,3.6,Credit Card
ORD006038,2039-07-13,Fashion,Mixer,30985.82,8,247886.56,Ahmedabad,4.6,Cash on Delivery
ORD006039,2039-07-14,Fashion,Football,49869.19,8,398953.52,Mumbai,5.0,Credit Card
ORD006040,2039-07-15,Sports,Face Cream,14954.4,5,74772.0,Delhi,4.6,Credit Card
ORD006041,2039-07-16,Electronics,Lipstick,31725.1,3,95175.3,Bangalore,4.7,Cash on Delivery
ORD006042,2039-07-17,Sports,T-shirt,728.77,5,3643.85,Mumbai,4.9,Wallet
ORD006043,2039-07-18,Beauty,Football,30414.17,4,121656.68,Delhi,4.6,Wallet
ORD006044,2039-07-19,Electronics,Laptop,22629.88,8,181039.04,Mumbai,5.0,Credit Card
ORD006045,2039-07-20,Beauty,Face Cream,26749.51,2,53499.02,Hyderabad,4.5,Credit Card
ORD006046,2039-07-21,Electronics,Lipstick,27423.3,8,219386.4,Indore,4.3,Cash on Delivery
ORD006047,2039-07-22,Sports,T-shirt,9259.17,6,55555.02,Bangalore,4.4,UPI
ORD006048,2039-07-23,Fashion,Laptop,38613.42,4,154453.68,Mumbai,4.8,Cash on Delivery
ORD006049,2039-07-24,Home & Kitchen,Smartphone,27995.75,3,83987.25,Hyderabad,4.4,Cash on Delivery
ORD006050,2039-07-25,Fashion,Headphones,13874.63,5,69373.15,Delhi,4.5,Cash on Delivery
ORD006051,2039-07-26,Sports,Smartphone,46900.39,6,281402.34,Hyderabad,3.4,UPI
ORD006052,2039-07-27,Electronics,Football,1132.3,1,1132.3,Delhi,4.8,Wallet
ORD006053,2039-07-28,Fashion,Mixer,36433.89,1,36433.89,Mumbai,3.9,Cash on Delivery
ORD006054,2039-07-29,Sports,Face Cream,19371.14,3,58113.42,Indore,3.3,UPI
ORD006055,2039-07-30,Beauty,Lipstick,26365.97,2,52731.94,Chennai,4.6,Credit Card
ORD006056,2039-07-31,Home & Kitchen,Face Cream,14929.73,1,14929.73,Indore,3.7,Cash on Delivery
ORD006057,2039-08-01,Fashion,Football,16401.98,8,131215.84,Hyderabad,3.4,Credit Card
ORD006058,2039-08-02,Electronics,Football,1250.73,1,1250.73,Ahmedabad,3.5,Credit Card
ORD006059,2039-08-03,Beauty,T-shirt,36627.33,8,293018.64,Chennai,3.1,UPI
ORD006060,2039-08-04,Sports,Cricket Bat,35684.52,5,178422.6,Bangalore,3.2,Credit Card
ORD006061,2039-08-05,Home & Kitchen,Laptop,32890.73,4,131562.92,Chennai,4.2,Credit Card
ORD006062,2039-08-06,Electronics,Cricket Bat,43958.56,8,351668.48,Ahmedabad,4.7,Cash on Delivery
ORD006063,2039-08-07,Sports,Laptop,45112.75,8,360902.0,Indore,3.9,Credit Card
ORD006064,2039-08-08,Sports,Mixer,28043.99,8,224351.92,Bangalore,4.3,Cash on Delivery
ORD006065,2039-08-09,Fashion,Cricket Bat,34398.76,3,103196.28,Ahmedabad,4.6,Credit Card
ORD006066,2039-08-10,Fashion,Face Cream,1044.42,8,8355.36,Pune,3.7,Wallet
ORD006067,2039-08-11,Electronics,Face Cream,42393.98,1,42393.98,Mumbai,4.3,Wallet
ORD006068,2039-08-12,Sports,T-shirt,40912.46,4,163649.84,Ahmedabad,3.7,UPI
ORD006069,2039-08-13,Fashion,Face Cream,1502.31,5,7511.55,Mumbai,4.3,Credit Card
ORD006070,2039-08-14,Home & Kitchen,Jeans,27369.85,6,164219.1,Hyderabad,3.4,UPI
ORD006071,2039-08-15,Home & Kitchen,Smartphone,45379.45,5,226897.25,Ahmedabad,5.0,Cash on Delivery
ORD006072,2039-08-16,Sports,T-shirt,9478.71,5,47393.55,Chennai,3.2,Cash on Delivery
ORD006073,2039-08-17,Fashion,Saree,17955.92,5,89779.6,Ahmedabad,4.0,Credit Card
ORD006074,2039-08-18,Electronics,Pressure Cooker,16887.16,9,151984.44,Bangalore,3.6,Credit Card
ORD006075,2039-08-19,Electronics,Mixer,18119.05,3,54357.15,Bangalore,4.2,Wallet
ORD006076,2039-08-20,Electronics,Headphones,2573.36,2,5146.72,Chennai,3.9,Cash on Delivery
ORD006077,2039-08-21,Home & Kitchen,Laptop,14311.38,2,28622.76,Indore,3.6,Cash on Delivery
ORD006078,2039-08-22,Fashion,T-shirt,15095.39,8,120763.12,Pune,3.5,Cash on Delivery
ORD006079,2039-08-23,Fashion,Cricket Bat,43360.67,5,216803.35,Ahmedabad,3.4,UPI
ORD006080,2039-08-24,Home & Kitchen,Pressure Cooker,17929.74,5,89648.7,Mumbai,4.6,Credit Card
ORD006081,2039-08-25,Electronics,Jeans,22637.23,6,135823.38,Indore,3.4,Cash on Delivery
ORD006082,2039-08-26,Electronics,Saree,19346.53,9,174118.77,Mumbai,4.5,Cash on Delivery
ORD006083,2039-08-27,Sports,Cricket Bat,6473.34,7,45313.38,Bangalore,4.0,Credit Card
ORD006084,2039-08-28,Beauty,Face Cream,49522.66,5,247613.3,Hyderabad,3.1,Credit Card
ORD006085,2039-08-29,Fashion,Football,41378.35,5,206891.75,Pune,3.3,UPI
ORD006086,2039-08-30,Fashion,Smartphone,27275.56,9,245480.04,Mumbai,4.8,Wallet
ORD006087,2039-08-31,Fashion,Jeans,24080.04,9,216720.36,Ahmedabad,4.2,Cash on Delivery
ORD006088,2039-09-01,Beauty,Pressure Cooker,32638.11,2,65276.22,Delhi,3.4,Wallet
ORD006089,2039-09-02,Sports,Face Cream,16658.34,7,116608.38,Bangalore,4.4,Credit Card
ORD006090,2039-09-03,Beauty,Lipstick,2989.0,1,2989.0,Chennai,4.6,Wallet
ORD006091,2039-09-04,Electronics,Lipstick,20513.68,4,82054.72,Ahmedabad,3.7,UPI
ORD006092,2039-09-05,Electronics,Pressure Cooker,49206.89,2,98413.78,Chennai,4.1,Wallet
ORD006093,2039-09-06,Fashion,Lipstick,9526.17,9,85735.53,Indore,3.6,Cash on Delivery
ORD006094,2039-09-07,Home & Kitchen,Mixer,26621.41,6,159728.46,Indore,3.2,UPI
ORD006095,2039-09-08,Fashion,T-shirt,921.81,4,3687.24,Bangalore,3.8,Credit Card
ORD006096,2039-09-09,Home & Kitchen,Laptop,6540.56,3,19621.68,Indore,4.5,UPI
ORD006097,2039-09-10,Beauty,T-shirt,29565.99,4,118263.96,Indore,3.9,Cash on Delivery
ORD006098,2039-09-11,Electronics,Saree,15221.99,2,30443.98,Bangalore,3.8,Credit Card
ORD006099,2039-09-12,Home & Kitchen,T-shirt,45331.38,5,226656.9,Mumbai,3.7,Wallet
ORD006100,2039-09-13,Beauty,T-shirt,20605.4,9,185448.6,Bangalore,3.9,Cash on Delivery
ORD006101,2039-09-14,Electronics,Smartphone,10797.66,6,64785.96,Bangalore,3.6,UPI
ORD006102,2039-09-15,Home & Kitchen,Laptop,27506.79,2,55013.58,Ahmedabad,4.2,UPI
ORD006103,2039-09-16,Fashion,Face Cream,39851.19,6,239107.14,Indore,3.1,UPI
ORD006104,2039-09-17,Fashion,Football,1461.27,9,13151.43,Delhi,4.6,Credit Card
ORD006105,2039-09-18,Fashion,T-shirt,25523.25,4,102093.0,Chennai,3.3,UPI
ORD006106,2039-09-19,Beauty,Laptop,38784.61,1,38784.61,Indore,4.3,Credit Card
ORD006107,2039-09-20,Fashion,Headphones,5627.64,2,11255.28,Mumbai,3.9,UPI
ORD006108,2039-09-21,Sports,Lipstick,45188.53,5,225942.65,Hyderabad,4.5,UPI
ORD006109,2039-09-22,Electronics,Cricket Bat,13593.61,7,95155.27,Mumbai,4.7,Credit Card
ORD006110,2039-09-23,Beauty,Smartphone,8944.88,8,71559.04,Chennai,3.4,Credit Card
ORD006111,2039-09-24,Fashion,Lipstick,29668.18,3,89004.54,Hyderabad,4.4,Credit Card
ORD006112,2039-09-25,Electronics,Laptop,9164.04,9,82476.36,Bangalore,3.4,Cash on Delivery
ORD006113,2039-09-26,Home & Kitchen,Lipstick,34145.23,2,68290.46,Ahmedabad,3.2,Wallet
ORD006114,2039-09-27,Fashion,T-shirt,24760.05,4,99040.2,Delhi,4.9,UPI
ORD006115,2039-09-28,Electronics,Cricket Bat,5942.82,4,23771.28,Delhi,3.3,Cash on Delivery
ORD006116,2039-09-29,Sports,T-shirt,45668.26,6,274009.56,Ahmedabad,3.5,Wallet
ORD006117,2039-09-30,Home & Kitchen,Saree,33823.67,6,202942.02,Chennai,3.3,UPI
ORD006118,2039-10-01,Sports,T-shirt,27526.65,3,82579.95,Ahmedabad,3.9,UPI
ORD006119,2039-10-02,Electronics,Cricket Bat,19029.86,9,171268.74,Indore,4.8,UPI
ORD006120,2039-10-03,Sports,Football,7175.57,5,35877.85,Ahmedabad,3.5,Wallet
ORD006121,2039-10-04,Electronics,Jeans,35522.16,2,71044.32,Chennai,4.1,UPI
ORD006122,2039-10-05,Electronics,Headphones,40775.96,6,244655.76,Delhi,3.8,Cash on Delivery
ORD006123,2039-10-06,Sports,Laptop,6728.03,3,20184.09,Pune,3.7,UPI
ORD006124,2039-10-07,Electronics,Headphones,24981.1,8,199848.8,Ahmedabad,4.1,Cash on Delivery
ORD006125,2039-10-08,Fashion,Saree,24499.89,3,73499.67,Hyderabad,4.1,Credit Card
ORD006126,2039-10-09,Electronics,Headphones,17820.63,5,89103.15,Ahmedabad,3.7,Wallet
ORD006127,2039-10-10,Beauty,Lipstick,39572.42,4,158289.68,Hyderabad,4.7,Cash on Delivery
ORD006128,2039-10-11,Electronics,Pressure Cooker,5426.72,4,21706.88,Indore,3.1,UPI
ORD006129,2039-10-12,Beauty,Smartphone,10648.45,2,21296.9,Mumbai,3.2,Cash on Delivery
ORD006130,2039-10-13,Electronics,Cricket Bat,579.34,8,4634.72,Bangalore,5.0,Cash on Delivery
ORD006131,2039-10-14,Electronics,Smartphone,18962.78,3,56888.34,Ahmedabad,4.5,Credit Card
ORD006132,2039-10-15,Sports,Cricket Bat,14913.32,4,59653.28,Indore,4.6,Wallet
ORD006133,2039-10-16,Fashion,Laptop,43416.2,6,260497.2,Hyderabad,4.2,Credit Card
ORD006134,2039-10-17,Fashion,Headphones,37417.61,9,336758.49,Bangalore,3.8,Wallet
ORD006135,2039-10-18,Home & Kitchen,Laptop,4681.37,4,18725.48,Ahmedabad,4.3,Credit Card
ORD006136,2039-10-19,Sports,T-shirt,37177.32,3,111531.96,Chennai,3.2,Wallet
ORD006137,2039-10-20,Sports,Football,33932.31,5,169661.55,Hyderabad,4.5,UPI
ORD006138,2039-10-21,Fashion,T-shirt,14445.35,9,130008.15,Hyderabad,4.1,Cash on Delivery
ORD006139,2039-10-22,Sports,Smartphone,1265.31,1,1265.31,Hyderabad,4.9,Cash on Delivery
ORD006140,2039-10-23,Fashion,Mixer,6200.54,5,31002.7,Mumbai,4.3,Credit Card
ORD006141,2039-10-24,Sports,Mixer,12872.08,4,51488.32,Indore,3.3,UPI
ORD006142,2039-10-25,Electronics,Pressure Cooker,40922.81,5,204614.05,Chennai,4.0,UPI
ORD006143,2039-10-26,Fashion,Mixer,23532.98,7,164730.86,Delhi,3.1,UPI
ORD006144,2039-10-27,Fashion,Saree,45960.58,7,321724.06,Mumbai,4.5,Credit Card
ORD006145,2039-10-28,Beauty,Lipstick,39562.85,7,276939.95,Mumbai,4.0,Wallet
ORD006146,2039-10-29,Sports,Lipstick,14711.85,1,14711.85,Hyderabad,3.7,UPI
ORD006147,2039-10-30,Sports,T-shirt,42345.43,9,381108.87,Mumbai,4.9,UPI
ORD006148,2039-10-31,Fashion,Mixer,6277.88,7,43945.16,Indore,4.9,Wallet
ORD006149,2039-11-01,Electronics,Pressure Cooker,2287.82,4,9151.28,Indore,4.9,Wallet
ORD006150,2039-11-02,Electronics,Cricket Bat,30622.64,4,122490.56,Indore,3.4,UPI
ORD006151,2039-11-03,Electronics,T-shirt,17416.28,2,34832.56,Delhi,4.5,Credit Card
ORD006152,2039-11-04,Sports,Laptop,16806.57,6,100839.42,Mumbai,4.9,Credit Card
ORD006153,2039-11-05,Beauty,Mixer,34516.81,3,103550.43,Ahmedabad,4.1,Cash on Delivery
ORD006154,2039-11-06,Fashion,T-shirt,42580.14,1,42580.14,Pune,3.4,Cash on Delivery
ORD006155,2039-11-07,Home & Kitchen,Mixer,16447.69,5,82238.45,Indore,4.6,Cash on Delivery
ORD006156,2039-11-08,Beauty,Saree,16588.18,6,99529.08,Mumbai,4.8,Credit Card
ORD006157,2039-11-09,Home & Kitchen,Face Cream,26925.63,5,134628.15,Hyderabad,4.4,Cash on Delivery
ORD006158,2039-11-10,Beauty,Pressure Cooker,32832.59,5,164162.95,Chennai,3.6,UPI
ORD006159,2039-11-11,Electronics,Smartphone,10543.84,8,84350.72,Indore,3.4,Credit Card
ORD006160,2039-11-12,Sports,Jeans,45677.62,1,45677.62,Delhi,4.2,Credit Card
ORD006161,2039-11-13,Home & Kitchen,Pressure Cooker,32893.62,8,263148.96,Hyderabad,4.0,Cash on Delivery
ORD006162,2039-11-14,Beauty,Mixer,31445.51,7,220118.57,Mumbai,4.3,UPI
ORD006163,2039-11-15,Sports,Laptop,45257.68,1,45257.68,Indore,3.2,UPI
ORD006164,2039-11-16,Home & Kitchen,Football,45409.62,9,408686.58,Delhi,3.3,Credit Card
ORD006165,2039-11-17,Fashion,Laptop,7209.73,4,28838.92,Pune,3.7,Credit Card
ORD006166,2039-11-18,Beauty,Smartphone,7681.24,7,53768.68,Bangalore,3.5,Cash on Delivery
ORD006167,2039-11-19,Fashion,Headphones,38216.46,3,114649.38,Indore,4.2,UPI
ORD006168,2039-11-20,Electronics,Laptop,47865.56,8,382924.48,Pune,3.7,Credit Card
ORD006169,2039-11-21,Fashion,T-shirt,33492.43,4,133969.72,Pune,4.4,Wallet
ORD006170,2039-11-22,Fashion,Football,20860.19,2,41720.38,Indore,4.5,UPI
ORD006171,2039-11-23,Beauty,Laptop,34331.92,2,68663.84,Mumbai,3.4,Wallet
ORD006172,2039-11-24,Electronics,Jeans,11826.17,8,94609.36,Chennai,4.8,Credit Card
ORD006173,2039-11-25,Fashion,Smartphone,49899.33,8,399194.64,Mumbai,4.6,Cash on Delivery
ORD006174,2039-11-26,Sports,T-shirt,21838.72,1,21838.72,Ahmedabad,4.3,Credit Card
ORD006175,2039-11-27,Home & Kitchen,Mixer,46618.46,6,279710.76,Chennai,4.8,Credit Card
ORD006176,2039-11-28,Fashion,Pressure Cooker,21824.5,9,196420.5,Ahmedabad,3.5,Wallet
ORD006177,2039-11-29,Electronics,Smartphone,46442.92,9,417986.28,Ahmedabad,3.8,Credit Card
ORD006178,2039-11-30,Fashion,Jeans,17116.43,2,34232.86,Bangalore,3.2,Cash on Delivery
ORD006179,2039-12-01,Home & Kitchen,Lipstick,38146.88,8,305175.04,Hyderabad,3.9,Wallet
ORD006180,2039-12-02,Electronics,Jeans,47574.6,8,380596.8,Hyderabad,4.0,Wallet
ORD006181,2039-12-03,Beauty,Cricket Bat,32476.04,4,129904.16,Ahmedabad,4.2,Cash on Delivery
ORD006182,2039-12-04,Electronics,Cricket Bat,34039.48,4,136157.92,Ahmedabad,3.1,Wallet
ORD006183,2039-12-05,Beauty,Lipstick,5592.87,5,27964.35,Pune,3.1,Cash on Delivery
ORD006184,2039-12-06,Electronics,Saree,23973.89,7,167817.23,Indore,3.8,Wallet
ORD006185,2039-12-07,Home & Kitchen,Laptop,44394.39,1,44394.39,Hyderabad,3.4,Credit Card
ORD006186,2039-12-08,Home & Kitchen,Pressure Cooker,12425.04,9,111825.36,Delhi,4.5,Credit Card
ORD006187,2039-12-09,Electronics,Headphones,39523.97,3,118571.91,Chennai,4.3,UPI
ORD006188,2039-12-10,Fashion,Headphones,33947.64,4,135790.56,Mumbai,3.7,Wallet
ORD006189,2039-12-11,Home & Kitchen,Face Cream,11537.81,7,80764.67,Delhi,3.1,Cash on Delivery
ORD006190,2039-12-12,Beauty,Pressure Cooker,14498.16,5,72490.8,Delhi,3.4,Cash on Delivery
ORD006191,2039-12-13,Beauty,Face Cream,21664.26,5,108321.3,Mumbai,4.4,Wallet
ORD006192,2039-12-14,Sports,Jeans,6693.9,1,6693.9,Bangalore,5.0,Credit Card
ORD006193,2039-12-15,Beauty,Lipstick,45711.88,2,91423.76,Pune,3.7,Cash on Delivery
ORD006194,2039-12-16,Sports,Face Cream,37098.2,5,185491.0,Hyderabad,4.6,UPI
ORD006195,2039-12-17,Electronics,Lipstick,18565.72,2,37131.44,Bangalore,4.7,Cash on Delivery
ORD006196,2039-12-18,Electronics,Mixer,15333.44,1,15333.44,Bangalore,3.1,Cash on Delivery
ORD006197,2039-12-19,Electronics,Smartphone,34634.15,3,103902.45,Hyderabad,4.8,Cash on Delivery
ORD006198,2039-12-20,Fashion,T-shirt,21498.94,1,21498.94,Ahmedabad,3.9,UPI
ORD006199,2039-12-21,Fashion,Cricket Bat,11852.16,8,94817.28,Bangalore,4.9,UPI
ORD006200,2039-12-22,Sports,Headphones,21792.46,8,174339.68,Delhi,4.1,Cash on Delivery
ORD006201,2039-12-23,Beauty,Laptop,43629.2,8,349033.6,Ahmedabad,3.5,UPI
ORD006202,2039-12-24,Beauty,T-shirt,3896.03,7,27272.21,Indore,4.9,Credit Card
ORD006203,2039-12-25,Electronics,Jeans,18733.73,7,131136.11,Mumbai,3.5,Cash on Delivery
ORD006204,2039-12-26,Home & Kitchen,Face Cream,48135.8,2,96271.6,Ahmedabad,4.8,UPI
ORD006205,2039-12-27,Fashion,Mixer,1234.18,9,11107.62,Indore,3.3,UPI
ORD006206,2039-12-28,Fashion,T-shirt,44586.7,7,312106.9,Ahmedabad,4.3,UPI
ORD006207,2039-12-29,Electronics,Mixer,19054.27,5,95271.35,Ahmedabad,3.8,Credit Card
ORD006208,2039-12-30,Fashion,Headphones,9881.15,4,39524.6,Ahmedabad,4.9,UPI
ORD006209,2039-12-31,Electronics,Headphones,1241.5,8,9932.0,Ahmedabad,3.4,Wallet
ORD006210,2040-01-01,Sports,Laptop,3990.88,5,19954.4,Delhi,3.8,Wallet
ORD006211,2040-01-02,Beauty,Lipstick,9006.25,6,54037.5,Indore,4.3,Credit Card
ORD006212,2040-01-03,Home & Kitchen,Jeans,1757.76,4,7031.04,Delhi,5.0,Credit Card
ORD006213,2040-01-04,Beauty,Saree,17124.57,2,34249.14,Chennai,3.6,UPI
ORD006214,2040-01-05,Beauty,Pressure Cooker,2722.21,7,19055.47,Hyderabad,3.8,Credit Card
ORD006215,2040-01-06,Sports,Laptop,34764.7,2,69529.4,Hyderabad,3.9,UPI
ORD006216,2040-01-07,Fashion,Headphones,41035.9,7,287251.3,Indore,3.5,UPI
ORD006217,2040-01-08,Home & Kitchen,Smartphone,44429.46,7,311006.22,Delhi,4.6,UPI
ORD006218,2040-01-09,Fashion,Face Cream,27681.84,1,27681.84,Hyderabad,3.2,Wallet
ORD006219,2040-01-10,Beauty,Lipstick,47352.22,3,142056.66,Ahmedabad,4.4,Wallet
ORD006220,2040-01-11,Electronics,Face Cream,779.45,3,2338.35,Chennai,4.1,Cash on Delivery
ORD006221,2040-01-12,Beauty,Face Cream,7133.91,6,42803.46,Ahmedabad,3.5,Credit Card
ORD006222,2040-01-13,Fashion,Football,15011.72,3,45035.16,Indore,4.0,Wallet
ORD006223,2040-01-14,Beauty,Pressure Cooker,39556.71,9,356010.39,Mumbai,4.7,Credit Card
ORD006224,2040-01-15,Electronics,Smartphone,44326.76,5,221633.8,Bangalore,3.9,UPI
ORD006225,2040-01-16,Sports,Laptop,31097.66,6,186585.96,Pune,3.2,Credit Card
ORD006226,2040-01-17,Fashion,T-shirt,19470.2,6,116821.2,Hyderabad,3.1,UPI
ORD006227,2040-01-18,Beauty,Saree,33459.36,8,267674.88,Delhi,4.6,Credit Card
ORD006228,2040-01-19,Fashion,Mixer,9454.52,3,28363.56,Hyderabad,3.7,Wallet
ORD006229,2040-01-20,Sports,Pressure Cooker,23164.77,9,208482.93,Delhi,4.9,Credit Card
ORD006230,2040-01-21,Beauty,Pressure Cooker,25623.43,7,179364.01,Indore,4.2,UPI
ORD006231,2040-01-22,Beauty,Football,5691.13,6,34146.78,Indore,3.9,Wallet
ORD006232,2040-01-23,Fashion,Laptop,2176.7,1,2176.7,Bangalore,4.1,UPI
ORD006233,2040-01-24,Fashion,Pressure Cooker,37630.22,4,150520.88,Ahmedabad,3.9,UPI
ORD006234,2040-01-25,Electronics,Mixer,26967.96,5,134839.8,Hyderabad,4.8,Wallet
ORD006235,2040-01-26,Sports,Mixer,16945.82,2,33891.64,Bangalore,3.9,Credit Card
ORD006236,2040-01-27,Electronics,Smartphone,22142.82,1,22142.82,Delhi,3.2,Cash on Delivery
ORD006237,2040-01-28,Beauty,T-shirt,47906.32,2,95812.64,Chennai,4.2,Cash on Delivery
ORD006238,2040-01-29,Fashion,Mixer,19553.23,8,156425.84,Chennai,4.2,Credit Card
ORD006239,2040-01-30,Beauty,Saree,5622.22,6,33733.32,Pune,4.5,Credit Card
ORD006240,2040-01-31,Beauty,Pressure Cooker,23448.31,2,46896.62,Mumbai,4.9,Wallet
ORD006241,2040-02-01,Home & Kitchen,Smartphone,32578.39,9,293205.51,Delhi,3.9,UPI
ORD006242,2040-02-02,Home & Kitchen,Headphones,1099.6,8,8796.8,Delhi,3.7,Wallet
ORD006243,2040-02-03,Beauty,Smartphone,16950.86,4,67803.44,Ahmedabad,4.0,Wallet
ORD006244,2040-02-04,Fashion,Saree,19978.96,7,139852.72,Delhi,4.8,UPI
ORD006245,2040-02-05,Beauty,Lipstick,23453.88,3,70361.64,Indore,5.0,UPI
ORD006246,2040-02-06,Home & Kitchen,Smartphone,15433.37,6,92600.22,Indore,4.9,Credit Card
ORD006247,2040-02-07,Fashion,Headphones,33512.65,3,100537.95,Chennai,3.5,UPI
ORD006248,2040-02-08,Beauty,Mixer,47263.11,3,141789.33,Chennai,4.0,UPI
ORD006249,2040-02-09,Sports,Cricket Bat,45742.91,9,411686.19,Pune,3.5,Credit Card
ORD006250,2040-02-10,Sports,Cricket Bat,33387.47,6,200324.82,Pune,3.7,Wallet
ORD006251,2040-02-11,Beauty,Cricket Bat,25590.76,8,204726.08,Chennai,3.1,Cash on Delivery
ORD006252,2040-02-12,Fashion,Lipstick,41377.85,4,165511.4,Hyderabad,3.3,UPI
ORD006253,2040-02-13,Beauty,Face Cream,41878.89,4,167515.56,Hyderabad,3.8,Wallet
ORD006254,2040-02-14,Beauty,Headphones,41563.87,8,332510.96,Chennai,3.7,Wallet
ORD006255,2040-02-15,Home & Kitchen,Saree,8313.37,7,58193.59,Bangalore,3.6,Cash on Delivery
ORD006256,2040-02-16,Sports,Football,1758.9,5,8794.5,Hyderabad,3.5,UPI
ORD006257,2040-02-17,Home & Kitchen,Laptop,49168.07,2,98336.14,Indore,4.5,Wallet
ORD006258,2040-02-18,Home & Kitchen,Cricket Bat,48002.88,6,288017.28,Hyderabad,3.6,Wallet
ORD006259,2040-02-19,Beauty,Laptop,28436.73,1,28436.73,Hyderabad,4.4,UPI
ORD006260,2040-02-20,Home & Kitchen,Lipstick,49656.65,7,347596.55,Hyderabad,3.7,UPI
ORD006261,2040-02-21,Sports,Laptop,38642.08,9,347778.72,Pune,4.6,Wallet
ORD006262,2040-02-22,Home & Kitchen,Pressure Cooker,26110.32,5,130551.6,Pune,3.3,Credit Card
ORD006263,2040-02-23,Sports,Lipstick,19771.89,5,98859.45,Mumbai,3.3,Credit Card
ORD006264,2040-02-24,Home & Kitchen,Laptop,29846.73,7,208927.11,Hyderabad,4.4,Wallet
ORD006265,2040-02-25,Sports,Smartphone,26032.2,5,130161.0,Bangalore,4.8,UPI
ORD006266,2040-02-26,Home & Kitchen,Cricket Bat,49693.23,4,198772.92,Pune,3.3,UPI
ORD006267,2040-02-27,Home & Kitchen,T-shirt,24777.79,1,24777.79,Mumbai,3.1,Credit Card
ORD006268,2040-02-28,Fashion,Football,41878.09,6,251268.54,Indore,4.9,Credit Card
ORD006269,2040-02-29,Sports,Jeans,40774.38,9,366969.42,Indore,3.2,Cash on Delivery
ORD006270,2040-03-01,Sports,Lipstick,4034.61,4,16138.44,Hyderabad,3.5,Credit Card
ORD006271,2040-03-02,Sports,Mixer,4806.83,4,19227.32,Delhi,4.9,UPI
ORD006272,2040-03-03,Electronics,Jeans,33160.6,5,165803.0,Mumbai,4.6,Credit Card
ORD006273,2040-03-04,Home & Kitchen,Saree,13325.85,6,79955.1,Pune,3.7,Wallet
ORD006274,2040-03-05,Sports,Lipstick,33047.59,3,99142.77,Indore,4.9,Cash on Delivery
ORD006275,2040-03-06,Electronics,Lipstick,7658.98,9,68930.82,Hyderabad,4.1,Cash on Delivery
ORD006276,2040-03-07,Fashion,Laptop,20154.88,1,20154.88,Ahmedabad,3.1,UPI
ORD006277,2040-03-08,Sports,Lipstick,5572.28,6,33433.68,Bangalore,4.4,Wallet
ORD006278,2040-03-09,Sports,Cricket Bat,14463.61,6,86781.66,Ahmedabad,4.1,Credit Card
ORD006279,2040-03-10,Electronics,Headphones,4870.78,8,38966.24,Chennai,4.1,Cash on Delivery
ORD006280,2040-03-11,Home & Kitchen,Headphones,48543.64,5,242718.2,Indore,5.0,Cash on Delivery
ORD006281,2040-03-12,Fashion,Saree,20055.39,9,180498.51,Hyderabad,3.3,Wallet
ORD006282,2040-03-13,Sports,Pressure Cooker,45108.84,9,405979.56,Delhi,4.3,Cash on Delivery
ORD006283,2040-03-14,Home & Kitchen,Face Cream,48573.0,2,97146.0,Bangalore,3.9,Wallet
ORD006284,2040-03-15,Fashion,Football,45523.35,5,227616.75,Indore,3.5,UPI
ORD006285,2040-03-16,Beauty,T-shirt,23020.5,7,161143.5,Mumbai,4.4,Cash on Delivery
ORD006286,2040-03-17,Beauty,Pressure Cooker,39055.42,2,78110.84,Bangalore,4.3,Credit Card
ORD006287,2040-03-18,Fashion,Cricket Bat,8108.12,7,56756.84,Hyderabad,4.7,Wallet
ORD006288,2040-03-19,Electronics,Cricket Bat,5194.21,9,46747.89,Pune,4.8,UPI
ORD006289,2040-03-20,Fashion,Smartphone,43906.62,8,351252.96,Indore,4.1,Credit Card
ORD006290,2040-03-21,Fashion,Headphones,2040.45,9,18364.05,Indore,3.7,Wallet
ORD006291,2040-03-22,Electronics,Jeans,48630.2,4,194520.8,Delhi,4.1,Credit Card
ORD006292,2040-03-23,Electronics,Mixer,33770.63,8,270165.04,Indore,3.7,Cash on Delivery
ORD006293,2040-03-24,Home & Kitchen,Lipstick,21270.84,9,191437.56,Pune,3.6,UPI
ORD006294,2040-03-25,Home & Kitchen,T-shirt,7498.08,2,14996.16,Bangalore,4.1,Wallet
ORD006295,2040-03-26,Electronics,Mixer,36299.94,3,108899.82,Indore,4.3,Wallet
ORD006296,2040-03-27,Beauty,Pressure Cooker,28374.03,1,28374.03,Ahmedabad,4.2,UPI
ORD006297,2040-03-28,Beauty,Mixer,35700.79,1,35700.79,Bangalore,4.9,Credit Card
ORD006298,2040-03-29,Fashion,Smartphone,21187.15,6,127122.9,Chennai,3.6,UPI
ORD006299,2040-03-30,Sports,T-shirt,3779.87,1,3779.87,Pune,3.7,UPI
ORD006300,2040-03-31,Fashion,T-shirt,16091.12,5,80455.6,Chennai,4.3,UPI
ORD006301,2040-04-01,Fashion,Smartphone,16093.53,6,96561.18,Hyderabad,4.2,UPI
ORD006302,2040-04-02,Sports,Cricket Bat,929.62,9,8366.58,Mumbai,3.0,Cash on Delivery
ORD006303,2040-04-03,Electronics,Smartphone,974.26,6,5845.56,Mumbai,3.6,Wallet
ORD006304,2040-04-04,Beauty,Cricket Bat,16872.54,4,67490.16,Ahmedabad,3.5,Credit Card
ORD006305,2040-04-05,Fashion,Jeans,36517.36,1,36517.36,Delhi,4.7,Credit Card
ORD006306,2040-04-06,Sports,Saree,31390.16,6,188340.96,Pune,4.7,UPI
ORD006307,2040-04-07,Home & Kitchen,Cricket Bat,12331.37,7,86319.59,Hyderabad,3.6,UPI
ORD006308,2040-04-08,Fashion,Mixer,30336.75,5,151683.75,Mumbai,3.2,Credit Card
ORD006309,2040-04-09,Beauty,Cricket Bat,32545.19,6,195271.14,Indore,3.4,Credit Card
ORD006310,2040-04-10,Electronics,Saree,26367.21,8,210937.68,Bangalore,3.4,Cash on Delivery
ORD006311,2040-04-11,Fashion,Pressure Cooker,26307.02,1,26307.02,Hyderabad,3.5,UPI
ORD006312,2040-04-12,Fashion,Lipstick,18802.52,8,150420.16,Bangalore,3.5,Credit Card
ORD006313,2040-04-13,Sports,Smartphone,6608.02,2,13216.04,Delhi,4.0,Wallet
ORD006314,2040-04-14,Home & Kitchen,Lipstick,19581.45,2,39162.9,Pune,3.6,Cash on Delivery
ORD006315,2040-04-15,Home & Kitchen,Smartphone,17594.05,8,140752.4,Indore,4.1,Cash on Delivery
ORD006316,2040-04-16,Electronics,Football,29802.64,2,59605.28,Hyderabad,3.7,UPI
ORD006317,2040-04-17,Beauty,Jeans,42884.88,8,343079.04,Indore,4.6,Cash on Delivery
ORD006318,2040-04-18,Electronics,Headphones,19081.07,5,95405.35,Ahmedabad,4.9,Cash on Delivery
ORD006319,2040-04-19,Fashion,Mixer,35631.9,9,320687.1,Indore,3.8,Wallet
ORD006320,2040-04-20,Fashion,Mixer,40685.6,9,366170.4,Pune,3.1,Cash on Delivery
ORD006321,2040-04-21,Home & Kitchen,Pressure Cooker,10981.7,8,87853.6,Indore,3.5,Wallet
ORD006322,2040-04-22,Beauty,Face Cream,45131.68,9,406185.12,Delhi,3.2,Cash on Delivery
ORD006323,2040-04-23,Sports,Headphones,3987.02,7,27909.14,Pune,3.7,Cash on Delivery
ORD006324,2040-04-24,Beauty,Headphones,45135.11,8,361080.88,Chennai,4.3,UPI
ORD006325,2040-04-25,Fashion,Smartphone,8599.83,6,51598.98,Delhi,4.0,UPI
ORD006326,2040-04-26,Sports,Mixer,17189.9,9,154709.1,Ahmedabad,3.5,UPI
ORD006327,2040-04-27,Beauty,Football,30459.14,2,60918.28,Indore,4.5,UPI
ORD006328,2040-04-28,Beauty,Mixer,45331.33,3,135993.99,Chennai,3.3,Credit Card
ORD006329,2040-04-29,Sports,Headphones,13157.22,2,26314.44,Hyderabad,3.5,UPI
ORD006330,2040-04-30,Fashion,Smartphone,38296.91,6,229781.46,Bangalore,4.4,UPI
ORD006331,2040-05-01,Beauty,Cricket Bat,35666.57,3,106999.71,Bangalore,3.4,UPI
ORD006332,2040-05-02,Sports,Cricket Bat,8405.58,1,8405.58,Bangalore,4.4,Cash on Delivery
ORD006333,2040-05-03,Fashion,Saree,24233.47,4,96933.88,Ahmedabad,5.0,Cash on Delivery
ORD006334,2040-05-04,Sports,Laptop,24334.5,5,121672.5,Delhi,4.7,Cash on Delivery
ORD006335,2040-05-05,Sports,T-shirt,15578.28,4,62313.12,Hyderabad,3.3,UPI
ORD006336,2040-05-06,Beauty,Jeans,39106.11,6,234636.66,Hyderabad,4.0,Wallet
ORD006337,2040-05-07,Fashion,Smartphone,46333.73,3,139001.19,Chennai,3.8,Credit Card
ORD006338,2040-05-08,Beauty,Cricket Bat,35970.34,6,215822.04,Hyderabad,5.0,Wallet
ORD006339,2040-05-09,Electronics,Pressure Cooker,48661.26,1,48661.26,Bangalore,4.9,Wallet
ORD006340,2040-05-10,Electronics,T-shirt,2998.19,6,17989.14,Hyderabad,3.3,Wallet
ORD006341,2040-05-11,Fashion,T-shirt,2342.52,8,18740.16,Chennai,4.8,Wallet
ORD006342,2040-05-12,Sports,T-shirt,44746.0,8,357968.0,Hyderabad,3.4,Credit Card
ORD006343,2040-05-13,Beauty,Headphones,44941.12,1,44941.12,Hyderabad,3.6,Wallet
ORD006344,2040-05-14,Beauty,Saree,5802.48,7,40617.36,Bangalore,3.7,UPI
ORD006345,2040-05-15,Fashion,Pressure Cooker,18193.58,4,72774.32,Hyderabad,3.6,Wallet
ORD006346,2040-05-16,Fashion,Laptop,41852.03,6,251112.18,Delhi,4.7,Credit Card
ORD006347,2040-05-17,Electronics,Pressure Cooker,6862.76,6,41176.56,Pune,3.7,Credit Card
ORD006348,2040-05-18,Home & Kitchen,Pressure Cooker,13737.69,5,68688.45,Chennai,4.6,Wallet
ORD006349,2040-05-19,Fashion,Smartphone,34209.3,9,307883.7,Chennai,5.0,UPI
ORD006350,2040-05-20,Home & Kitchen,Saree,49104.0,8,392832.0,Chennai,4.7,Wallet
ORD006351,2040-05-21,Fashion,Lipstick,39958.37,6,239750.22,Hyderabad,3.7,Cash on Delivery
ORD006352,2040-05-22,Sports,Saree,38977.22,4,155908.88,Delhi,4.4,Credit Card
ORD006353,2040-05-23,Sports,Lipstick,17461.8,4,69847.2,Pune,4.1,Wallet
ORD006354,2040-05-24,Electronics,Laptop,33236.48,9,299128.32,Indore,4.6,Cash on Delivery
ORD006355,2040-05-25,Electronics,Smartphone,6097.87,4,24391.48,Indore,3.3,UPI
ORD006356,2040-05-26,Home & Kitchen,Headphones,49617.22,7,347320.54,Chennai,4.3,Cash on Delivery
ORD006357,2040-05-27,Fashion,T-shirt,24288.92,6,145733.52,Mumbai,4.5,Credit Card
ORD006358,2040-05-28,Beauty,Smartphone,32120.99,2,64241.98,Indore,4.5,Cash on Delivery
ORD006359,2040-05-29,Electronics,Headphones,43870.51,5,219352.55,Indore,4.9,Cash on Delivery
ORD006360,2040-05-30,Beauty,Football,547.77,3,1643.31,Bangalore,3.1,Cash on Delivery
ORD006361,2040-05-31,Beauty,Smartphone,48811.13,9,439300.17,Mumbai,3.7,UPI
ORD006362,2040-06-01,Fashion,Headphones,18278.39,1,18278.39,Mumbai,4.0,UPI
ORD006363,2040-06-02,Home & Kitchen,Smartphone,17309.74,4,69238.96,Ahmedabad,3.6,UPI
ORD006364,2040-06-03,Fashion,Saree,7680.64,4,30722.56,Chennai,3.6,UPI
ORD006365,2040-06-04,Electronics,Saree,42980.13,9,386821.17,Pune,3.4,Wallet
ORD006366,2040-06-05,Beauty,Football,43606.56,1,43606.56,Ahmedabad,4.6,Cash on Delivery
ORD006367,2040-06-06,Fashion,Saree,1489.46,2,2978.92,Pune,4.8,Credit Card
ORD006368,2040-06-07,Fashion,T-shirt,3258.4,1,3258.4,Mumbai,3.2,Cash on Delivery
ORD006369,2040-06-08,Fashion,Jeans,45957.91,1,45957.91,Mumbai,3.3,Wallet
ORD006370,2040-06-09,Electronics,Mixer,6581.97,1,6581.97,Indore,3.5,Cash on Delivery
ORD006371,2040-06-10,Home & Kitchen,Lipstick,31235.91,3,93707.73,Delhi,4.0,Cash on Delivery
ORD006372,2040-06-11,Fashion,Saree,31172.7,4,124690.8,Bangalore,4.6,Credit Card
ORD006373,2040-06-12,Electronics,Face Cream,43551.65,2,87103.3,Hyderabad,3.1,Credit Card
ORD006374,2040-06-13,Beauty,Football,28846.38,1,28846.38,Chennai,4.3,Credit Card
ORD006375,2040-06-14,Sports,Jeans,21983.56,5,109917.8,Indore,3.3,Cash on Delivery
ORD006376,2040-06-15,Electronics,Lipstick,48731.85,6,292391.1,Indore,4.9,Wallet
ORD006377,2040-06-16,Sports,Smartphone,11826.37,2,23652.74,Chennai,4.8,UPI
ORD006378,2040-06-17,Fashion,Laptop,13504.54,3,40513.62,Mumbai,4.9,UPI
ORD006379,2040-06-18,Fashion,Headphones,4696.1,3,14088.3,Hyderabad,3.2,Cash on Delivery
ORD006380,2040-06-19,Electronics,Jeans,48778.18,2,97556.36,Indore,4.0,UPI
ORD006381,2040-06-20,Sports,Pressure Cooker,35464.83,4,141859.32,Hyderabad,3.3,UPI
ORD006382,2040-06-21,Fashion,Cricket Bat,1098.81,5,5494.05,Hyderabad,4.2,Cash on Delivery
ORD006383,2040-06-22,Beauty,Jeans,35363.54,8,282908.32,Chennai,3.5,Cash on Delivery
ORD006384,2040-06-23,Home & Kitchen,Saree,20504.74,6,123028.44,Ahmedabad,4.5,Wallet
ORD006385,2040-06-24,Home & Kitchen,Saree,48393.71,9,435543.39,Chennai,4.3,UPI
ORD006386,2040-06-25,Fashion,Jeans,14230.68,3,42692.04,Pune,4.1,Cash on Delivery
ORD006387,2040-06-26,Sports,Headphones,35659.17,9,320932.53,Ahmedabad,4.7,UPI
ORD006388,2040-06-27,Fashion,Lipstick,31557.99,4,126231.96,Indore,4.0,Credit Card
ORD006389,2040-06-28,Sports,Smartphone,1096.47,8,8771.76,Indore,3.5,Credit Card
ORD006390,2040-06-29,Beauty,Cricket Bat,44318.24,7,310227.68,Pune,4.2,Wallet
ORD006391,2040-06-30,Sports,Smartphone,7410.83,7,51875.81,Pune,4.9,Cash on Delivery
ORD006392,2040-07-01,Fashion,T-shirt,33347.64,9,300128.76,Ahmedabad,4.2,UPI
ORD006393,2040-07-02,Beauty,Headphones,38889.65,2,77779.3,Indore,4.3,Credit Card
ORD006394,2040-07-03,Electronics,Saree,31730.92,5,158654.6,Delhi,4.9,Cash on Delivery
ORD006395,2040-07-04,Home & Kitchen,T-shirt,5307.14,3,15921.42,Chennai,4.0,Credit Card
ORD006396,2040-07-05,Fashion,Smartphone,48771.37,7,341399.59,Chennai,5.0,Credit Card
ORD006397,2040-07-06,Fashion,Smartphone,12222.49,3,36667.47,Delhi,3.3,Cash on Delivery
ORD006398,2040-07-07,Fashion,Cricket Bat,31579.31,5,157896.55,Chennai,4.1,Credit Card
ORD006399,2040-07-08,Beauty,Mixer,39960.31,5,199801.55,Mumbai,3.4,Cash on Delivery
ORD006400,2040-07-09,Electronics,Smartphone,46992.18,2,93984.36,Mumbai,3.9,Wallet
ORD006401,2040-07-10,Sports,Lipstick,30398.52,1,30398.52,Pune,3.3,Cash on Delivery
ORD006402,2040-07-11,Electronics,Lipstick,13323.18,6,79939.08,Delhi,3.4,Credit Card
ORD006403,2040-07-12,Beauty,Jeans,41913.63,1,41913.63,Indore,3.4,Credit Card
ORD006404,2040-07-13,Fashion,Cricket Bat,8579.39,9,77214.51,Delhi,3.6,UPI
ORD006405,2040-07-14,Home & Kitchen,Cricket Bat,1602.98,5,8014.9,Mumbai,3.3,Wallet
ORD006406,2040-07-15,Fashion,Football,45453.37,1,45453.37,Hyderabad,4.6,Credit Card
ORD006407,2040-07-16,Sports,Saree,28981.75,8,231854.0,Ahmedabad,3.4,Wallet
ORD006408,2040-07-17,Home & Kitchen,Football,3947.25,1,3947.25,Chennai,3.8,UPI
ORD006409,2040-07-18,Fashion,Smartphone,29196.6,4,116786.4,Bangalore,3.0,Wallet
ORD006410,2040-07-19,Home & Kitchen,Mixer,7678.2,7,53747.4,Bangalore,3.2,Cash on Delivery
ORD006411,2040-07-20,Electronics,Pressure Cooker,2053.61,4,8214.44,Delhi,4.8,Wallet
ORD006412,2040-07-21,Beauty,T-shirt,6267.94,5,31339.7,Ahmedabad,4.7,Credit Card
ORD006413,2040-07-22,Fashion,Cricket Bat,38867.82,7,272074.74,Bangalore,4.7,Credit Card
ORD006414,2040-07-23,Sports,Jeans,37905.21,4,151620.84,Ahmedabad,3.8,Cash on Delivery
ORD006415,2040-07-24,Electronics,Jeans,30413.75,5,152068.75,Hyderabad,3.3,Credit Card
ORD006416,2040-07-25,Fashion,Football,10861.75,7,76032.25,Bangalore,3.2,UPI
ORD006417,2040-07-26,Electronics,Smartphone,37078.87,1,37078.87,Mumbai,4.2,Credit Card
ORD006418,2040-07-27,Sports,Smartphone,20698.24,3,62094.72,Delhi,4.7,UPI
ORD006419,2040-07-28,Fashion,Pressure Cooker,25782.3,1,25782.3,Indore,4.8,Wallet
ORD006420,2040-07-29,Sports,Laptop,44933.21,3,134799.63,Bangalore,3.6,Wallet
ORD006421,2040-07-30,Home & Kitchen,Laptop,23163.95,2,46327.9,Chennai,3.6,Credit Card
ORD006422,2040-07-31,Sports,Smartphone,31505.12,5,157525.6,Pune,3.2,Credit Card
ORD006423,2040-08-01,Home & Kitchen,Headphones,48106.7,5,240533.5,Pune,4.5,Cash on Delivery
ORD006424,2040-08-02,Fashion,Lipstick,22843.8,9,205594.2,Ahmedabad,3.6,Wallet
ORD006425,2040-08-03,Home & Kitchen,Lipstick,28256.03,8,226048.24,Ahmedabad,4.0,UPI
ORD006426,2040-08-04,Fashion,Pressure Cooker,29428.52,3,88285.56,Delhi,4.9,Cash on Delivery
ORD006427,2040-08-05,Fashion,Pressure Cooker,12415.22,1,12415.22,Ahmedabad,4.5,Cash on Delivery
ORD006428,2040-08-06,Beauty,Saree,36977.64,5,184888.2,Hyderabad,3.1,Wallet
ORD006429,2040-08-07,Fashion,Mixer,36468.53,3,109405.59,Mumbai,3.0,Cash on Delivery
ORD006430,2040-08-08,Home & Kitchen,Jeans,11071.06,5,55355.3,Pune,4.6,UPI
ORD006431,2040-08-09,Beauty,Face Cream,1160.23,9,10442.07,Bangalore,4.1,Cash on Delivery
ORD006432,2040-08-10,Beauty,Lipstick,49947.61,1,49947.61,Mumbai,4.4,UPI
ORD006433,2040-08-11,Fashion,Headphones,29288.59,1,29288.59,Ahmedabad,3.3,UPI
ORD006434,2040-08-12,Sports,Smartphone,9461.09,9,85149.81,Hyderabad,4.7,Credit Card
ORD006435,2040-08-13,Sports,Cricket Bat,14536.49,3,43609.47,Pune,4.5,Wallet
ORD006436,2040-08-14,Beauty,Headphones,31080.71,5,155403.55,Indore,4.8,Wallet
ORD006437,2040-08-15,Fashion,Saree,7311.97,9,65807.73,Bangalore,3.7,Wallet
ORD006438,2040-08-16,Sports,Face Cream,2345.39,5,11726.95,Indore,3.6,Wallet
ORD006439,2040-08-17,Fashion,Headphones,40024.75,3,120074.25,Ahmedabad,3.3,UPI
ORD006440,2040-08-18,Fashion,Cricket Bat,35934.39,9,323409.51,Indore,4.9,Wallet
ORD006441,2040-08-19,Beauty,T-shirt,15825.28,7,110776.96,Delhi,3.4,Wallet
ORD006442,2040-08-20,Beauty,Laptop,3395.32,7,23767.24,Indore,3.2,UPI
ORD006443,2040-08-21,Electronics,T-shirt,24570.41,8,196563.28,Delhi,3.4,Credit Card
ORD006444,2040-08-22,Sports,Jeans,14171.22,5,70856.1,Indore,4.5,Wallet
ORD006445,2040-08-23,Sports,Jeans,20190.07,2,40380.14,Pune,4.8,Cash on Delivery
ORD006446,2040-08-24,Sports,Lipstick,14061.48,9,126553.32,Chennai,4.6,Credit Card
ORD006447,2040-08-25,Home & Kitchen,Football,9175.75,3,27527.25,Hyderabad,4.1,Credit Card
ORD006448,2040-08-26,Fashion,Cricket Bat,19655.99,2,39311.98,Bangalore,5.0,Credit Card
ORD006449,2040-08-27,Beauty,Football,48262.26,5,241311.3,Mumbai,3.1,Wallet
ORD006450,2040-08-28,Sports,Jeans,13678.28,8,109426.24,Pune,4.7,UPI
ORD006451,2040-08-29,Electronics,Pressure Cooker,17130.35,3,51391.05,Mumbai,3.9,Wallet
ORD006452,2040-08-30,Sports,Lipstick,16797.48,6,100784.88,Bangalore,3.9,Wallet
ORD006453,2040-08-31,Fashion,Saree,24274.3,9,218468.7,Hyderabad,3.3,Credit Card
ORD006454,2040-09-01,Fashion,Lipstick,42253.52,2,84507.04,Hyderabad,3.1,UPI
ORD006455,2040-09-02,Beauty,T-shirt,20405.07,8,163240.56,Indore,3.6,Wallet
ORD006456,2040-09-03,Home & Kitchen,Smartphone,40404.32,7,282830.24,Mumbai,3.3,Wallet
ORD006457,2040-09-04,Beauty,Face Cream,6193.1,3,18579.3,Bangalore,4.0,Wallet
ORD006458,2040-09-05,Sports,Pressure Cooker,44797.91,1,44797.91,Indore,3.3,Wallet
ORD006459,2040-09-06,Electronics,Pressure Cooker,9672.55,6,58035.3,Bangalore,3.3,UPI
ORD006460,2040-09-07,Beauty,Mixer,2440.47,2,4880.94,Ahmedabad,4.8,UPI
ORD006461,2040-09-08,Home & Kitchen,Pressure Cooker,8338.55,3,25015.65,Ahmedabad,4.8,UPI
ORD006462,2040-09-09,Beauty,Pressure Cooker,9942.11,5,49710.55,Mumbai,4.9,Cash on Delivery
ORD006463,2040-09-10,Fashion,T-shirt,25670.95,8,205367.6,Bangalore,4.4,UPI
ORD006464,2040-09-11,Sports,Headphones,22771.95,2,45543.9,Bangalore,4.5,UPI
ORD006465,2040-09-12,Sports,Pressure Cooker,35935.78,6,215614.68,Indore,4.7,Credit Card
ORD006466,2040-09-13,Sports,Smartphone,3022.08,1,3022.08,Ahmedabad,4.3,Wallet
ORD006467,2040-09-14,Sports,Face Cream,25136.46,7,175955.22,Delhi,3.7,Wallet
ORD006468,2040-09-15,Sports,Laptop,16957.33,4,67829.32,Delhi,3.3,Credit Card
ORD006469,2040-09-16,Sports,T-shirt,31719.96,1,31719.96,Chennai,3.5,UPI
ORD006470,2040-09-17,Electronics,T-shirt,2663.14,9,23968.26,Indore,4.7,Wallet
ORD006471,2040-09-18,Home & Kitchen,Football,2229.27,9,20063.43,Chennai,4.4,Cash on Delivery
ORD006472,2040-09-19,Sports,Headphones,21648.95,3,64946.85,Hyderabad,3.9,Cash on Delivery
ORD006473,2040-09-20,Home & Kitchen,Mixer,40661.3,6,243967.8,Delhi,3.1,Credit Card
ORD006474,2040-09-21,Sports,Headphones,33719.16,7,236034.12,Delhi,3.5,Cash on Delivery
ORD006475,2040-09-22,Beauty,Face Cream,1326.95,4,5307.8,Delhi,4.5,Credit Card
ORD006476,2040-09-23,Sports,Face Cream,9334.37,6,56006.22,Delhi,4.0,Cash on Delivery
ORD006477,2040-09-24,Fashion,Lipstick,11723.21,9,105508.89,Hyderabad,3.9,Cash on Delivery
ORD006478,2040-09-25,Electronics,Football,21441.42,6,128648.52,Mumbai,3.6,Cash on Delivery
ORD006479,2040-09-26,Beauty,Laptop,29542.43,7,206797.01,Hyderabad,4.2,Credit Card
ORD006480,2040-09-27,Beauty,Face Cream,11214.78,6,67288.68,Mumbai,4.9,Wallet
ORD006481,2040-09-28,Fashion,Jeans,19434.45,7,136041.15,Chennai,4.8,Credit Card
ORD006482,2040-09-29,Sports,Saree,29405.2,1,29405.2,Delhi,3.1,UPI
ORD006483,2040-09-30,Electronics,Jeans,19480.05,6,116880.3,Indore,4.0,UPI
ORD006484,2040-10-01,Beauty,Mixer,7586.89,9,68282.01,Indore,3.7,Cash on Delivery
ORD006485,2040-10-02,Electronics,Mixer,24837.23,3,74511.69,Mumbai,4.0,Cash on Delivery
ORD006486,2040-10-03,Beauty,Pressure Cooker,16537.71,6,99226.26,Pune,4.2,Wallet
ORD006487,2040-10-04,Sports,Headphones,43277.32,4,173109.28,Pune,3.4,Wallet
ORD006488,2040-10-05,Beauty,Lipstick,38893.43,7,272254.01,Pune,4.6,Wallet
ORD006489,2040-10-06,Beauty,Pressure Cooker,9918.62,7,69430.34,Hyderabad,4.0,Cash on Delivery
ORD006490,2040-10-07,Home & Kitchen,Cricket Bat,8055.47,9,72499.23,Mumbai,5.0,Credit Card
ORD006491,2040-10-08,Sports,Lipstick,17710.0,4,70840.0,Bangalore,3.1,Cash on Delivery
ORD006492,2040-10-09,Fashion,Mixer,20902.64,8,167221.12,Chennai,3.4,UPI
ORD006493,2040-10-10,Fashion,Mixer,46634.9,8,373079.2,Chennai,4.4,Cash on Delivery
ORD006494,2040-10-11,Sports,T-shirt,15430.23,8,123441.84,Ahmedabad,4.4,Wallet
ORD006495,2040-10-12,Fashion,Cricket Bat,43445.43,8,347563.44,Delhi,4.2,UPI
ORD006496,2040-10-13,Sports,Pressure Cooker,25512.81,6,153076.86,Delhi,4.9,Cash on Delivery
ORD006497,2040-10-14,Fashion,Mixer,44338.37,8,354706.96,Ahmedabad,3.8,Wallet
ORD006498,2040-10-15,Home & Kitchen,Cricket Bat,35246.71,6,211480.26,Hyderabad,3.8,Cash on Delivery
ORD006499,2040-10-16,Fashion,Laptop,35565.25,2,71130.5,Mumbai,4.8,Cash on Delivery
ORD006500,2040-10-17,Beauty,Saree,26180.48,3,78541.44,Bangalore,4.1,Wallet
ORD006501,2040-10-18,Sports,Headphones,42095.05,6,252570.3,Chennai,3.7,UPI
ORD006502,2040-10-19,Electronics,Mixer,13094.03,7,91658.21,Mumbai,4.4,UPI
ORD006503,2040-10-20,Electronics,Laptop,45413.89,4,181655.56,Bangalore,4.2,Credit Card
ORD006504,2040-10-21,Sports,Lipstick,32020.4,1,32020.4,Indore,3.6,UPI
ORD006505,2040-10-22,Home & Kitchen,Headphones,22216.09,4,88864.36,Mumbai,3.6,Cash on Delivery
ORD006506,2040-10-23,Fashion,Cricket Bat,49118.4,6,294710.4,Delhi,3.8,Wallet
ORD006507,2040-10-24,Home & Kitchen,Headphones,43169.7,8,345357.6,Indore,3.1,UPI
ORD006508,2040-10-25,Electronics,Jeans,38715.04,4,154860.16,Indore,4.9,Cash on Delivery
ORD006509,2040-10-26,Sports,T-shirt,14058.17,1,14058.17,Chennai,3.4,Cash on Delivery
ORD006510,2040-10-27,Sports,Cricket Bat,48700.16,5,243500.8,Bangalore,3.4,UPI
ORD006511,2040-10-28,Home & Kitchen,Laptop,37277.88,7,260945.16,Pune,4.3,Wallet
ORD006512,2040-10-29,Home & Kitchen,Mixer,30458.26,6,182749.56,Delhi,4.4,Wallet
ORD006513,2040-10-30,Fashion,Cricket Bat,46129.06,3,138387.18,Indore,4.5,Credit Card
ORD006514,2040-10-31,Beauty,Smartphone,8527.99,7,59695.93,Pune,3.8,Wallet
ORD006515,2040-11-01,Beauty,Jeans,7381.29,4,29525.16,Hyderabad,4.7,Wallet
ORD006516,2040-11-02,Fashion,Laptop,28403.81,5,142019.05,Hyderabad,4.1,UPI
ORD006517,2040-11-03,Beauty,Lipstick,3307.32,7,23151.24,Delhi,3.9,UPI
ORD006518,2040-11-04,Electronics,Football,33367.35,2,66734.7,Bangalore,4.6,Cash on Delivery
ORD006519,2040-11-05,Beauty,Smartphone,12416.69,4,49666.76,Ahmedabad,3.5,UPI
ORD006520,2040-11-06,Fashion,Cricket Bat,6391.82,4,25567.28,Bangalore,4.7,Credit Card
ORD006521,2040-11-07,Beauty,T-shirt,20770.04,6,124620.24,Chennai,4.1,Cash on Delivery
ORD006522,2040-11-08,Sports,Football,23564.51,7,164951.57,Delhi,4.8,Wallet
ORD006523,2040-11-09,Home & Kitchen,Smartphone,8939.0,4,35756.0,Hyderabad,3.4,UPI
ORD006524,2040-11-10,Electronics,Headphones,2556.0,1,2556.0,Delhi,4.9,Credit Card
ORD006525,2040-11-11,Sports,Cricket Bat,20995.75,1,20995.75,Mumbai,4.4,Cash on Delivery
ORD006526,2040-11-12,Sports,Laptop,38096.55,5,190482.75,Bangalore,4.2,Credit Card
ORD006527,2040-11-13,Fashion,Cricket Bat,43772.89,1,43772.89,Indore,3.8,Credit Card
ORD006528,2040-11-14,Home & Kitchen,T-shirt,5328.64,3,15985.92,Ahmedabad,4.9,Wallet
ORD006529,2040-11-15,Home & Kitchen,Saree,26471.44,9,238242.96,Mumbai,3.9,Cash on Delivery
ORD006530,2040-11-16,Electronics,Headphones,13538.45,3,40615.35,Hyderabad,4.0,UPI
ORD006531,2040-11-17,Fashion,Mixer,19044.38,3,57133.14,Bangalore,4.6,Wallet
ORD006532,2040-11-18,Electronics,Cricket Bat,46705.37,9,420348.33,Hyderabad,3.6,Credit Card
ORD006533,2040-11-19,Beauty,T-shirt,17927.7,5,89638.5,Hyderabad,3.6,Cash on Delivery
ORD006534,2040-11-20,Sports,Smartphone,18584.62,8,148676.96,Hyderabad,4.6,Wallet
ORD006535,2040-11-21,Electronics,Smartphone,10865.09,9,97785.81,Chennai,3.3,UPI
ORD006536,2040-11-22,Sports,Face Cream,48020.91,6,288125.46,Hyderabad,4.6,Credit Card
ORD006537,2040-11-23,Fashion,Laptop,23096.12,7,161672.84,Hyderabad,4.3,Cash on Delivery
ORD006538,2040-11-24,Beauty,Headphones,28734.41,7,201140.87,Mumbai,4.1,Wallet
ORD006539,2040-11-25,Fashion,Smartphone,22931.82,7,160522.74,Mumbai,3.5,Wallet
ORD006540,2040-11-26,Beauty,Face Cream,13019.49,4,52077.96,Mumbai,4.6,Credit Card
ORD006541,2040-11-27,Beauty,Football,40615.42,2,81230.84,Bangalore,4.6,Wallet
ORD006542,2040-11-28,Sports,Mixer,1909.33,2,3818.66,Chennai,4.0,UPI
ORD006543,2040-11-29,Fashion,Saree,34667.05,7,242669.35,Bangalore,3.8,UPI
ORD006544,2040-11-30,Fashion,Football,29916.5,7,209415.5,Chennai,3.5,UPI
ORD006545,2040-12-01,Electronics,Saree,7641.89,7,53493.23,Chennai,4.5,Cash on Delivery
ORD006546,2040-12-02,Fashion,Laptop,8712.3,8,69698.4,Delhi,4.3,Wallet
ORD006547,2040-12-03,Electronics,Cricket Bat,33131.67,3,99395.01,Indore,3.4,UPI
ORD006548,2040-12-04,Home & Kitchen,Face Cream,15950.87,5,79754.35,Delhi,4.6,UPI
ORD006549,2040-12-05,Home & Kitchen,Smartphone,13654.03,6,81924.18,Delhi,4.8,Cash on Delivery
ORD006550,2040-12-06,Home & Kitchen,T-shirt,3428.23,8,27425.84,Chennai,3.1,Wallet
ORD006551,2040-12-07,Fashion,Lipstick,38440.91,8,307527.28,Chennai,4.5,UPI
ORD006552,2040-12-08,Fashion,Saree,44192.26,3,132576.78,Bangalore,4.7,UPI
ORD006553,2040-12-09,Electronics,Pressure Cooker,41082.3,4,164329.2,Chennai,5.0,UPI
ORD006554,2040-12-10,Beauty,Laptop,23568.69,6,141412.14,Pune,3.5,Cash on Delivery
ORD006555,2040-12-11,Electronics,Cricket Bat,26930.84,4,107723.36,Hyderabad,3.7,Wallet
ORD006556,2040-12-12,Home & Kitchen,Jeans,12492.67,4,49970.68,Hyderabad,4.9,UPI
ORD006557,2040-12-13,Electronics,Laptop,9056.31,5,45281.55,Chennai,3.2,Credit Card
ORD006558,2040-12-14,Beauty,T-shirt,41238.56,7,288669.92,Hyderabad,4.0,Cash on Delivery
ORD006559,2040-12-15,Fashion,Lipstick,40018.04,2,80036.08,Chennai,4.0,Credit Card
ORD006560,2040-12-16,Electronics,Pressure Cooker,38979.31,2,77958.62,Pune,4.2,Wallet
ORD006561,2040-12-17,Home & Kitchen,Saree,23436.29,9,210926.61,Delhi,3.7,Cash on Delivery
ORD006562,2040-12-18,Home & Kitchen,Headphones,43293.13,4,173172.52,Ahmedabad,4.9,Cash on Delivery
ORD006563,2040-12-19,Fashion,Pressure Cooker,46348.49,5,231742.45,Chennai,3.5,Cash on Delivery
ORD006564,2040-12-20,Electronics,Face Cream,16753.05,3,50259.15,Delhi,4.3,Wallet
ORD006565,2040-12-21,Beauty,Saree,11622.38,2,23244.76,Pune,4.0,Credit Card
ORD006566,2040-12-22,Fashion,Jeans,23481.02,8,187848.16,Mumbai,3.5,UPI
ORD006567,2040-12-23,Electronics,Football,9376.65,4,37506.6,Hyderabad,3.4,Wallet
ORD006568,2040-12-24,Sports,Jeans,44258.14,1,44258.14,Pune,4.9,UPI
ORD006569,2040-12-25,Home & Kitchen,Saree,17230.53,6,103383.18,Mumbai,4.1,UPI
ORD006570,2040-12-26,Beauty,Headphones,29020.5,6,174123.0,Hyderabad,4.2,UPI
ORD006571,2040-12-27,Beauty,Football,29938.62,2,59877.24,Pune,4.6,Cash on Delivery
ORD006572,2040-12-28,Beauty,Laptop,25991.9,2,51983.8,Pune,3.2,Cash on Delivery
ORD006573,2040-12-29,Home & Kitchen,Headphones,8248.02,8,65984.16,Indore,4.4,Credit Card
ORD006574,2040-12-30,Electronics,Smartphone,49554.53,7,346881.71,Indore,3.3,Wallet
ORD006575,2040-12-31,Fashion,Saree,9043.86,2,18087.72,Indore,4.5,UPI
ORD006576,2041-01-01,Electronics,Saree,37699.61,1,37699.61,Mumbai,3.3,Wallet
ORD006577,2041-01-02,Fashion,Headphones,39672.46,8,317379.68,Pune,4.7,Wallet
ORD006578,2041-01-03,Beauty,Face Cream,7685.6,2,15371.2,Indore,4.4,Wallet
ORD006579,2041-01-04,Electronics,Mixer,46691.59,5,233457.95,Ahmedabad,3.8,Cash on Delivery
ORD006580,2041-01-05,Beauty,Mixer,24644.06,6,147864.36,Chennai,3.7,UPI
ORD006581,2041-01-06,Sports,T-shirt,31629.71,1,31629.71,Indore,3.3,UPI
ORD006582,2041-01-07,Beauty,Mixer,32288.21,2,64576.42,Mumbai,4.8,Wallet
ORD006583,2041-01-08,Beauty,Jeans,25495.28,4,101981.12,Pune,3.2,Credit Card
ORD006584,2041-01-09,Fashion,Smartphone,7530.09,2,15060.18,Hyderabad,3.9,Cash on Delivery
ORD006585,2041-01-10,Sports,Saree,37711.79,6,226270.74,Bangalore,3.5,Wallet
ORD006586,2041-01-11,Beauty,Pressure Cooker,29298.4,4,117193.6,Hyderabad,5.0,Wallet
ORD006587,2041-01-12,Beauty,Jeans,6374.69,3,19124.07,Bangalore,4.2,UPI
ORD006588,2041-01-13,Sports,T-shirt,35165.94,6,210995.64,Chennai,3.3,Credit Card
ORD006589,2041-01-14,Sports,Lipstick,35286.78,9,317581.02,Pune,4.3,Wallet
ORD006590,2041-01-15,Electronics,Smartphone,27650.08,8,221200.64,Hyderabad,5.0,Credit Card
ORD006591,2041-01-16,Fashion,Mixer,4982.17,2,9964.34,Mumbai,4.2,UPI
ORD006592,2041-01-17,Sports,Cricket Bat,17955.88,3,53867.64,Chennai,3.9,UPI
ORD006593,2041-01-18,Sports,Laptop,3020.74,2,6041.48,Ahmedabad,3.6,Wallet
ORD006594,2041-01-19,Home & Kitchen,Pressure Cooker,24141.0,7,168987.0,Hyderabad,3.2,Credit Card
ORD006595,2041-01-20,Sports,Saree,45369.13,9,408322.17,Chennai,3.5,Wallet
ORD006596,2041-01-21,Fashion,Football,611.52,1,611.52,Ahmedabad,4.1,Wallet
ORD006597,2041-01-22,Beauty,Lipstick,13698.61,3,41095.83,Pune,4.5,Wallet
ORD006598,2041-01-23,Beauty,Laptop,40093.03,6,240558.18,Pune,4.8,Wallet
ORD006599,2041-01-24,Beauty,Headphones,988.11,4,3952.44,Bangalore,4.6,Credit Card
ORD006600,2041-01-25,Beauty,Headphones,1003.59,1,1003.59,Chennai,3.3,Wallet
ORD006601,2041-01-26,Home & Kitchen,Smartphone,30735.52,9,276619.68,Pune,4.5,UPI
ORD006602,2041-01-27,Sports,Football,39565.39,7,276957.73,Mumbai,4.2,UPI
ORD006603,2041-01-28,Beauty,Smartphone,38937.02,7,272559.14,Hyderabad,3.9,Credit Card
ORD006604,2041-01-29,Electronics,Smartphone,39089.11,1,39089.11,Bangalore,4.1,Wallet
ORD006605,2041-01-30,Beauty,Football,18369.81,9,165328.29,Chennai,3.0,Wallet
ORD006606,2041-01-31,Sports,Jeans,44194.85,8,353558.8,Delhi,3.1,Cash on Delivery
ORD006607,2041-02-01,Beauty,Jeans,1135.36,5,5676.8,Bangalore,4.1,Wallet
ORD006608,2041-02-02,Home & Kitchen,Headphones,15953.34,4,63813.36,Bangalore,3.3,Credit Card
ORD006609,2041-02-03,Fashion,Smartphone,17190.79,1,17190.79,Mumbai,4.1,Credit Card
ORD006610,2041-02-04,Fashion,Pressure Cooker,8695.77,9,78261.93,Mumbai,3.7,Cash on Delivery
ORD006611,2041-02-05,Sports,T-shirt,17143.19,8,137145.52,Ahmedabad,4.8,UPI
ORD006612,2041-02-06,Fashion,Face Cream,29501.26,2,59002.52,Chennai,4.9,Credit Card
ORD006613,2041-02-07,Fashion,Smartphone,26253.83,4,105015.32,Ahmedabad,5.0,Wallet
ORD006614,2041-02-08,Electronics,Saree,16311.65,4,65246.6,Delhi,4.8,Wallet
ORD006615,2041-02-09,Sports,Pressure Cooker,37591.71,7,263141.97,Ahmedabad,5.0,UPI
ORD006616,2041-02-10,Sports,Football,35882.13,3,107646.39,Bangalore,4.4,Cash on Delivery
ORD006617,2041-02-11,Fashion,Saree,14394.48,8,115155.84,Chennai,4.9,Credit Card
ORD006618,2041-02-12,Fashion,Cricket Bat,16499.81,7,115498.67,Indore,4.3,Wallet
ORD006619,2041-02-13,Fashion,Football,14732.25,4,58929.0,Delhi,4.6,UPI
ORD006620,2041-02-14,Home & Kitchen,Headphones,6878.13,9,61903.17,Chennai,3.3,UPI
ORD006621,2041-02-15,Beauty,Smartphone,37762.69,6,226576.14,Bangalore,4.4,UPI
ORD006622,2041-02-16,Home & Kitchen,Mixer,2790.69,3,8372.07,Chennai,4.9,Wallet
ORD006623,2041-02-17,Sports,Laptop,7953.73,7,55676.11,Mumbai,4.1,UPI
ORD006624,2041-02-18,Electronics,Smartphone,5712.57,6,34275.42,Mumbai,3.4,UPI
ORD006625,2041-02-19,Beauty,T-shirt,41354.28,8,330834.24,Hyderabad,4.1,UPI
ORD006626,2041-02-20,Electronics,Cricket Bat,2678.42,5,13392.1,Delhi,4.4,Credit Card
ORD006627,2041-02-21,Sports,Smartphone,33399.05,6,200394.3,Indore,4.5,Wallet
ORD006628,2041-02-22,Sports,Face Cream,2701.49,1,2701.49,Bangalore,4.0,Credit Card
ORD006629,2041-02-23,Electronics,Laptop,39428.95,8,315431.6,Delhi,3.4,Cash on Delivery
ORD006630,2041-02-24,Electronics,Laptop,45679.35,1,45679.35,Mumbai,4.9,UPI
ORD006631,2041-02-25,Electronics,Jeans,24598.74,3,73796.22,Indore,4.5,Wallet
ORD006632,2041-02-26,Sports,Football,40324.82,2,80649.64,Bangalore,3.5,Cash on Delivery
ORD006633,2041-02-27,Fashion,T-shirt,35467.32,6,212803.92,Ahmedabad,4.6,Credit Card
ORD006634,2041-02-28,Electronics,T-shirt,39883.95,8,319071.6,Hyderabad,3.7,Cash on Delivery
ORD006635,2041-03-01,Beauty,Pressure Cooker,38455.37,8,307642.96,Mumbai,3.6,Credit Card
ORD006636,2041-03-02,Sports,Mixer,10665.71,7,74659.97,Mumbai,4.7,Wallet
ORD006637,2041-03-03,Home & Kitchen,T-shirt,25228.17,7,176597.19,Indore,4.7,Credit Card
ORD006638,2041-03-04,Home & Kitchen,Face Cream,48040.5,8,384324.0,Delhi,3.8,Cash on Delivery
ORD006639,2041-03-05,Beauty,Cricket Bat,17504.88,5,87524.4,Pune,3.0,Credit Card
ORD006640,2041-03-06,Fashion,Mixer,48539.11,3,145617.33,Chennai,3.4,Credit Card
ORD006641,2041-03-07,Electronics,Jeans,29366.5,2,58733.0,Pune,4.8,Cash on Delivery
ORD006642,2041-03-08,Sports,Football,23349.77,3,70049.31,Ahmedabad,4.8,Cash on Delivery
ORD006643,2041-03-09,Electronics,T-shirt,33058.99,3,99176.97,Delhi,3.9,UPI
ORD006644,2041-03-10,Sports,Football,40884.04,7,286188.28,Mumbai,3.6,Cash on Delivery
ORD006645,2041-03-11,Home & Kitchen,Jeans,20013.3,1,20013.3,Delhi,3.6,Credit Card
ORD006646,2041-03-12,Electronics,Football,2131.23,7,14918.61,Chennai,4.8,Wallet
ORD006647,2041-03-13,Beauty,Laptop,35585.91,6,213515.46,Hyderabad,3.6,Wallet
ORD006648,2041-03-14,Fashion,Smartphone,47830.26,2,95660.52,Bangalore,4.0,UPI
ORD006649,2041-03-15,Beauty,T-shirt,31436.84,1,31436.84,Mumbai,4.5,Credit Card
ORD006650,2041-03-16,Fashion,Face Cream,9826.52,9,88438.68,Delhi,3.4,Cash on Delivery
ORD006651,2041-03-17,Electronics,Laptop,12788.01,2,25576.02,Mumbai,3.5,Credit Card
ORD006652,2041-03-18,Electronics,Smartphone,45532.66,4,182130.64,Bangalore,3.7,Cash on Delivery
ORD006653,2041-03-19,Fashion,Smartphone,1171.32,9,10541.88,Ahmedabad,4.3,Cash on Delivery
ORD006654,2041-03-20,Home & Kitchen,Laptop,27662.96,9,248966.64,Delhi,4.6,Cash on Delivery
ORD006655,2041-03-21,Sports,Saree,8354.54,1,8354.54,Ahmedabad,4.1,UPI
ORD006656,2041-03-22,Beauty,Mixer,14496.84,2,28993.68,Hyderabad,3.3,Cash on Delivery
ORD006657,2041-03-23,Beauty,Saree,15695.59,2,31391.18,Bangalore,3.9,Credit Card
ORD006658,2041-03-24,Beauty,Headphones,11354.5,2,22709.0,Chennai,3.3,UPI
ORD006659,2041-03-25,Electronics,Face Cream,39721.43,8,317771.44,Chennai,3.2,UPI
ORD006660,2041-03-26,Beauty,Lipstick,16944.35,8,135554.8,Mumbai,4.2,Wallet
ORD006661,2041-03-27,Sports,Smartphone,17601.51,8,140812.08,Chennai,4.9,UPI
ORD006662,2041-03-28,Sports,Pressure Cooker,22923.84,4,91695.36,Delhi,4.7,Credit Card
ORD006663,2041-03-29,Fashion,Mixer,45163.62,8,361308.96,Ahmedabad,4.5,Wallet
ORD006664,2041-03-30,Electronics,Football,34564.57,7,241951.99,Chennai,4.5,Cash on Delivery
ORD006665,2041-03-31,Sports,Smartphone,3556.61,8,28452.88,Hyderabad,4.8,Wallet
ORD006666,2041-04-01,Home & Kitchen,Cricket Bat,2443.47,1,2443.47,Indore,4.5,UPI
ORD006667,2041-04-02,Electronics,Pressure Cooker,28536.27,3,85608.81,Delhi,4.3,Cash on Delivery
ORD006668,2041-04-03,Electronics,Face Cream,44409.5,6,266457.0,Indore,3.7,Cash on Delivery
ORD006669,2041-04-04,Sports,Headphones,16500.95,1,16500.95,Ahmedabad,3.2,Credit Card
ORD006670,2041-04-05,Home & Kitchen,Headphones,12764.71,4,51058.84,Mumbai,3.9,UPI
ORD006671,2041-04-06,Fashion,Cricket Bat,37535.46,9,337819.14,Ahmedabad,4.8,Credit Card
ORD006672,2041-04-07,Sports,Laptop,30303.52,7,212124.64,Mumbai,4.2,UPI
ORD006673,2041-04-08,Home & Kitchen,Mixer,28468.85,1,28468.85,Pune,3.4,UPI
ORD006674,2041-04-09,Electronics,Jeans,7890.41,6,47342.46,Chennai,4.3,Cash on Delivery
ORD006675,2041-04-10,Home & Kitchen,Mixer,9210.09,6,55260.54,Chennai,3.9,Cash on Delivery
ORD006676,2041-04-11,Electronics,Pressure Cooker,14448.49,2,28896.98,Mumbai,4.9,Wallet
ORD006677,2041-04-12,Sports,Saree,10738.53,6,64431.18,Delhi,3.3,UPI
ORD006678,2041-04-13,Sports,Jeans,48586.51,2,97173.02,Bangalore,4.4,UPI
ORD006679,2041-04-14,Beauty,Football,1421.25,8,11370.0,Mumbai,4.4,Cash on Delivery
ORD006680,2041-04-15,Beauty,Headphones,31489.79,7,220428.53,Pune,5.0,UPI
ORD006681,2041-04-16,Beauty,Headphones,26121.14,6,156726.84,Hyderabad,4.1,UPI
ORD006682,2041-04-17,Sports,Laptop,16500.94,6,99005.64,Ahmedabad,4.7,UPI
ORD006683,2041-04-18,Fashion,Lipstick,44435.64,9,399920.76,Delhi,3.0,Credit Card
ORD006684,2041-04-19,Sports,Mixer,33673.05,9,303057.45,Ahmedabad,3.2,Wallet
ORD006685,2041-04-20,Home & Kitchen,Laptop,49918.54,2,99837.08,Bangalore,3.7,Wallet
ORD006686,2041-04-21,Sports,Football,8848.47,3,26545.41,Pune,4.2,UPI
ORD006687,2041-04-22,Sports,Pressure Cooker,4849.46,7,33946.22,Pune,3.9,UPI
ORD006688,2041-04-23,Electronics,Jeans,7400.16,9,66601.44,Bangalore,3.4,Cash on Delivery
ORD006689,2041-04-24,Electronics,Cricket Bat,13829.9,6,82979.4,Pune,4.2,Wallet
ORD006690,2041-04-25,Electronics,Smartphone,21130.96,1,21130.96,Delhi,4.1,Wallet
ORD006691,2041-04-26,Sports,Saree,43198.86,7,302392.02,Mumbai,4.0,Cash on Delivery
ORD006692,2041-04-27,Fashion,Pressure Cooker,14537.79,1,14537.79,Ahmedabad,3.2,Wallet
ORD006693,2041-04-28,Home & Kitchen,Football,45804.54,5,229022.7,Bangalore,4.9,Credit Card
ORD006694,2041-04-29,Home & Kitchen,Smartphone,23413.93,9,210725.37,Hyderabad,4.2,Cash on Delivery
ORD006695,2041-04-30,Fashion,Football,32529.97,9,292769.73,Indore,3.5,UPI
ORD006696,2041-05-01,Fashion,Mixer,13588.18,1,13588.18,Delhi,4.4,Credit Card
ORD006697,2041-05-02,Home & Kitchen,Cricket Bat,8222.68,6,49336.08,Chennai,3.6,Wallet
ORD006698,2041-05-03,Beauty,Headphones,43538.12,3,130614.36,Indore,4.0,UPI
ORD006699,2041-05-04,Electronics,Laptop,5920.56,9,53285.04,Mumbai,3.7,Wallet
ORD006700,2041-05-05,Electronics,Jeans,38814.05,3,116442.15,Pune,4.8,Wallet
ORD006701,2041-05-06,Home & Kitchen,Laptop,29258.72,2,58517.44,Delhi,5.0,UPI
ORD006702,2041-05-07,Fashion,Jeans,43126.32,8,345010.56,Hyderabad,3.3,UPI
ORD006703,2041-05-08,Beauty,Lipstick,36032.01,3,108096.03,Indore,3.0,Credit Card
ORD006704,2041-05-09,Home & Kitchen,Lipstick,14442.37,5,72211.85,Indore,3.4,Wallet
ORD006705,2041-05-10,Electronics,Football,28934.17,6,173605.02,Bangalore,4.2,Cash on Delivery
ORD006706,2041-05-11,Sports,Laptop,1147.14,1,1147.14,Mumbai,3.3,Cash on Delivery
ORD006707,2041-05-12,Fashion,Face Cream,24023.31,7,168163.17,Mumbai,4.6,Cash on Delivery
ORD006708,2041-05-13,Sports,Jeans,4757.67,7,33303.69,Delhi,3.8,Wallet
ORD006709,2041-05-14,Home & Kitchen,Jeans,21732.78,5,108663.9,Ahmedabad,4.2,Wallet
ORD006710,2041-05-15,Electronics,Smartphone,5925.78,9,53332.02,Delhi,3.9,UPI
ORD006711,2041-05-16,Beauty,Laptop,47796.25,2,95592.5,Hyderabad,4.8,Credit Card
ORD006712,2041-05-17,Sports,T-shirt,26391.86,5,131959.3,Pune,3.1,Wallet
ORD006713,2041-05-18,Beauty,Face Cream,45704.29,2,91408.58,Pune,4.5,Cash on Delivery
ORD006714,2041-05-19,Electronics,Mixer,1607.13,2,3214.26,Chennai,4.3,Wallet
ORD006715,2041-05-20,Sports,Face Cream,32063.84,9,288574.56,Ahmedabad,4.3,Credit Card
ORD006716,2041-05-21,Beauty,Headphones,15694.25,7,109859.75,Delhi,3.8,Wallet
ORD006717,2041-05-22,Beauty,Lipstick,21875.54,4,87502.16,Indore,3.0,Credit Card
ORD006718,2041-05-23,Sports,T-shirt,43717.83,8,349742.64,Delhi,4.4,UPI
ORD006719,2041-05-24,Electronics,Lipstick,49011.04,4,196044.16,Delhi,4.7,Credit Card
ORD006720,2041-05-25,Beauty,Cricket Bat,12701.35,1,12701.35,Pune,3.2,Cash on Delivery
ORD006721,2041-05-26,Home & Kitchen,Lipstick,47438.54,3,142315.62,Hyderabad,3.9,Wallet
ORD006722,2041-05-27,Sports,Pressure Cooker,34591.98,1,34591.98,Bangalore,3.3,Wallet
ORD006723,2041-05-28,Fashion,Lipstick,47594.99,2,95189.98,Ahmedabad,4.2,Cash on Delivery
ORD006724,2041-05-29,Fashion,Smartphone,28337.17,2,56674.34,Chennai,4.6,Credit Card
ORD006725,2041-05-30,Electronics,T-shirt,48057.44,7,336402.08,Hyderabad,4.3,Wallet
ORD006726,2041-05-31,Home & Kitchen,Cricket Bat,44676.55,4,178706.2,Delhi,3.6,Wallet
ORD006727,2041-06-01,Beauty,Jeans,6865.29,9,61787.61,Bangalore,3.3,Credit Card
ORD006728,2041-06-02,Fashion,Football,15884.1,2,31768.2,Delhi,4.6,Credit Card
ORD006729,2041-06-03,Electronics,Jeans,12531.63,9,112784.67,Hyderabad,3.6,Credit Card
ORD006730,2041-06-04,Home & Kitchen,Cricket Bat,28818.92,6,172913.52,Ahmedabad,3.0,Wallet
ORD006731,2041-06-05,Home & Kitchen,Saree,40238.57,8,321908.56,Mumbai,4.1,Cash on Delivery
ORD006732,2041-06-06,Electronics,Face Cream,38090.87,7,266636.09,Ahmedabad,3.5,Cash on Delivery
ORD006733,2041-06-07,Electronics,Laptop,36474.08,8,291792.64,Ahmedabad,4.7,UPI
ORD006734,2041-06-08,Beauty,Saree,19075.61,9,171680.49,Delhi,3.3,Credit Card
ORD006735,2041-06-09,Electronics,T-shirt,7412.03,8,59296.24,Ahmedabad,3.9,Cash on Delivery
ORD006736,2041-06-10,Beauty,Lipstick,10923.89,6,65543.34,Ahmedabad,3.5,Credit Card
ORD006737,2041-06-11,Beauty,Jeans,37213.03,8,297704.24,Pune,4.4,Wallet
ORD006738,2041-06-12,Sports,Smartphone,7802.95,8,62423.6,Bangalore,4.1,Cash on Delivery
ORD006739,2041-06-13,Home & Kitchen,Saree,11535.86,2,23071.72,Chennai,4.6,Wallet
ORD006740,2041-06-14,Home & Kitchen,Face Cream,21515.36,2,43030.72,Mumbai,3.9,UPI
ORD006741,2041-06-15,Home & Kitchen,Lipstick,4069.57,1,4069.57,Delhi,3.0,Cash on Delivery
ORD006742,2041-06-16,Sports,Headphones,11028.26,2,22056.52,Delhi,3.4,Cash on Delivery
ORD006743,2041-06-17,Beauty,Laptop,7913.52,7,55394.64,Bangalore,5.0,UPI
ORD006744,2041-06-18,Beauty,Cricket Bat,47590.43,3,142771.29,Pune,3.8,Credit Card
ORD006745,2041-06-19,Electronics,Lipstick,9980.53,4,39922.12,Pune,4.2,Cash on Delivery
ORD006746,2041-06-20,Sports,Laptop,43157.6,4,172630.4,Mumbai,4.8,UPI
ORD006747,2041-06-21,Electronics,Laptop,6182.51,4,24730.04,Mumbai,3.0,Wallet
ORD006748,2041-06-22,Sports,Jeans,43548.82,2,87097.64,Ahmedabad,4.3,UPI
ORD006749,2041-06-23,Electronics,Jeans,30171.97,6,181031.82,Mumbai,3.6,Wallet
ORD006750,2041-06-24,Fashion,T-shirt,42560.44,1,42560.44,Ahmedabad,3.6,UPI
ORD006751,2041-06-25,Home & Kitchen,Headphones,43433.76,5,217168.8,Delhi,3.4,Cash on Delivery
ORD006752,2041-06-26,Home & Kitchen,Cricket Bat,30020.49,2,60040.98,Mumbai,4.6,Credit Card
ORD006753,2041-06-27,Beauty,Laptop,45925.86,9,413332.74,Delhi,3.7,Cash on Delivery
ORD006754,2041-06-28,Fashion,T-shirt,29479.69,2,58959.38,Ahmedabad,3.1,Cash on Delivery
ORD006755,2041-06-29,Home & Kitchen,Pressure Cooker,35771.97,6,214631.82,Delhi,3.2,Wallet
ORD006756,2041-06-30,Beauty,Saree,21095.98,4,84383.92,Indore,3.3,Cash on Delivery
ORD006757,2041-07-01,Fashion,Mixer,45746.35,6,274478.1,Mumbai,4.8,UPI
ORD006758,2041-07-02,Home & Kitchen,Laptop,41296.05,2,82592.1,Hyderabad,3.9,Credit Card
ORD006759,2041-07-03,Electronics,T-shirt,8752.3,2,17504.6,Ahmedabad,4.8,Cash on Delivery
ORD006760,2041-07-04,Sports,Headphones,29031.2,7,203218.4,Pune,4.6,Credit Card
ORD006761,2041-07-05,Fashion,Jeans,44892.95,3,134678.85,Chennai,4.7,Wallet
ORD006762,2041-07-06,Beauty,Laptop,39756.69,3,119270.07,Chennai,3.6,Cash on Delivery
ORD006763,2041-07-07,Fashion,Laptop,48146.36,7,337024.52,Hyderabad,3.5,Credit Card
ORD006764,2041-07-08,Beauty,Lipstick,11949.43,8,95595.44,Mumbai,4.1,UPI
ORD006765,2041-07-09,Fashion,Headphones,18689.25,7,130824.75,Delhi,3.8,Credit Card
ORD006766,2041-07-10,Beauty,Cricket Bat,25606.0,3,76818.0,Bangalore,4.0,UPI
ORD006767,2041-07-11,Home & Kitchen,Jeans,12017.12,3,36051.36,Hyderabad,3.1,UPI
ORD006768,2041-07-12,Electronics,Laptop,20005.24,7,140036.68,Chennai,4.9,Wallet
ORD006769,2041-07-13,Home & Kitchen,Saree,27108.19,3,81324.57,Chennai,3.1,Credit Card
ORD006770,2041-07-14,Electronics,Jeans,9971.29,2,19942.58,Delhi,3.4,Cash on Delivery
ORD006771,2041-07-15,Home & Kitchen,Saree,13206.05,7,92442.35,Chennai,4.4,Cash on Delivery
ORD006772,2041-07-16,Home & Kitchen,Mixer,6679.7,3,20039.1,Chennai,3.3,Cash on Delivery
ORD006773,2041-07-17,Fashion,Football,35812.38,5,179061.9,Delhi,3.2,Cash on Delivery
ORD006774,2041-07-18,Sports,Football,18396.82,7,128777.74,Mumbai,3.3,Credit Card
ORD006775,2041-07-19,Beauty,Face Cream,11403.17,2,22806.34,Pune,3.1,Wallet
ORD006776,2041-07-20,Beauty,Face Cream,25612.55,8,204900.4,Indore,3.5,Cash on Delivery
ORD006777,2041-07-21,Beauty,Cricket Bat,3878.34,2,7756.68,Ahmedabad,3.5,Cash on Delivery
ORD006778,2041-07-22,Electronics,Football,46208.63,4,184834.52,Pune,4.0,UPI
ORD006779,2041-07-23,Beauty,Mixer,15076.14,4,60304.56,Chennai,3.9,Credit Card
ORD006780,2041-07-24,Beauty,Laptop,44379.99,8,355039.92,Indore,3.9,UPI
ORD006781,2041-07-25,Fashion,Lipstick,25132.19,1,25132.19,Indore,4.2,UPI
ORD006782,2041-07-26,Home & Kitchen,Cricket Bat,42582.45,9,383242.05,Mumbai,3.5,Wallet
ORD006783,2041-07-27,Beauty,Face Cream,12729.69,6,76378.14,Ahmedabad,3.3,Cash on Delivery
ORD006784,2041-07-28,Sports,Lipstick,9175.89,4,36703.56,Bangalore,4.8,Cash on Delivery
ORD006785,2041-07-29,Beauty,T-shirt,42545.88,6,255275.28,Mumbai,4.3,Credit Card
ORD006786,2041-07-30,Electronics,Pressure Cooker,11039.73,6,66238.38,Ahmedabad,3.1,UPI
ORD006787,2041-07-31,Electronics,Headphones,37436.67,9,336930.03,Delhi,4.9,Cash on Delivery
ORD006788,2041-08-01,Electronics,T-shirt,17556.9,4,70227.6,Delhi,4.4,Wallet
ORD006789,2041-08-02,Beauty,Mixer,37535.59,8,300284.72,Delhi,3.3,UPI
ORD006790,2041-08-03,Fashion,Saree,45428.49,1,45428.49,Chennai,4.9,Wallet
ORD006791,2041-08-04,Sports,Face Cream,49091.1,6,294546.6,Hyderabad,3.7,Wallet
ORD006792,2041-08-05,Beauty,Mixer,18310.57,5,91552.85,Chennai,5.0,Wallet
ORD006793,2041-08-06,Fashion,Cricket Bat,18692.53,3,56077.59,Mumbai,3.2,Cash on Delivery
ORD006794,2041-08-07,Fashion,Face Cream,49078.69,4,196314.76,Bangalore,3.3,Wallet
ORD006795,2041-08-08,Beauty,Cricket Bat,43145.64,8,345165.12,Bangalore,4.3,Wallet
ORD006796,2041-08-09,Beauty,Mixer,2732.05,2,5464.1,Bangalore,3.0,Cash on Delivery
ORD006797,2041-08-10,Fashion,Laptop,28885.77,8,231086.16,Ahmedabad,3.0,Cash on Delivery
ORD006798,2041-08-11,Fashion,Mixer,9471.62,7,66301.34,Indore,4.6,Cash on Delivery
ORD006799,2041-08-12,Fashion,Cricket Bat,49703.62,1,49703.62,Bangalore,3.3,Credit Card
ORD006800,2041-08-13,Beauty,Cricket Bat,7376.69,2,14753.38,Indore,4.8,UPI
ORD006801,2041-08-14,Fashion,Jeans,28187.71,7,197313.97,Hyderabad,3.9,UPI
ORD006802,2041-08-15,Electronics,Smartphone,33427.32,3,100281.96,Pune,4.7,Credit Card
ORD006803,2041-08-16,Beauty,Lipstick,46884.7,2,93769.4,Bangalore,3.8,Credit Card
ORD006804,2041-08-17,Electronics,T-shirt,42439.29,1,42439.29,Indore,4.1,Credit Card
ORD006805,2041-08-18,Home & Kitchen,Face Cream,12664.86,7,88654.02,Chennai,3.6,Cash on Delivery
ORD006806,2041-08-19,Beauty,Mixer,28844.89,3,86534.67,Ahmedabad,4.3,Wallet
ORD006807,2041-08-20,Home & Kitchen,Jeans,47701.91,6,286211.46,Ahmedabad,3.6,Cash on Delivery
ORD006808,2041-08-21,Fashion,Laptop,36917.98,8,295343.84,Bangalore,3.4,Wallet
ORD006809,2041-08-22,Fashion,Football,34572.65,6,207435.9,Ahmedabad,3.2,UPI
ORD006810,2041-08-23,Sports,Cricket Bat,37867.6,7,265073.2,Delhi,3.1,Wallet
ORD006811,2041-08-24,Fashion,Mixer,16464.06,6,98784.36,Mumbai,3.6,Credit Card
ORD006812,2041-08-25,Home & Kitchen,Cricket Bat,36597.99,7,256185.93,Chennai,4.5,UPI
ORD006813,2041-08-26,Fashion,Saree,12026.31,5,60131.55,Hyderabad,3.4,Wallet
ORD006814,2041-08-27,Beauty,Jeans,21691.09,9,195219.81,Chennai,3.6,Credit Card
ORD006815,2041-08-28,Fashion,Mixer,44551.48,3,133654.44,Delhi,4.8,Wallet
ORD006816,2041-08-29,Sports,Saree,1439.07,6,8634.42,Bangalore,4.3,Wallet
ORD006817,2041-08-30,Fashion,Pressure Cooker,21008.77,9,189078.93,Bangalore,4.8,Wallet
ORD006818,2041-08-31,Home & Kitchen,Face Cream,13707.68,1,13707.68,Ahmedabad,4.8,UPI
ORD006819,2041-09-01,Home & Kitchen,Jeans,10330.19,5,51650.95,Ahmedabad,3.1,Wallet
ORD006820,2041-09-02,Fashion,Mixer,42009.48,4,168037.92,Hyderabad,4.9,Credit Card
ORD006821,2041-09-03,Home & Kitchen,Mixer,34976.68,9,314790.12,Pune,3.1,Wallet
ORD006822,2041-09-04,Home & Kitchen,Headphones,6075.32,1,6075.32,Ahmedabad,4.9,Credit Card
ORD006823,2041-09-05,Sports,Jeans,24975.93,4,99903.72,Mumbai,4.1,Cash on Delivery
ORD006824,2041-09-06,Beauty,Jeans,23611.84,1,23611.84,Bangalore,4.1,UPI
ORD006825,2041-09-07,Sports,Cricket Bat,7555.13,3,22665.39,Indore,4.4,Cash on Delivery
ORD006826,2041-09-08,Electronics,Face Cream,40088.25,4,160353.0,Hyderabad,4.8,Cash on Delivery
ORD006827,2041-09-09,Sports,Mixer,18650.36,1,18650.36,Pune,4.2,UPI
ORD006828,2041-09-10,Fashion,Lipstick,38215.92,5,191079.6,Ahmedabad,3.9,Cash on Delivery
ORD006829,2041-09-11,Beauty,Lipstick,10007.1,6,60042.6,Pune,3.2,Credit Card
ORD006830,2041-09-12,Fashion,Football,16096.14,1,16096.14,Pune,4.6,Credit Card
ORD006831,2041-09-13,Electronics,Lipstick,5210.96,4,20843.84,Bangalore,3.3,Credit Card
ORD006832,2041-09-14,Beauty,Pressure Cooker,7602.22,4,30408.88,Indore,4.5,Credit Card
ORD006833,2041-09-15,Home & Kitchen,Mixer,44217.58,1,44217.58,Pune,4.1,Cash on Delivery
ORD006834,2041-09-16,Sports,Mixer,5901.08,2,11802.16,Chennai,3.8,UPI
ORD006835,2041-09-17,Fashion,Saree,5238.69,5,26193.45,Hyderabad,4.2,Cash on Delivery
ORD006836,2041-09-18,Electronics,Headphones,47048.68,2,94097.36,Hyderabad,4.5,UPI
ORD006837,2041-09-19,Home & Kitchen,Jeans,32472.22,3,97416.66,Hyderabad,4.9,UPI
ORD006838,2041-09-20,Sports,Cricket Bat,5495.34,9,49458.06,Bangalore,3.5,Cash on Delivery
ORD006839,2041-09-21,Home & Kitchen,Headphones,48599.98,5,242999.9,Hyderabad,4.9,Cash on Delivery
ORD006840,2041-09-22,Sports,Football,7781.45,1,7781.45,Chennai,4.9,Credit Card
ORD006841,2041-09-23,Beauty,Saree,38434.11,5,192170.55,Mumbai,4.6,UPI
ORD006842,2041-09-24,Home & Kitchen,Mixer,2225.14,3,6675.42,Mumbai,4.8,UPI
ORD006843,2041-09-25,Home & Kitchen,T-shirt,31414.82,1,31414.82,Delhi,4.4,Wallet
ORD006844,2041-09-26,Home & Kitchen,Jeans,27561.84,3,82685.52,Chennai,3.1,UPI
ORD006845,2041-09-27,Beauty,Pressure Cooker,10796.19,6,64777.14,Chennai,4.2,Credit Card
ORD006846,2041-09-28,Electronics,Lipstick,32335.73,5,161678.65,Hyderabad,4.5,UPI
ORD006847,2041-09-29,Sports,Pressure Cooker,31044.12,1,31044.12,Pune,4.9,Wallet
ORD006848,2041-09-30,Home & Kitchen,Face Cream,40018.41,2,80036.82,Ahmedabad,4.1,Wallet
ORD006849,2041-10-01,Beauty,Mixer,43855.77,5,219278.85,Delhi,4.6,UPI
ORD006850,2041-10-02,Electronics,Saree,25750.19,9,231751.71,Indore,4.4,Credit Card
ORD006851,2041-10-03,Sports,Face Cream,24769.61,5,123848.05,Indore,3.6,Wallet
ORD006852,2041-10-04,Beauty,Face Cream,31268.99,5,156344.95,Chennai,3.3,Wallet
ORD006853,2041-10-05,Sports,T-shirt,36595.78,1,36595.78,Chennai,4.5,Wallet
ORD006854,2041-10-06,Home & Kitchen,Laptop,18130.47,5,90652.35,Chennai,3.5,Cash on Delivery
ORD006855,2041-10-07,Electronics,Lipstick,25479.77,8,203838.16,Bangalore,3.5,Credit Card
ORD006856,2041-10-08,Beauty,Cricket Bat,29462.66,9,265163.94,Ahmedabad,4.3,Credit Card
ORD006857,2041-10-09,Electronics,Mixer,49424.72,3,148274.16,Chennai,4.6,Cash on Delivery
ORD006858,2041-10-10,Home & Kitchen,Smartphone,29591.75,4,118367.0,Indore,4.2,UPI
ORD006859,2041-10-11,Electronics,T-shirt,11597.23,7,81180.61,Bangalore,4.8,Wallet
ORD006860,2041-10-12,Electronics,T-shirt,29605.5,7,207238.5,Pune,3.4,Wallet
ORD006861,2041-10-13,Fashion,Football,41065.23,1,41065.23,Indore,3.5,Cash on Delivery
ORD006862,2041-10-14,Electronics,Jeans,42941.48,6,257648.88,Chennai,4.3,UPI
ORD006863,2041-10-15,Sports,Pressure Cooker,40112.4,9,361011.6,Pune,4.7,Credit Card
ORD006864,2041-10-16,Beauty,Lipstick,44466.37,5,222331.85,Indore,4.1,UPI
ORD006865,2041-10-17,Fashion,Mixer,17070.93,8,136567.44,Mumbai,3.0,Credit Card
ORD006866,2041-10-18,Beauty,Smartphone,25624.75,9,230622.75,Pune,4.4,Wallet
ORD006867,2041-10-19,Beauty,Lipstick,39089.76,3,117269.28,Bangalore,4.6,UPI
ORD006868,2041-10-20,Home & Kitchen,Saree,13590.27,1,13590.27,Ahmedabad,3.6,Credit Card
ORD006869,2041-10-21,Home & Kitchen,Face Cream,18893.28,2,37786.56,Ahmedabad,3.1,UPI
ORD006870,2041-10-22,Fashion,Smartphone,41642.2,5,208211.0,Pune,4.0,UPI
ORD006871,2041-10-23,Home & Kitchen,Headphones,38619.24,7,270334.68,Bangalore,3.1,UPI
ORD006872,2041-10-24,Home & Kitchen,Headphones,48574.38,6,291446.28,Pune,3.8,Cash on Delivery
ORD006873,2041-10-25,Home & Kitchen,T-shirt,49800.72,4,199202.88,Hyderabad,3.0,Credit Card
ORD006874,2041-10-26,Beauty,Saree,12416.86,9,111751.74,Chennai,3.4,Credit Card
ORD006875,2041-10-27,Fashion,Face Cream,45072.27,4,180289.08,Ahmedabad,3.8,Wallet
ORD006876,2041-10-28,Beauty,Face Cream,5178.52,3,15535.56,Delhi,3.2,Credit Card
ORD006877,2041-10-29,Sports,Headphones,35635.11,5,178175.55,Pune,3.2,Wallet
ORD006878,2041-10-30,Beauty,T-shirt,11394.92,4,45579.68,Delhi,4.7,Cash on Delivery
ORD006879,2041-10-31,Sports,Pressure Cooker,15365.4,2,30730.8,Delhi,3.1,Wallet
ORD006880,2041-11-01,Electronics,Mixer,47342.9,3,142028.7,Delhi,4.4,Wallet
ORD006881,2041-11-02,Electronics,T-shirt,13525.99,7,94681.93,Ahmedabad,4.6,Cash on Delivery
ORD006882,2041-11-03,Sports,Mixer,33822.3,2,67644.6,Ahmedabad,3.3,Cash on Delivery
ORD006883,2041-11-04,Sports,Saree,9317.36,1,9317.36,Mumbai,3.4,Cash on Delivery
ORD006884,2041-11-05,Beauty,Football,5122.8,2,10245.6,Delhi,4.3,UPI
ORD006885,2041-11-06,Sports,Jeans,17296.19,8,138369.52,Indore,3.6,Credit Card
ORD006886,2041-11-07,Fashion,Lipstick,31397.71,8,251181.68,Hyderabad,4.0,UPI
ORD006887,2041-11-08,Electronics,T-shirt,12773.28,2,25546.56,Delhi,4.7,Wallet
ORD006888,2041-11-09,Electronics,T-shirt,15358.36,6,92150.16,Hyderabad,3.3,Cash on Delivery
ORD006889,2041-11-10,Sports,Mixer,35582.13,7,249074.91,Bangalore,4.2,Cash on Delivery
ORD006890,2041-11-11,Home & Kitchen,Headphones,5588.4,1,5588.4,Pune,4.9,UPI
ORD006891,2041-11-12,Home & Kitchen,Headphones,22621.8,7,158352.6,Indore,3.1,Wallet
ORD006892,2041-11-13,Sports,T-shirt,47115.86,8,376926.88,Chennai,3.1,Credit Card
ORD006893,2041-11-14,Fashion,Headphones,20150.1,9,181350.9,Ahmedabad,4.1,Wallet
ORD006894,2041-11-15,Home & Kitchen,Face Cream,21992.95,8,175943.6,Pune,4.9,Cash on Delivery
ORD006895,2041-11-16,Sports,Headphones,37041.11,3,111123.33,Pune,3.4,Wallet
ORD006896,2041-11-17,Fashion,T-shirt,39061.07,8,312488.56,Delhi,3.7,UPI
ORD006897,2041-11-18,Fashion,Pressure Cooker,38595.52,3,115786.56,Hyderabad,3.2,Wallet
ORD006898,2041-11-19,Beauty,Pressure Cooker,49894.42,6,299366.52,Indore,3.7,UPI
ORD006899,2041-11-20,Fashion,Laptop,4036.83,4,16147.32,Hyderabad,3.1,Wallet
ORD006900,2041-11-21,Home & Kitchen,Pressure Cooker,49121.54,7,343850.78,Chennai,3.8,Wallet
ORD006901,2041-11-22,Home & Kitchen,Laptop,47534.39,8,380275.12,Ahmedabad,4.1,UPI
ORD006902,2041-11-23,Sports,Saree,42680.88,6,256085.28,Bangalore,5.0,UPI
ORD006903,2041-11-24,Sports,Cricket Bat,22979.22,4,91916.88,Delhi,4.6,Credit Card
ORD006904,2041-11-25,Fashion,Lipstick,43609.67,8,348877.36,Hyderabad,4.6,Credit Card
ORD006905,2041-11-26,Electronics,Cricket Bat,11431.2,7,80018.4,Pune,3.5,Wallet
ORD006906,2041-11-27,Beauty,Headphones,39686.96,8,317495.68,Delhi,3.2,Cash on Delivery
ORD006907,2041-11-28,Electronics,Football,9669.3,7,67685.1,Indore,4.2,Cash on Delivery
ORD006908,2041-11-29,Fashion,Smartphone,40860.42,3,122581.26,Mumbai,4.0,Credit Card
ORD006909,2041-11-30,Fashion,Headphones,30919.19,3,92757.57,Pune,4.0,Credit Card
ORD006910,2041-12-01,Electronics,T-shirt,5352.55,9,48172.95,Hyderabad,3.2,Wallet
ORD006911,2041-12-02,Beauty,T-shirt,44818.32,7,313728.24,Bangalore,4.0,UPI
ORD006912,2041-12-03,Electronics,Lipstick,29108.88,1,29108.88,Indore,3.3,UPI
ORD006913,2041-12-04,Sports,Jeans,32984.29,3,98952.87,Chennai,3.8,UPI
ORD006914,2041-12-05,Home & Kitchen,Jeans,14533.75,1,14533.75,Hyderabad,3.1,Cash on Delivery
ORD006915,2041-12-06,Sports,Jeans,43645.96,6,261875.76,Mumbai,4.7,Cash on Delivery
ORD006916,2041-12-07,Home & Kitchen,Pressure Cooker,27487.44,2,54974.88,Chennai,3.0,Cash on Delivery
ORD006917,2041-12-08,Fashion,Saree,21345.45,7,149418.15,Bangalore,4.9,Cash on Delivery
ORD006918,2041-12-09,Beauty,Headphones,26946.95,8,215575.6,Delhi,4.7,UPI
ORD006919,2041-12-10,Electronics,T-shirt,35314.0,6,211884.0,Delhi,4.5,Wallet
ORD006920,2041-12-11,Beauty,Smartphone,34904.87,5,174524.35,Hyderabad,5.0,Wallet
ORD006921,2041-12-12,Electronics,Smartphone,18200.07,4,72800.28,Chennai,3.1,Cash on Delivery
ORD006922,2041-12-13,Sports,Smartphone,19570.28,9,176132.52,Mumbai,4.3,Cash on Delivery
ORD006923,2041-12-14,Sports,Jeans,28330.79,8,226646.32,Mumbai,4.7,UPI
ORD006924,2041-12-15,Electronics,Lipstick,46258.15,5,231290.75,Bangalore,3.3,UPI
ORD006925,2041-12-16,Beauty,Jeans,37398.8,1,37398.8,Indore,4.2,Wallet
ORD006926,2041-12-17,Electronics,Face Cream,19825.54,8,158604.32,Chennai,3.8,Credit Card
ORD006927,2041-12-18,Fashion,Face Cream,17183.12,8,137464.96,Chennai,3.9,Wallet
ORD006928,2041-12-19,Sports,T-shirt,26420.02,7,184940.14,Delhi,4.8,Wallet
ORD006929,2041-12-20,Fashion,Headphones,43564.57,7,304951.99,Ahmedabad,4.1,Wallet
ORD006930,2041-12-21,Sports,Headphones,929.62,8,7436.96,Pune,3.2,UPI
ORD006931,2041-12-22,Sports,Lipstick,35669.06,1,35669.06,Bangalore,4.9,Cash on Delivery
ORD006932,2041-12-23,Home & Kitchen,Saree,15078.36,3,45235.08,Bangalore,3.4,UPI
ORD006933,2041-12-24,Fashion,Football,10815.68,4,43262.72,Indore,4.8,Cash on Delivery
ORD006934,2041-12-25,Fashion,Pressure Cooker,1100.83,6,6604.98,Bangalore,4.9,Credit Card
ORD006935,2041-12-26,Home & Kitchen,Smartphone,44881.24,9,403931.16,Chennai,4.8,Credit Card
ORD006936,2041-12-27,Beauty,Headphones,45656.3,4,182625.2,Pune,4.4,Credit Card
ORD006937,2041-12-28,Fashion,Lipstick,3540.16,6,21240.96,Delhi,4.5,Cash on Delivery
ORD006938,2041-12-29,Electronics,Smartphone,26329.86,9,236968.74,Bangalore,4.4,Wallet
ORD006939,2041-12-30,Home & Kitchen,Jeans,8052.44,9,72471.96,Ahmedabad,3.9,Cash on Delivery
ORD006940,2041-12-31,Fashion,Mixer,38055.03,6,228330.18,Ahmedabad,3.5,Credit Card
ORD006941,2042-01-01,Beauty,Cricket Bat,33436.88,5,167184.4,Delhi,3.6,Wallet
ORD006942,2042-01-02,Fashion,Headphones,15207.98,3,45623.94,Indore,4.5,Credit Card
ORD006943,2042-01-03,Sports,Saree,6289.53,5,31447.65,Ahmedabad,4.3,Cash on Delivery
ORD006944,2042-01-04,Electronics,Football,41645.42,3,124936.26,Bangalore,4.2,Wallet
ORD006945,2042-01-05,Home & Kitchen,Football,33875.5,5,169377.5,Chennai,4.3,Cash on Delivery
ORD006946,2042-01-06,Sports,Lipstick,837.59,1,837.59,Delhi,4.5,Cash on Delivery
ORD006947,2042-01-07,Beauty,Pressure Cooker,31579.65,6,189477.9,Hyderabad,4.5,Cash on Delivery
ORD006948,2042-01-08,Sports,Saree,40609.65,7,284267.55,Pune,3.2,Wallet
ORD006949,2042-01-09,Sports,Jeans,29743.02,2,59486.04,Indore,3.7,Credit Card
ORD006950,2042-01-10,Beauty,Headphones,21523.33,3,64569.99,Bangalore,3.5,Credit Card
ORD006951,2042-01-11,Sports,T-shirt,29403.96,9,264635.64,Chennai,4.1,Wallet
ORD006952,2042-01-12,Home & Kitchen,Jeans,31175.75,8,249406.0,Delhi,3.1,UPI
ORD006953,2042-01-13,Fashion,Pressure Cooker,32181.71,4,128726.84,Mumbai,4.5,Wallet
ORD006954,2042-01-14,Sports,Jeans,48368.73,8,386949.84,Chennai,3.2,UPI
ORD006955,2042-01-15,Home & Kitchen,Lipstick,9343.07,8,74744.56,Chennai,3.5,Cash on Delivery
ORD006956,2042-01-16,Fashion,Saree,31343.11,6,188058.66,Ahmedabad,4.6,Credit Card
ORD006957,2042-01-17,Fashion,Lipstick,9805.67,1,9805.67,Mumbai,3.1,Cash on Delivery
ORD006958,2042-01-18,Sports,Smartphone,10892.86,2,21785.72,Mumbai,4.3,UPI
ORD006959,2042-01-19,Home & Kitchen,Mixer,33628.27,4,134513.08,Pune,4.8,Wallet
ORD006960,2042-01-20,Sports,Saree,45839.73,4,183358.92,Hyderabad,4.2,Cash on Delivery
ORD006961,2042-01-21,Beauty,Mixer,8372.69,2,16745.38,Hyderabad,4.4,Wallet
ORD006962,2042-01-22,Fashion,Lipstick,48142.04,9,433278.36,Ahmedabad,4.6,Wallet
ORD006963,2042-01-23,Sports,T-shirt,16308.93,2,32617.86,Hyderabad,3.4,UPI
ORD006964,2042-01-24,Fashion,Headphones,19870.05,6,119220.3,Chennai,4.2,Wallet
ORD006965,2042-01-25,Home & Kitchen,Pressure Cooker,8107.2,5,40536.0,Pune,3.6,UPI
ORD006966,2042-01-26,Electronics,Face Cream,30983.89,4,123935.56,Chennai,3.5,Wallet
ORD006967,2042-01-27,Sports,Jeans,30022.81,6,180136.86,Chennai,3.4,Wallet
ORD006968,2042-01-28,Sports,Jeans,22392.35,4,89569.4,Ahmedabad,4.2,Wallet
ORD006969,2042-01-29,Fashion,Face Cream,24066.52,9,216598.68,Hyderabad,4.6,Credit Card
ORD006970,2042-01-30,Home & Kitchen,Football,31337.31,7,219361.17,Delhi,4.8,Wallet
ORD006971,2042-01-31,Beauty,Mixer,29383.08,3,88149.24,Pune,3.9,Cash on Delivery
ORD006972,2042-02-01,Home & Kitchen,Pressure Cooker,19026.04,4,76104.16,Ahmedabad,3.7,Credit Card
ORD006973,2042-02-02,Sports,Saree,44263.66,1,44263.66,Ahmedabad,4.4,UPI
ORD006974,2042-02-03,Beauty,Headphones,33549.2,6,201295.2,Chennai,4.6,Wallet
ORD006975,2042-02-04,Home & Kitchen,Cricket Bat,10667.61,2,21335.22,Chennai,3.5,UPI
ORD006976,2042-02-05,Electronics,Mixer,16335.2,4,65340.8,Chennai,3.6,Cash on Delivery
ORD006977,2042-02-06,Fashion,Saree,39499.97,5,197499.85,Hyderabad,4.1,Cash on Delivery
ORD006978,2042-02-07,Home & Kitchen,Saree,5674.01,8,45392.08,Bangalore,3.9,Cash on Delivery
ORD006979,2042-02-08,Home & Kitchen,Pressure Cooker,37636.48,3,112909.44,Hyderabad,4.4,Cash on Delivery
ORD006980,2042-02-09,Electronics,Pressure Cooker,18262.7,6,109576.2,Ahmedabad,4.0,Wallet
ORD006981,2042-02-10,Sports,Laptop,27808.71,1,27808.71,Bangalore,3.2,UPI
ORD006982,2042-02-11,Fashion,Jeans,14387.63,9,129488.67,Ahmedabad,3.3,UPI
ORD006983,2042-02-12,Home & Kitchen,Headphones,49329.6,1,49329.6,Hyderabad,4.8,UPI
ORD006984,2042-02-13,Beauty,Smartphone,45339.09,2,90678.18,Pune,3.5,Credit Card
ORD006985,2042-02-14,Home & Kitchen,Mixer,46458.27,1,46458.27,Ahmedabad,3.1,Credit Card
ORD006986,2042-02-15,Fashion,Headphones,9646.39,8,77171.12,Delhi,4.5,Wallet
ORD006987,2042-02-16,Home & Kitchen,Laptop,42163.66,4,168654.64,Delhi,4.4,Credit Card
ORD006988,2042-02-17,Electronics,Laptop,27002.16,2,54004.32,Chennai,4.2,Cash on Delivery
ORD006989,2042-02-18,Home & Kitchen,Headphones,35539.03,7,248773.21,Hyderabad,4.0,Wallet
ORD006990,2042-02-19,Home & Kitchen,Pressure Cooker,11266.45,8,90131.6,Bangalore,4.9,Wallet
ORD006991,2042-02-20,Beauty,Football,35743.24,9,321689.16,Bangalore,3.2,Wallet
ORD006992,2042-02-21,Electronics,Saree,45756.23,5,228781.15,Delhi,4.0,UPI
ORD006993,2042-02-22,Electronics,Cricket Bat,13740.33,3,41220.99,Chennai,4.1,Credit Card
ORD006994,2042-02-23,Home & Kitchen,Headphones,12051.31,1,12051.31,Ahmedabad,3.0,Cash on Delivery
ORD006995,2042-02-24,Beauty,Mixer,5668.52,8,45348.16,Pune,3.8,Wallet
ORD006996,2042-02-25,Home & Kitchen,Smartphone,13706.93,6,82241.58,Bangalore,4.6,Cash on Delivery
ORD006997,2042-02-26,Home & Kitchen,Jeans,27021.72,5,135108.6,Hyderabad,3.9,Wallet
ORD006998,2042-02-27,Fashion,Laptop,41719.46,7,292036.22,Chennai,4.8,Cash on Delivery
ORD006999,2042-02-28,Fashion,T-shirt,14300.61,5,71503.05,Indore,4.3,UPI
ORD007000,2042-03-01,Beauty,Football,31246.65,4,124986.6,Hyderabad,4.5,Cash on Delivery
ORD007001,2042-03-02,Sports,T-shirt,24239.74,5,121198.7,Hyderabad,4.6,Credit Card
ORD007002,2042-03-03,Fashion,Saree,14784.66,7,103492.62,Ahmedabad,4.4,Cash on Delivery
ORD007003,2042-03-04,Sports,Pressure Cooker,25762.77,6,154576.62,Delhi,4.5,Wallet
ORD007004,2042-03-05,Electronics,Jeans,8814.14,9,79327.26,Pune,4.4,Wallet
ORD007005,2042-03-06,Fashion,Laptop,32159.09,2,64318.18,Ahmedabad,4.1,UPI
ORD007006,2042-03-07,Fashion,T-shirt,6225.3,7,43577.1,Ahmedabad,4.1,UPI
ORD007007,2042-03-08,Beauty,T-shirt,36683.54,1,36683.54,Hyderabad,3.4,Wallet
ORD007008,2042-03-09,Sports,Cricket Bat,9296.78,8,74374.24,Ahmedabad,4.7,Wallet
ORD007009,2042-03-10,Fashion,Headphones,49908.88,4,199635.52,Mumbai,3.6,Cash on Delivery
ORD007010,2042-03-11,Fashion,Face Cream,41271.79,8,330174.32,Chennai,4.1,Wallet
ORD007011,2042-03-12,Beauty,Lipstick,17520.1,8,140160.8,Mumbai,3.5,UPI
ORD007012,2042-03-13,Beauty,Jeans,21597.14,4,86388.56,Pune,4.4,UPI
ORD007013,2042-03-14,Sports,Lipstick,13329.96,4,53319.84,Ahmedabad,5.0,Credit Card
ORD007014,2042-03-15,Electronics,Face Cream,38472.17,5,192360.85,Hyderabad,4.6,Credit Card
ORD007015,2042-03-16,Electronics,Smartphone,19345.99,7,135421.93,Ahmedabad,4.2,Wallet
ORD007016,2042-03-17,Home & Kitchen,Pressure Cooker,37881.68,6,227290.08,Hyderabad,4.1,Cash on Delivery
ORD007017,2042-03-18,Fashion,Headphones,1410.88,1,1410.88,Delhi,4.0,Wallet
ORD007018,2042-03-19,Sports,Smartphone,7213.24,6,43279.44,Delhi,3.4,UPI
ORD007019,2042-03-20,Fashion,Mixer,18566.23,3,55698.69,Indore,3.7,UPI
ORD007020,2042-03-21,Sports,Laptop,5890.97,9,53018.73,Ahmedabad,3.8,UPI
ORD007021,2042-03-22,Sports,Lipstick,30255.84,3,90767.52,Delhi,4.9,Wallet
ORD007022,2042-03-23,Sports,Saree,3016.19,9,27145.71,Indore,3.9,Wallet
ORD007023,2042-03-24,Fashion,Mixer,43058.27,5,215291.35,Pune,4.2,Credit Card
ORD007024,2042-03-25,Beauty,Jeans,38184.75,8,305478.0,Pune,4.8,UPI
ORD007025,2042-03-26,Fashion,Laptop,11204.7,9,100842.3,Delhi,4.0,Credit Card
ORD007026,2042-03-27,Sports,Football,24447.7,9,220029.3,Indore,3.5,UPI
ORD007027,2042-03-28,Home & Kitchen,T-shirt,22864.75,7,160053.25,Bangalore,3.8,Credit Card
ORD007028,2042-03-29,Electronics,Lipstick,36380.8,1,36380.8,Delhi,3.8,Wallet
ORD007029,2042-03-30,Sports,Headphones,20374.69,8,162997.52,Hyderabad,4.4,Cash on Delivery
ORD007030,2042-03-31,Home & Kitchen,Headphones,2130.3,7,14912.1,Indore,3.6,Cash on Delivery
ORD007031,2042-04-01,Beauty,Mixer,14049.93,4,56199.72,Hyderabad,4.5,UPI
ORD007032,2042-04-02,Sports,Mixer,23576.69,6,141460.14,Indore,4.8,Wallet
ORD007033,2042-04-03,Home & Kitchen,Pressure Cooker,48737.36,2,97474.72,Chennai,3.7,UPI
ORD007034,2042-04-04,Sports,T-shirt,44117.35,4,176469.4,Indore,3.3,Credit Card
ORD007035,2042-04-05,Fashion,Cricket Bat,9479.6,8,75836.8,Mumbai,4.3,Wallet
ORD007036,2042-04-06,Home & Kitchen,Lipstick,36302.16,4,145208.64,Indore,3.7,Credit Card
ORD007037,2042-04-07,Fashion,Smartphone,46872.86,4,187491.44,Indore,4.1,Credit Card
ORD007038,2042-04-08,Fashion,Jeans,935.23,4,3740.92,Ahmedabad,4.3,UPI
ORD007039,2042-04-09,Home & Kitchen,Lipstick,36186.81,9,325681.29,Bangalore,3.8,Credit Card
ORD007040,2042-04-10,Electronics,Face Cream,23237.01,2,46474.02,Bangalore,4.8,UPI
ORD007041,2042-04-11,Home & Kitchen,Lipstick,34171.69,7,239201.83,Ahmedabad,3.8,Credit Card
ORD007042,2042-04-12,Electronics,Face Cream,30476.67,3,91430.01,Pune,3.6,UPI
ORD007043,2042-04-13,Sports,Football,49240.94,4,196963.76,Chennai,4.8,Credit Card
ORD007044,2042-04-14,Sports,Football,14796.36,1,14796.36,Chennai,3.3,Credit Card
ORD007045,2042-04-15,Home & Kitchen,T-shirt,39414.08,3,118242.24,Delhi,3.2,Credit Card
ORD007046,2042-04-16,Sports,Lipstick,12114.67,2,24229.34,Chennai,4.9,UPI
ORD007047,2042-04-17,Beauty,Football,22062.59,7,154438.13,Bangalore,3.4,Wallet
ORD007048,2042-04-18,Fashion,Pressure Cooker,48781.35,6,292688.1,Mumbai,3.3,Cash on Delivery
ORD007049,2042-04-19,Fashion,Lipstick,38423.75,1,38423.75,Indore,4.1,Cash on Delivery
ORD007050,2042-04-20,Electronics,Football,16133.15,8,129065.2,Mumbai,3.1,UPI
ORD007051,2042-04-21,Sports,Saree,31158.78,9,280429.02,Bangalore,4.2,UPI
ORD007052,2042-04-22,Electronics,Saree,2959.76,1,2959.76,Ahmedabad,3.9,Cash on Delivery
ORD007053,2042-04-23,Fashion,Laptop,13686.55,5,68432.75,Delhi,4.3,Wallet
ORD007054,2042-04-24,Fashion,Jeans,36060.33,7,252422.31,Ahmedabad,3.6,Wallet
ORD007055,2042-04-25,Sports,Saree,28719.63,2,57439.26,Mumbai,4.8,Cash on Delivery
ORD007056,2042-04-26,Beauty,Jeans,23748.81,6,142492.86,Indore,3.5,Credit Card
ORD007057,2042-04-27,Beauty,Headphones,34698.36,8,277586.88,Indore,4.3,Credit Card
ORD007058,2042-04-28,Sports,Pressure Cooker,20223.72,8,161789.76,Mumbai,4.9,UPI
ORD007059,2042-04-29,Sports,Football,1794.73,8,14357.84,Delhi,3.8,Cash on Delivery
ORD007060,2042-04-30,Electronics,T-shirt,22330.82,6,133984.92,Mumbai,3.3,Cash on Delivery
ORD007061,2042-05-01,Sports,T-shirt,45155.4,6,270932.4,Ahmedabad,3.1,UPI
ORD007062,2042-05-02,Beauty,Saree,42902.45,3,128707.35,Hyderabad,4.9,Wallet
ORD007063,2042-05-03,Sports,Face Cream,20745.36,2,41490.72,Pune,4.5,Wallet
ORD007064,2042-05-04,Electronics,Pressure Cooker,1599.96,5,7999.8,Bangalore,4.8,Cash on Delivery
ORD007065,2042-05-05,Electronics,Headphones,31997.21,9,287974.89,Mumbai,4.4,Credit Card
ORD007066,2042-05-06,Electronics,Smartphone,37189.12,4,148756.48,Mumbai,3.7,Cash on Delivery
ORD007067,2042-05-07,Electronics,Pressure Cooker,15065.06,5,75325.3,Ahmedabad,3.2,Cash on Delivery
ORD007068,2042-05-08,Home & Kitchen,Laptop,24094.87,6,144569.22,Delhi,4.9,Credit Card
ORD007069,2042-05-09,Sports,T-shirt,49596.91,6,297581.46,Mumbai,4.0,Cash on Delivery
ORD007070,2042-05-10,Fashion,Face Cream,29028.98,4,116115.92,Delhi,3.8,Wallet
ORD007071,2042-05-11,Sports,Laptop,17878.21,4,71512.84,Bangalore,4.2,Wallet
ORD007072,2042-05-12,Home & Kitchen,T-shirt,31560.7,8,252485.6,Hyderabad,3.2,Credit Card
ORD007073,2042-05-13,Electronics,Headphones,9411.1,5,47055.5,Chennai,3.6,Wallet
ORD007074,2042-05-14,Home & Kitchen,Face Cream,10362.99,5,51814.95,Bangalore,4.3,Credit Card
ORD007075,2042-05-15,Beauty,Face Cream,46283.77,9,416553.93,Mumbai,3.2,Credit Card
ORD007076,2042-05-16,Beauty,Football,12340.4,4,49361.6,Pune,3.3,Cash on Delivery
ORD007077,2042-05-17,Sports,Lipstick,15884.07,7,111188.49,Hyderabad,4.0,Credit Card
ORD007078,2042-05-18,Sports,Cricket Bat,27416.97,5,137084.85,Chennai,4.2,Wallet
ORD007079,2042-05-19,Fashion,Pressure Cooker,45034.78,9,405313.02,Chennai,3.4,Wallet
ORD007080,2042-05-20,Fashion,Pressure Cooker,39181.72,8,313453.76,Indore,3.1,UPI
ORD007081,2042-05-21,Beauty,Lipstick,2667.3,8,21338.4,Indore,4.9,Wallet
ORD007082,2042-05-22,Electronics,Smartphone,34804.97,3,104414.91,Mumbai,3.1,Cash on Delivery
ORD007083,2042-05-23,Home & Kitchen,Face Cream,25451.04,9,229059.36,Ahmedabad,3.0,Credit Card
ORD007084,2042-05-24,Fashion,T-shirt,24039.87,8,192318.96,Indore,3.6,Wallet
ORD007085,2042-05-25,Fashion,Smartphone,34732.14,3,104196.42,Chennai,3.4,UPI
ORD007086,2042-05-26,Electronics,Football,10213.49,1,10213.49,Chennai,4.1,UPI
ORD007087,2042-05-27,Electronics,Pressure Cooker,49083.69,5,245418.45,Bangalore,4.8,Credit Card
ORD007088,2042-05-28,Sports,Football,32442.67,4,129770.68,Ahmedabad,4.0,Wallet
ORD007089,2042-05-29,Home & Kitchen,Saree,18599.98,8,148799.84,Indore,4.5,Wallet
ORD007090,2042-05-30,Electronics,Saree,30210.01,6,181260.06,Indore,4.8,UPI
ORD007091,2042-05-31,Fashion,Mixer,11215.31,5,56076.55,Bangalore,3.4,Wallet
ORD007092,2042-06-01,Fashion,Jeans,31875.17,9,286876.53,Chennai,4.0,Wallet
ORD007093,2042-06-02,Beauty,Football,1896.75,6,11380.5,Delhi,4.3,Credit Card
ORD007094,2042-06-03,Electronics,Saree,17388.5,3,52165.5,Mumbai,3.7,Wallet
ORD007095,2042-06-04,Sports,Saree,37502.09,6,225012.54,Delhi,4.5,Wallet
ORD007096,2042-06-05,Home & Kitchen,T-shirt,40494.9,4,161979.6,Delhi,4.4,UPI
ORD007097,2042-06-06,Sports,Mixer,13019.51,5,65097.55,Chennai,3.8,Cash on Delivery
ORD007098,2042-06-07,Fashion,T-shirt,27200.77,6,163204.62,Mumbai,3.2,Wallet
ORD007099,2042-06-08,Sports,Pressure Cooker,26660.4,9,239943.6,Delhi,3.0,Credit Card
ORD007100,2042-06-09,Fashion,Laptop,21362.07,3,64086.21,Pune,3.7,UPI
ORD007101,2042-06-10,Fashion,Smartphone,11807.43,1,11807.43,Pune,3.2,UPI
ORD007102,2042-06-11,Fashion,Football,35309.8,2,70619.6,Pune,4.6,Credit Card
ORD007103,2042-06-12,Fashion,Pressure Cooker,12991.9,8,103935.2,Bangalore,3.7,Cash on Delivery
ORD007104,2042-06-13,Fashion,Laptop,45595.77,4,182383.08,Bangalore,4.3,Wallet
ORD007105,2042-06-14,Beauty,Headphones,26660.81,7,186625.67,Mumbai,3.7,Wallet
ORD007106,2042-06-15,Sports,Face Cream,43588.68,2,87177.36,Delhi,4.6,Credit Card
ORD007107,2042-06-16,Beauty,Headphones,14891.76,8,119134.08,Pune,4.8,UPI
ORD007108,2042-06-17,Beauty,T-shirt,40450.42,9,364053.78,Hyderabad,4.7,Credit Card
ORD007109,2042-06-18,Electronics,Cricket Bat,6126.35,7,42884.45,Indore,4.0,Cash on Delivery
ORD007110,2042-06-19,Electronics,Cricket Bat,38458.1,1,38458.1,Hyderabad,3.2,UPI
ORD007111,2042-06-20,Electronics,Laptop,19653.82,2,39307.64,Mumbai,3.7,Cash on Delivery
ORD007112,2042-06-21,Home & Kitchen,Saree,23764.51,9,213880.59,Indore,3.8,Cash on Delivery
ORD007113,2042-06-22,Electronics,T-shirt,8756.96,7,61298.72,Mumbai,4.9,UPI
ORD007114,2042-06-23,Sports,Laptop,1422.07,3,4266.21,Hyderabad,4.1,Cash on Delivery
ORD007115,2042-06-24,Beauty,Football,33476.78,5,167383.9,Delhi,4.3,UPI
ORD007116,2042-06-25,Sports,T-shirt,29592.06,1,29592.06,Delhi,4.6,Cash on Delivery
ORD007117,2042-06-26,Electronics,Laptop,31310.19,3,93930.57,Chennai,4.1,Cash on Delivery
ORD007118,2042-06-27,Home & Kitchen,Headphones,13122.59,4,52490.36,Indore,4.2,UPI
ORD007119,2042-06-28,Home & Kitchen,Mixer,12344.23,4,49376.92,Ahmedabad,3.5,Cash on Delivery
ORD007120,2042-06-29,Beauty,T-shirt,41599.67,7,291197.69,Mumbai,3.1,Cash on Delivery
ORD007121,2042-06-30,Sports,Mixer,38182.01,5,190910.05,Ahmedabad,4.4,Wallet
ORD007122,2042-07-01,Fashion,Face Cream,17171.11,9,154539.99,Delhi,4.7,Cash on Delivery
ORD007123,2042-07-02,Sports,Face Cream,32071.38,7,224499.66,Hyderabad,3.8,Credit Card
ORD007124,2042-07-03,Electronics,Headphones,41493.43,2,82986.86,Indore,4.1,Cash on Delivery
ORD007125,2042-07-04,Fashion,Cricket Bat,44497.06,8,355976.48,Hyderabad,3.6,Credit Card
ORD007126,2042-07-05,Home & Kitchen,Lipstick,787.41,2,1574.82,Ahmedabad,3.9,UPI
ORD007127,2042-07-06,Beauty,Smartphone,40766.39,7,285364.73,Bangalore,3.4,UPI
ORD007128,2042-07-07,Beauty,Pressure Cooker,17844.42,5,89222.1,Delhi,4.5,Wallet
ORD007129,2042-07-08,Home & Kitchen,Smartphone,36059.73,6,216358.38,Pune,4.0,UPI
ORD007130,2042-07-09,Electronics,Smartphone,18884.37,4,75537.48,Pune,4.1,Credit Card
ORD007131,2042-07-10,Home & Kitchen,Pressure Cooker,30509.33,5,152546.65,Chennai,3.1,UPI
ORD007132,2042-07-11,Electronics,Headphones,32515.73,5,162578.65,Chennai,4.2,UPI
ORD007133,2042-07-12,Fashion,Headphones,20547.14,7,143829.98,Ahmedabad,3.4,Cash on Delivery
ORD007134,2042-07-13,Home & Kitchen,Cricket Bat,25882.87,4,103531.48,Indore,3.8,Credit Card
ORD007135,2042-07-14,Electronics,Lipstick,36452.51,5,182262.55,Mumbai,3.8,Credit Card
ORD007136,2042-07-15,Fashion,Jeans,24077.11,4,96308.44,Bangalore,3.9,Credit Card
ORD007137,2042-07-16,Home & Kitchen,Smartphone,1192.03,4,4768.12,Indore,3.5,UPI
ORD007138,2042-07-17,Beauty,Saree,1138.76,8,9110.08,Hyderabad,4.7,Credit Card
ORD007139,2042-07-18,Home & Kitchen,Smartphone,33234.89,5,166174.45,Hyderabad,3.9,UPI
ORD007140,2042-07-19,Sports,Jeans,42438.26,9,381944.34,Mumbai,4.2,UPI
ORD007141,2042-07-20,Home & Kitchen,T-shirt,39371.04,5,196855.2,Chennai,4.2,Wallet
ORD007142,2042-07-21,Sports,Cricket Bat,15864.81,8,126918.48,Chennai,4.2,Wallet
ORD007143,2042-07-22,Fashion,Mixer,23820.83,3,71462.49,Hyderabad,4.1,UPI
ORD007144,2042-07-23,Home & Kitchen,Mixer,12090.96,7,84636.72,Pune,4.6,UPI
ORD007145,2042-07-24,Fashion,Jeans,49462.92,1,49462.92,Mumbai,4.6,Cash on Delivery
ORD007146,2042-07-25,Fashion,Smartphone,13395.07,5,66975.35,Ahmedabad,3.8,Wallet
ORD007147,2042-07-26,Electronics,Mixer,21104.95,2,42209.9,Indore,4.3,Credit Card
ORD007148,2042-07-27,Fashion,Jeans,34215.88,8,273727.04,Ahmedabad,3.2,Wallet
ORD007149,2042-07-28,Fashion,Pressure Cooker,43862.87,6,263177.22,Delhi,3.2,Wallet
ORD007150,2042-07-29,Home & Kitchen,Headphones,3048.05,5,15240.25,Indore,4.0,Wallet
ORD007151,2042-07-30,Home & Kitchen,Laptop,15400.47,3,46201.41,Bangalore,4.8,Credit Card
ORD007152,2042-07-31,Beauty,Headphones,28664.8,1,28664.8,Chennai,4.3,UPI
ORD007153,2042-08-01,Electronics,Smartphone,31106.5,8,248852.0,Indore,4.3,Wallet
ORD007154,2042-08-02,Fashion,Jeans,3966.36,5,19831.8,Chennai,3.3,Wallet
ORD007155,2042-08-03,Electronics,T-shirt,33371.9,9,300347.1,Ahmedabad,3.9,UPI
ORD007156,2042-08-04,Sports,Mixer,26639.19,7,186474.33,Chennai,3.8,UPI
ORD007157,2042-08-05,Fashion,Mixer,41467.56,1,41467.56,Ahmedabad,4.6,Cash on Delivery
ORD007158,2042-08-06,Electronics,Mixer,11498.36,1,11498.36,Delhi,3.3,Wallet
ORD007159,2042-08-07,Beauty,Football,10153.84,7,71076.88,Pune,4.1,UPI
ORD007160,2042-08-08,Beauty,Jeans,39770.19,7,278391.33,Delhi,4.8,Credit Card
ORD007161,2042-08-09,Fashion,Headphones,35341.52,9,318073.68,Ahmedabad,4.8,Credit Card
ORD007162,2042-08-10,Sports,T-shirt,39687.83,2,79375.66,Indore,4.7,Cash on Delivery
ORD007163,2042-08-11,Beauty,Football,39205.74,7,274440.18,Bangalore,3.7,Wallet
ORD007164,2042-08-12,Beauty,Jeans,5648.03,2,11296.06,Chennai,4.9,UPI
ORD007165,2042-08-13,Sports,Smartphone,14289.86,2,28579.72,Hyderabad,4.6,Credit Card
ORD007166,2042-08-14,Electronics,Cricket Bat,13374.21,5,66871.05,Chennai,4.7,Cash on Delivery
ORD007167,2042-08-15,Beauty,Smartphone,46762.07,9,420858.63,Bangalore,4.9,Wallet
ORD007168,2042-08-16,Home & Kitchen,Laptop,24629.6,9,221666.4,Indore,4.9,Credit Card
ORD007169,2042-08-17,Beauty,Face Cream,5997.33,1,5997.33,Bangalore,3.5,Cash on Delivery
ORD007170,2042-08-18,Electronics,Cricket Bat,14834.11,7,103838.77,Hyderabad,3.3,UPI
ORD007171,2042-08-19,Electronics,Smartphone,43659.13,3,130977.39,Ahmedabad,4.4,Credit Card
ORD007172,2042-08-20,Fashion,Face Cream,42429.79,1,42429.79,Delhi,4.1,Wallet
ORD007173,2042-08-21,Home & Kitchen,T-shirt,45066.8,2,90133.6,Hyderabad,3.7,Credit Card
ORD007174,2042-08-22,Electronics,Lipstick,19732.17,6,118393.02,Bangalore,4.4,UPI
ORD007175,2042-08-23,Sports,Lipstick,32246.38,2,64492.76,Hyderabad,3.1,UPI
ORD007176,2042-08-24,Home & Kitchen,Lipstick,14269.61,2,28539.22,Chennai,3.1,Cash on Delivery
ORD007177,2042-08-25,Home & Kitchen,Face Cream,9450.85,4,37803.4,Bangalore,3.7,UPI
ORD007178,2042-08-26,Sports,Laptop,1584.1,3,4752.3,Pune,3.4,Wallet
ORD007179,2042-08-27,Beauty,Laptop,11560.33,8,92482.64,Ahmedabad,4.4,Wallet
ORD007180,2042-08-28,Sports,Lipstick,30416.52,8,243332.16,Indore,4.9,Credit Card
ORD007181,2042-08-29,Sports,Pressure Cooker,45258.41,6,271550.46,Delhi,4.3,Credit Card
ORD007182,2042-08-30,Beauty,Mixer,7104.32,4,28417.28,Delhi,4.3,UPI
ORD007183,2042-08-31,Beauty,Cricket Bat,45941.57,7,321590.99,Hyderabad,3.0,UPI
ORD007184,2042-09-01,Beauty,Cricket Bat,17596.57,9,158369.13,Ahmedabad,4.0,UPI
ORD007185,2042-09-02,Beauty,Mixer,21628.01,2,43256.02,Hyderabad,4.6,UPI
ORD007186,2042-09-03,Beauty,Headphones,18566.44,6,111398.64,Pune,4.3,Credit Card
ORD007187,2042-09-04,Sports,Pressure Cooker,20726.1,7,145082.7,Pune,3.5,Wallet
ORD007188,2042-09-05,Fashion,Lipstick,13330.06,1,13330.06,Hyderabad,4.7,Cash on Delivery
ORD007189,2042-09-06,Fashion,Mixer,35080.93,6,210485.58,Indore,4.9,Credit Card
ORD007190,2042-09-07,Electronics,Jeans,38030.06,8,304240.48,Chennai,3.6,Credit Card
ORD007191,2042-09-08,Fashion,Cricket Bat,41244.09,7,288708.63,Delhi,3.4,Wallet
ORD007192,2042-09-09,Fashion,Jeans,17393.83,2,34787.66,Bangalore,3.7,Cash on Delivery
ORD007193,2042-09-10,Sports,Mixer,38349.03,2,76698.06,Bangalore,3.1,Wallet
ORD007194,2042-09-11,Beauty,Mixer,32064.93,4,128259.72,Delhi,4.7,UPI
ORD007195,2042-09-12,Beauty,Smartphone,47916.85,5,239584.25,Indore,4.9,Cash on Delivery
ORD007196,2042-09-13,Sports,Smartphone,21526.87,5,107634.35,Pune,4.3,Credit Card
ORD007197,2042-09-14,Fashion,T-shirt,49619.33,2,99238.66,Pune,4.5,UPI
ORD007198,2042-09-15,Sports,Face Cream,37149.5,7,260046.5,Hyderabad,4.3,UPI
ORD007199,2042-09-16,Electronics,T-shirt,38925.75,8,311406.0,Mumbai,3.8,UPI
ORD007200,2042-09-17,Beauty,Laptop,1772.39,2,3544.78,Ahmedabad,4.3,UPI
ORD007201,2042-09-18,Home & Kitchen,Football,25121.22,4,100484.88,Hyderabad,4.7,UPI
ORD007202,2042-09-19,Electronics,Laptop,26652.67,3,79958.01,Indore,4.6,UPI
ORD007203,2042-09-20,Electronics,Lipstick,2509.71,4,10038.84,Delhi,3.2,Cash on Delivery
ORD007204,2042-09-21,Sports,Smartphone,15950.5,5,79752.5,Chennai,3.9,UPI
ORD007205,2042-09-22,Fashion,Lipstick,47804.39,6,286826.34,Ahmedabad,3.8,Cash on Delivery
ORD007206,2042-09-23,Beauty,Mixer,21592.52,2,43185.04,Hyderabad,4.5,Cash on Delivery
ORD007207,2042-09-24,Home & Kitchen,Lipstick,9741.75,6,58450.5,Pune,4.0,Wallet
ORD007208,2042-09-25,Electronics,Mixer,25910.27,9,233192.43,Bangalore,3.7,Wallet
ORD007209,2042-09-26,Home & Kitchen,Cricket Bat,2171.4,8,17371.2,Chennai,4.4,Cash on Delivery
ORD007210,2042-09-27,Fashion,Smartphone,26041.44,1,26041.44,Delhi,3.9,UPI
ORD007211,2042-09-28,Fashion,T-shirt,29916.28,9,269246.52,Pune,3.5,Wallet
ORD007212,2042-09-29,Home & Kitchen,Lipstick,18205.87,2,36411.74,Mumbai,4.8,UPI
ORD007213,2042-09-30,Beauty,Smartphone,38247.52,1,38247.52,Hyderabad,3.2,UPI
ORD007214,2042-10-01,Fashion,Face Cream,7217.85,6,43307.1,Chennai,3.0,Wallet
ORD007215,2042-10-02,Home & Kitchen,Face Cream,43970.08,1,43970.08,Chennai,3.3,Wallet
ORD007216,2042-10-03,Electronics,Cricket Bat,47794.52,6,286767.12,Bangalore,3.3,Wallet
ORD007217,2042-10-04,Home & Kitchen,Jeans,561.11,2,1122.22,Pune,4.1,UPI
ORD007218,2042-10-05,Home & Kitchen,T-shirt,42214.72,7,295503.04,Ahmedabad,4.2,Credit Card
ORD007219,2042-10-06,Sports,Pressure Cooker,25552.2,7,178865.4,Ahmedabad,3.9,Credit Card
ORD007220,2042-10-07,Fashion,Saree,23339.58,4,93358.32,Hyderabad,3.4,Wallet
ORD007221,2042-10-08,Beauty,Smartphone,12314.62,2,24629.24,Mumbai,3.3,UPI
ORD007222,2042-10-09,Beauty,Headphones,22642.59,7,158498.13,Chennai,4.0,Credit Card
ORD007223,2042-10-10,Sports,Smartphone,47546.14,1,47546.14,Bangalore,4.1,Wallet
ORD007224,2042-10-11,Beauty,Mixer,10933.99,2,21867.98,Ahmedabad,3.6,UPI
ORD007225,2042-10-12,Home & Kitchen,Pressure Cooker,9362.54,2,18725.08,Pune,3.4,UPI
ORD007226,2042-10-13,Sports,Headphones,12473.87,1,12473.87,Hyderabad,3.2,UPI
ORD007227,2042-10-14,Electronics,Lipstick,27815.79,9,250342.11,Hyderabad,3.1,UPI
ORD007228,2042-10-15,Fashion,Cricket Bat,46549.84,6,279299.04,Pune,3.2,UPI
ORD007229,2042-10-16,Fashion,Face Cream,28907.14,3,86721.42,Pune,4.5,UPI
ORD007230,2042-10-17,Fashion,Headphones,12552.38,6,75314.28,Pune,3.7,UPI
ORD007231,2042-10-18,Home & Kitchen,Lipstick,22302.39,7,156116.73,Ahmedabad,3.1,Wallet
ORD007232,2042-10-19,Electronics,Face Cream,19824.81,3,59474.43,Mumbai,4.0,Wallet
ORD007233,2042-10-20,Sports,Lipstick,2805.19,4,11220.76,Bangalore,4.1,Cash on Delivery
ORD007234,2042-10-21,Sports,Face Cream,25776.77,1,25776.77,Pune,3.9,Wallet
ORD007235,2042-10-22,Fashion,Lipstick,6737.32,6,40423.92,Mumbai,3.2,Wallet
ORD007236,2042-10-23,Electronics,Mixer,42191.08,6,253146.48,Chennai,4.5,Cash on Delivery
ORD007237,2042-10-24,Electronics,Headphones,27673.66,9,249062.94,Indore,4.4,Wallet
ORD007238,2042-10-25,Electronics,Laptop,42308.02,2,84616.04,Pune,3.8,Credit Card
ORD007239,2042-10-26,Beauty,Cricket Bat,47824.21,5,239121.05,Delhi,3.8,Credit Card
ORD007240,2042-10-27,Beauty,Jeans,47187.82,5,235939.1,Delhi,3.3,Wallet
ORD007241,2042-10-28,Fashion,Smartphone,5471.25,7,38298.75,Mumbai,4.5,Wallet
ORD007242,2042-10-29,Electronics,Mixer,47268.45,5,236342.25,Ahmedabad,4.2,Wallet
ORD007243,2042-10-30,Electronics,T-shirt,39889.49,4,159557.96,Ahmedabad,3.2,Wallet
ORD007244,2042-10-31,Sports,Jeans,38994.08,2,77988.16,Mumbai,3.8,Cash on Delivery
ORD007245,2042-11-01,Sports,Cricket Bat,4961.36,8,39690.88,Indore,4.8,Cash on Delivery
ORD007246,2042-11-02,Fashion,Mixer,9385.98,5,46929.9,Indore,3.9,Wallet
ORD007247,2042-11-03,Electronics,Jeans,48770.59,4,195082.36,Indore,3.6,Wallet
ORD007248,2042-11-04,Fashion,Smartphone,11061.82,9,99556.38,Indore,4.3,Cash on Delivery
ORD007249,2042-11-05,Sports,Lipstick,8868.14,2,17736.28,Pune,3.4,Credit Card
ORD007250,2042-11-06,Sports,Face Cream,18436.41,3,55309.23,Delhi,4.0,UPI
ORD007251,2042-11-07,Beauty,Pressure Cooker,45711.13,8,365689.04,Chennai,4.3,Wallet
ORD007252,2042-11-08,Fashion,Lipstick,24071.58,4,96286.32,Indore,4.7,Credit Card
ORD007253,2042-11-09,Fashion,Cricket Bat,46068.89,9,414620.01,Indore,4.4,UPI
ORD007254,2042-11-10,Electronics,Smartphone,17049.77,9,153447.93,Mumbai,3.8,UPI
ORD007255,2042-11-11,Electronics,Jeans,11713.17,9,105418.53,Indore,4.5,Credit Card
ORD007256,2042-11-12,Beauty,Football,25012.55,1,25012.55,Ahmedabad,4.8,Wallet
ORD007257,2042-11-13,Home & Kitchen,Saree,30966.11,6,185796.66,Chennai,4.0,UPI
ORD007258,2042-11-14,Home & Kitchen,Football,19879.2,6,119275.2,Pune,3.0,Wallet
ORD007259,2042-11-15,Home & Kitchen,Pressure Cooker,17628.51,8,141028.08,Pune,4.8,Wallet
ORD007260,2042-11-16,Fashion,Lipstick,11293.93,7,79057.51,Chennai,3.3,Credit Card
ORD007261,2042-11-17,Fashion,Laptop,14112.83,7,98789.81,Pune,3.3,Cash on Delivery
ORD007262,2042-11-18,Sports,Jeans,33819.34,2,67638.68,Bangalore,3.6,Wallet
ORD007263,2042-11-19,Fashion,Lipstick,18808.74,4,75234.96,Pune,3.8,Cash on Delivery
ORD007264,2042-11-20,Fashion,Jeans,4447.97,1,4447.97,Chennai,4.6,Credit Card
ORD007265,2042-11-21,Fashion,Pressure Cooker,7338.69,7,51370.83,Indore,3.8,Credit Card
ORD007266,2042-11-22,Beauty,Cricket Bat,18932.77,4,75731.08,Pune,3.1,Credit Card
ORD007267,2042-11-23,Fashion,Football,46262.87,9,416365.83,Hyderabad,4.3,Credit Card
ORD007268,2042-11-24,Electronics,T-shirt,19262.0,6,115572.0,Indore,4.3,UPI
ORD007269,2042-11-25,Electronics,Lipstick,3501.78,6,21010.68,Delhi,4.6,Cash on Delivery
ORD007270,2042-11-26,Sports,Football,21190.72,9,190716.48,Pune,3.8,Credit Card
ORD007271,2042-11-27,Beauty,Jeans,33606.47,8,268851.76,Pune,3.2,Credit Card
ORD007272,2042-11-28,Electronics,T-shirt,29883.01,6,179298.06,Delhi,4.1,Wallet
ORD007273,2042-11-29,Beauty,Football,14300.75,6,85804.5,Pune,3.2,Cash on Delivery
ORD007274,2042-11-30,Beauty,T-shirt,34560.4,6,207362.4,Mumbai,3.0,Credit Card
ORD007275,2042-12-01,Sports,Laptop,31715.91,4,126863.64,Mumbai,4.6,Cash on Delivery
ORD007276,2042-12-02,Beauty,Face Cream,9022.56,5,45112.8,Bangalore,3.8,Cash on Delivery
ORD007277,2042-12-03,Fashion,T-shirt,8526.18,3,25578.54,Indore,4.1,Credit Card
ORD007278,2042-12-04,Beauty,Football,27585.56,9,248270.04,Bangalore,4.3,UPI
ORD007279,2042-12-05,Sports,Pressure Cooker,33142.21,2,66284.42,Hyderabad,3.8,Credit Card
ORD007280,2042-12-06,Sports,Smartphone,48114.57,7,336801.99,Mumbai,3.1,UPI
ORD007281,2042-12-07,Sports,T-shirt,21385.57,1,21385.57,Delhi,3.5,Credit Card
ORD007282,2042-12-08,Electronics,Saree,38364.49,7,268551.43,Hyderabad,3.4,UPI
ORD007283,2042-12-09,Fashion,Jeans,6267.78,2,12535.56,Pune,5.0,Wallet
ORD007284,2042-12-10,Electronics,T-shirt,44535.65,5,222678.25,Mumbai,4.5,Cash on Delivery
ORD007285,2042-12-11,Home & Kitchen,Headphones,31838.82,1,31838.82,Hyderabad,3.9,Cash on Delivery
ORD007286,2042-12-12,Fashion,Smartphone,31637.0,5,158185.0,Indore,3.1,Credit Card
ORD007287,2042-12-13,Beauty,Mixer,7550.91,4,30203.64,Chennai,3.2,Credit Card
ORD007288,2042-12-14,Sports,Smartphone,2459.39,1,2459.39,Pune,4.6,UPI
ORD007289,2042-12-15,Home & Kitchen,Cricket Bat,35221.73,1,35221.73,Pune,4.9,UPI
ORD007290,2042-12-16,Fashion,Mixer,6294.29,7,44060.03,Chennai,3.1,UPI
ORD007291,2042-12-17,Electronics,Laptop,6785.02,3,20355.06,Hyderabad,4.8,UPI
ORD007292,2042-12-18,Sports,Football,9781.26,9,88031.34,Mumbai,3.8,UPI
ORD007293,2042-12-19,Electronics,Smartphone,5338.45,9,48046.05,Chennai,3.4,Credit Card
ORD007294,2042-12-20,Fashion,Face Cream,31456.93,9,283112.37,Chennai,3.2,Cash on Delivery
ORD007295,2042-12-21,Fashion,Cricket Bat,21389.24,1,21389.24,Hyderabad,4.5,UPI
ORD007296,2042-12-22,Home & Kitchen,Football,13671.76,4,54687.04,Chennai,3.9,Cash on Delivery
ORD007297,2042-12-23,Beauty,Smartphone,22317.1,1,22317.1,Indore,4.7,Cash on Delivery
ORD007298,2042-12-24,Electronics,T-shirt,42284.93,1,42284.93,Pune,3.5,Credit Card
ORD007299,2042-12-25,Home & Kitchen,Face Cream,46390.43,9,417513.87,Ahmedabad,4.4,Wallet
ORD007300,2042-12-26,Sports,Lipstick,24630.07,5,123150.35,Delhi,3.2,UPI
ORD007301,2042-12-27,Beauty,Lipstick,28554.27,1,28554.27,Chennai,3.2,UPI
ORD007302,2042-12-28,Home & Kitchen,Cricket Bat,13231.4,3,39694.2,Indore,3.3,UPI
ORD007303,2042-12-29,Electronics,Face Cream,25923.22,7,181462.54,Ahmedabad,4.6,UPI
ORD007304,2042-12-30,Fashion,Face Cream,37531.92,2,75063.84,Pune,4.3,Credit Card
ORD007305,2042-12-31,Sports,Smartphone,24860.79,4,99443.16,Hyderabad,3.3,Wallet
ORD007306,2043-01-01,Electronics,Cricket Bat,15452.61,2,30905.22,Chennai,3.8,Credit Card
ORD007307,2043-01-02,Beauty,Laptop,29310.7,9,263796.3,Chennai,4.5,UPI
ORD007308,2043-01-03,Beauty,Lipstick,47359.47,9,426235.23,Bangalore,3.6,UPI
ORD007309,2043-01-04,Fashion,Headphones,44455.2,7,311186.4,Ahmedabad,4.8,Cash on Delivery
ORD007310,2043-01-05,Fashion,Mixer,38577.5,7,270042.5,Hyderabad,4.8,Cash on Delivery
ORD007311,2043-01-06,Sports,Pressure Cooker,14172.38,2,28344.76,Hyderabad,4.1,Wallet
ORD007312,2043-01-07,Sports,T-shirt,12457.2,8,99657.6,Indore,4.3,UPI
ORD007313,2043-01-08,Fashion,Face Cream,42007.59,1,42007.59,Bangalore,4.3,UPI
ORD007314,2043-01-09,Fashion,Headphones,9475.22,8,75801.76,Ahmedabad,3.5,Wallet
ORD007315,2043-01-10,Beauty,Headphones,30477.76,5,152388.8,Bangalore,3.7,Cash on Delivery
ORD007316,2043-01-11,Fashion,Jeans,22227.03,4,88908.12,Indore,3.3,Cash on Delivery
ORD007317,2043-01-12,Home & Kitchen,Headphones,23665.33,2,47330.66,Ahmedabad,4.8,UPI
ORD007318,2043-01-13,Electronics,Mixer,22999.9,3,68999.7,Delhi,4.4,Cash on Delivery
ORD007319,2043-01-14,Fashion,Face Cream,45047.53,2,90095.06,Chennai,3.1,Wallet
ORD007320,2043-01-15,Sports,Mixer,4811.17,4,19244.68,Mumbai,4.1,Credit Card
ORD007321,2043-01-16,Home & Kitchen,T-shirt,39253.62,3,117760.86,Mumbai,3.7,Cash on Delivery
ORD007322,2043-01-17,Sports,Cricket Bat,41833.13,5,209165.65,Bangalore,4.6,Wallet
ORD007323,2043-01-18,Home & Kitchen,Face Cream,47172.42,7,330206.94,Hyderabad,3.7,UPI
ORD007324,2043-01-19,Fashion,Face Cream,22903.7,9,206133.3,Hyderabad,4.3,Credit Card
ORD007325,2043-01-20,Electronics,Saree,25253.23,5,126266.15,Indore,3.3,Wallet
ORD007326,2043-01-21,Sports,Saree,48084.08,8,384672.64,Delhi,4.1,Credit Card
ORD007327,2043-01-22,Home & Kitchen,Smartphone,23193.33,2,46386.66,Mumbai,3.6,Cash on Delivery
ORD007328,2043-01-23,Beauty,Smartphone,25425.65,6,152553.9,Pune,3.3,UPI
ORD007329,2043-01-24,Fashion,Pressure Cooker,16946.59,8,135572.72,Pune,4.2,Cash on Delivery
ORD007330,2043-01-25,Electronics,Football,2065.56,9,18590.04,Indore,4.3,Cash on Delivery
ORD007331,2043-01-26,Fashion,Football,21936.2,4,87744.8,Indore,5.0,Wallet
ORD007332,2043-01-27,Beauty,Face Cream,32927.02,4,131708.08,Hyderabad,4.3,Wallet
ORD007333,2043-01-28,Electronics,Mixer,34652.32,7,242566.24,Ahmedabad,4.0,Cash on Delivery
ORD007334,2043-01-29,Beauty,Smartphone,822.18,4,3288.72,Delhi,4.8,Wallet
ORD007335,2043-01-30,Fashion,Jeans,40152.11,5,200760.55,Ahmedabad,4.7,Wallet
ORD007336,2043-01-31,Home & Kitchen,Football,24874.57,2,49749.14,Delhi,4.1,Credit Card
ORD007337,2043-02-01,Fashion,Smartphone,26276.9,2,52553.8,Bangalore,4.0,Cash on Delivery
ORD007338,2043-02-02,Fashion,Laptop,48106.31,5,240531.55,Mumbai,4.9,Cash on Delivery
ORD007339,2043-02-03,Fashion,Laptop,14580.83,2,29161.66,Delhi,4.2,Wallet
ORD007340,2043-02-04,Sports,Jeans,38201.77,6,229210.62,Delhi,4.4,Cash on Delivery
ORD007341,2043-02-05,Beauty,Headphones,28951.42,6,173708.52,Ahmedabad,3.2,Cash on Delivery
ORD007342,2043-02-06,Beauty,Laptop,35189.52,8,281516.16,Delhi,4.4,Wallet
ORD007343,2043-02-07,Beauty,Saree,21181.96,1,21181.96,Pune,3.5,UPI
ORD007344,2043-02-08,Sports,Football,14320.77,7,100245.39,Mumbai,3.2,Wallet
ORD007345,2043-02-09,Home & Kitchen,Saree,27533.23,7,192732.61,Ahmedabad,4.7,UPI
ORD007346,2043-02-10,Fashion,Laptop,19059.59,9,171536.31,Bangalore,4.4,UPI
ORD007347,2043-02-11,Home & Kitchen,Smartphone,11534.1,4,46136.4,Chennai,3.8,Credit Card
ORD007348,2043-02-12,Sports,Pressure Cooker,42042.19,7,294295.33,Hyderabad,3.9,UPI
ORD007349,2043-02-13,Beauty,Pressure Cooker,24053.66,6,144321.96,Pune,3.4,Cash on Delivery
ORD007350,2043-02-14,Fashion,Saree,42442.13,4,169768.52,Indore,3.0,Wallet
ORD007351,2043-02-15,Electronics,Laptop,23964.56,8,191716.48,Ahmedabad,3.7,Cash on Delivery
ORD007352,2043-02-16,Electronics,Headphones,28061.49,3,84184.47,Indore,3.3,UPI
ORD007353,2043-02-17,Home & Kitchen,T-shirt,49766.37,8,398130.96,Ahmedabad,3.8,Wallet
ORD007354,2043-02-18,Beauty,Smartphone,47599.46,5,237997.3,Mumbai,4.7,Wallet
ORD007355,2043-02-19,Electronics,Face Cream,13948.65,4,55794.6,Ahmedabad,3.2,Wallet
ORD007356,2043-02-20,Home & Kitchen,Smartphone,43498.44,3,130495.32,Ahmedabad,3.2,Wallet
ORD007357,2043-02-21,Sports,Pressure Cooker,19824.97,7,138774.79,Pune,4.8,Credit Card
ORD007358,2043-02-22,Home & Kitchen,Laptop,4026.81,7,28187.67,Ahmedabad,4.5,Credit Card
ORD007359,2043-02-23,Home & Kitchen,Cricket Bat,29001.16,6,174006.96,Mumbai,3.1,Credit Card
ORD007360,2043-02-24,Home & Kitchen,Football,48864.07,3,146592.21,Pune,3.2,Wallet
ORD007361,2043-02-25,Fashion,Lipstick,48728.53,9,438556.77,Indore,4.4,Cash on Delivery
ORD007362,2043-02-26,Home & Kitchen,Football,6760.04,2,13520.08,Ahmedabad,3.7,UPI
ORD007363,2043-02-27,Home & Kitchen,Face Cream,38676.21,3,116028.63,Mumbai,4.4,Credit Card
ORD007364,2043-02-28,Fashion,Laptop,40240.24,1,40240.24,Chennai,3.8,Cash on Delivery
ORD007365,2043-03-01,Fashion,Jeans,18752.87,7,131270.09,Hyderabad,4.9,Credit Card
ORD007366,2043-03-02,Sports,Laptop,33100.46,2,66200.92,Hyderabad,4.4,Credit Card
ORD007367,2043-03-03,Beauty,Smartphone,24663.89,8,197311.12,Delhi,3.1,UPI
ORD007368,2043-03-04,Electronics,Football,11780.71,9,106026.39,Indore,3.7,Wallet
ORD007369,2043-03-05,Electronics,T-shirt,38182.58,2,76365.16,Indore,4.1,Cash on Delivery
ORD007370,2043-03-06,Home & Kitchen,Jeans,13506.26,6,81037.56,Indore,3.3,Credit Card
ORD007371,2043-03-07,Sports,Pressure Cooker,17352.16,1,17352.16,Delhi,3.0,Wallet
ORD007372,2043-03-08,Home & Kitchen,Mixer,9905.91,8,79247.28,Indore,3.2,Cash on Delivery
ORD007373,2043-03-09,Electronics,Mixer,36103.93,5,180519.65,Bangalore,4.0,Credit Card
ORD007374,2043-03-10,Fashion,Cricket Bat,23206.84,9,208861.56,Pune,4.3,Wallet
ORD007375,2043-03-11,Beauty,Pressure Cooker,22446.98,3,67340.94,Mumbai,3.2,UPI
ORD007376,2043-03-12,Sports,Headphones,30425.86,2,60851.72,Bangalore,4.3,Credit Card
ORD007377,2043-03-13,Fashion,Saree,8284.54,7,57991.78,Ahmedabad,4.2,Wallet
ORD007378,2043-03-14,Beauty,Football,44958.62,7,314710.34,Ahmedabad,4.9,UPI
ORD007379,2043-03-15,Sports,Cricket Bat,23522.89,5,117614.45,Ahmedabad,4.7,Wallet
ORD007380,2043-03-16,Sports,Mixer,18643.08,7,130501.56,Mumbai,4.9,Credit Card
ORD007381,2043-03-17,Electronics,Saree,6771.19,6,40627.14,Pune,4.9,UPI
ORD007382,2043-03-18,Fashion,Headphones,8813.73,9,79323.57,Hyderabad,3.9,Credit Card
ORD007383,2043-03-19,Sports,Pressure Cooker,46057.84,3,138173.52,Pune,4.0,Wallet
ORD007384,2043-03-20,Sports,Saree,23102.54,4,92410.16,Ahmedabad,3.6,Wallet
ORD007385,2043-03-21,Beauty,Pressure Cooker,36248.1,9,326232.9,Indore,4.0,Credit Card
ORD007386,2043-03-22,Electronics,Headphones,4485.56,8,35884.48,Pune,3.3,Credit Card
ORD007387,2043-03-23,Home & Kitchen,Lipstick,32351.49,6,194108.94,Bangalore,4.3,Cash on Delivery
ORD007388,2043-03-24,Electronics,Jeans,46115.2,3,138345.6,Hyderabad,3.0,Cash on Delivery
ORD007389,2043-03-25,Home & Kitchen,Saree,15348.19,9,138133.71,Pune,3.5,Credit Card
ORD007390,2043-03-26,Fashion,Football,29167.45,9,262507.05,Delhi,3.4,Wallet
ORD007391,2043-03-27,Fashion,Saree,47040.85,6,282245.1,Ahmedabad,4.9,Wallet
ORD007392,2043-03-28,Sports,Pressure Cooker,36106.47,2,72212.94,Indore,3.3,Wallet
ORD007393,2043-03-29,Fashion,Pressure Cooker,3585.11,7,25095.77,Ahmedabad,4.8,Cash on Delivery
ORD007394,2043-03-30,Sports,Saree,19247.49,9,173227.41,Pune,3.2,Wallet
ORD007395,2043-03-31,Electronics,Pressure Cooker,4745.75,9,42711.75,Hyderabad,4.3,Cash on Delivery
ORD007396,2043-04-01,Fashion,T-shirt,43135.22,3,129405.66,Chennai,3.6,Wallet
ORD007397,2043-04-02,Electronics,Face Cream,31272.3,2,62544.6,Ahmedabad,3.6,Credit Card
ORD007398,2043-04-03,Electronics,Football,47840.9,5,239204.5,Bangalore,5.0,Wallet
ORD007399,2043-04-04,Fashion,T-shirt,1477.94,7,10345.58,Indore,3.5,Credit Card
ORD007400,2043-04-05,Electronics,Face Cream,21442.82,3,64328.46,Indore,3.4,Credit Card
ORD007401,2043-04-06,Fashion,Lipstick,5666.02,4,22664.08,Mumbai,4.2,Wallet
ORD007402,2043-04-07,Fashion,Lipstick,17849.15,2,35698.3,Hyderabad,4.5,Cash on Delivery
ORD007403,2043-04-08,Fashion,Lipstick,8513.4,2,17026.8,Ahmedabad,5.0,Cash on Delivery
ORD007404,2043-04-09,Home & Kitchen,Mixer,16775.29,7,117427.03,Indore,4.4,Cash on Delivery
ORD007405,2043-04-10,Electronics,Mixer,41053.47,2,82106.94,Indore,4.1,Wallet
ORD007406,2043-04-11,Beauty,Laptop,8454.62,1,8454.62,Bangalore,3.8,Credit Card
ORD007407,2043-04-12,Fashion,Cricket Bat,23946.41,4,95785.64,Mumbai,4.2,Cash on Delivery
ORD007408,2043-04-13,Electronics,Football,46118.37,6,276710.22,Indore,4.2,Cash on Delivery
ORD007409,2043-04-14,Sports,Jeans,49939.57,4,199758.28,Ahmedabad,3.4,UPI
ORD007410,2043-04-15,Fashion,T-shirt,12906.74,1,12906.74,Indore,4.3,Wallet
ORD007411,2043-04-16,Fashion,Headphones,46810.62,1,46810.62,Bangalore,3.4,Wallet
ORD007412,2043-04-17,Beauty,Jeans,13438.74,9,120948.66,Ahmedabad,4.0,Wallet
ORD007413,2043-04-18,Home & Kitchen,Face Cream,20969.66,1,20969.66,Pune,3.5,UPI
ORD007414,2043-04-19,Home & Kitchen,Jeans,43957.22,7,307700.54,Bangalore,3.6,Credit Card
ORD007415,2043-04-20,Fashion,Headphones,39415.72,7,275910.04,Pune,4.2,Credit Card
ORD007416,2043-04-21,Electronics,Smartphone,42945.63,1,42945.63,Chennai,3.1,Cash on Delivery
ORD007417,2043-04-22,Sports,Saree,40112.71,1,40112.71,Hyderabad,3.0,UPI
ORD007418,2043-04-23,Sports,Cricket Bat,12135.52,6,72813.12,Ahmedabad,3.3,UPI
ORD007419,2043-04-24,Electronics,Football,28160.36,8,225282.88,Pune,3.3,Credit Card
ORD007420,2043-04-25,Fashion,Laptop,19569.91,7,136989.37,Chennai,3.4,Cash on Delivery
ORD007421,2043-04-26,Sports,Face Cream,23255.69,6,139534.14,Delhi,4.5,Wallet
ORD007422,2043-04-27,Home & Kitchen,Football,8120.84,3,24362.52,Ahmedabad,3.9,Wallet
ORD007423,2043-04-28,Electronics,Lipstick,16130.49,7,112913.43,Indore,3.9,Wallet
ORD007424,2043-04-29,Beauty,Headphones,42953.53,6,257721.18,Ahmedabad,4.3,Credit Card
ORD007425,2043-04-30,Fashion,Face Cream,44929.14,8,359433.12,Bangalore,4.5,Wallet
ORD007426,2043-05-01,Electronics,Mixer,30702.58,4,122810.32,Ahmedabad,3.0,Cash on Delivery
ORD007427,2043-05-02,Sports,Lipstick,25164.23,9,226478.07,Pune,4.7,UPI
ORD007428,2043-05-03,Fashion,Football,35785.56,1,35785.56,Hyderabad,5.0,Cash on Delivery
ORD007429,2043-05-04,Home & Kitchen,Pressure Cooker,30638.24,7,214467.68,Pune,3.2,UPI
ORD007430,2043-05-05,Fashion,Headphones,49191.91,9,442727.19,Delhi,4.3,Wallet
ORD007431,2043-05-06,Fashion,Lipstick,9909.4,1,9909.4,Indore,3.0,UPI
ORD007432,2043-05-07,Home & Kitchen,Football,22727.71,3,68183.13,Delhi,3.1,Wallet
ORD007433,2043-05-08,Home & Kitchen,Saree,45952.9,7,321670.3,Ahmedabad,3.6,UPI
ORD007434,2043-05-09,Fashion,Football,45779.48,9,412015.32,Chennai,4.7,Credit Card
ORD007435,2043-05-10,Home & Kitchen,Saree,25019.67,1,25019.67,Delhi,4.3,Credit Card
ORD007436,2043-05-11,Electronics,Saree,7173.05,6,43038.3,Ahmedabad,3.9,Credit Card
ORD007437,2043-05-12,Home & Kitchen,Lipstick,40840.42,2,81680.84,Pune,3.9,Cash on Delivery
ORD007438,2043-05-13,Home & Kitchen,Football,29465.68,5,147328.4,Mumbai,3.9,Credit Card
ORD007439,2043-05-14,Fashion,Football,38771.72,7,271402.04,Mumbai,3.6,UPI
ORD007440,2043-05-15,Electronics,Saree,23394.92,7,163764.44,Mumbai,4.8,Wallet
ORD007441,2043-05-16,Beauty,T-shirt,10592.25,7,74145.75,Indore,4.1,Credit Card
ORD007442,2043-05-17,Beauty,Mixer,1687.48,4,6749.92,Delhi,4.0,Wallet
ORD007443,2043-05-18,Sports,Laptop,28177.34,6,169064.04,Indore,3.9,UPI
ORD007444,2043-05-19,Home & Kitchen,Football,8471.79,6,50830.74,Indore,4.9,Credit Card
ORD007445,2043-05-20,Home & Kitchen,Headphones,9763.29,7,68343.03,Bangalore,4.4,Cash on Delivery
ORD007446,2043-05-21,Electronics,Face Cream,22097.13,9,198874.17,Hyderabad,3.3,Cash on Delivery
ORD007447,2043-05-22,Beauty,Jeans,22382.82,6,134296.92,Mumbai,3.9,UPI
ORD007448,2043-05-23,Sports,Lipstick,14082.16,1,14082.16,Ahmedabad,3.6,Credit Card
ORD007449,2043-05-24,Electronics,Lipstick,7030.15,8,56241.2,Mumbai,5.0,Credit Card
ORD007450,2043-05-25,Home & Kitchen,Mixer,47275.16,2,94550.32,Mumbai,3.8,UPI
ORD007451,2043-05-26,Beauty,Football,7016.21,3,21048.63,Chennai,3.1,Cash on Delivery
ORD007452,2043-05-27,Sports,Football,17863.24,5,89316.2,Chennai,3.8,Credit Card
ORD007453,2043-05-28,Fashion,Smartphone,15590.97,6,93545.82,Pune,3.6,Credit Card
ORD007454,2043-05-29,Beauty,Face Cream,43383.73,7,303686.11,Pune,4.2,Credit Card
ORD007455,2043-05-30,Sports,Cricket Bat,20798.09,4,83192.36,Mumbai,3.5,Wallet
ORD007456,2043-05-31,Electronics,Pressure Cooker,6640.15,3,19920.45,Mumbai,3.1,Wallet
ORD007457,2043-06-01,Fashion,Headphones,1007.92,9,9071.28,Indore,3.2,Cash on Delivery
ORD007458,2043-06-02,Sports,Smartphone,36236.51,4,144946.04,Chennai,3.6,Credit Card
ORD007459,2043-06-03,Sports,Pressure Cooker,35867.8,9,322810.2,Hyderabad,3.7,Cash on Delivery
ORD007460,2043-06-04,Home & Kitchen,Cricket Bat,21180.29,9,190622.61,Bangalore,4.7,Wallet
ORD007461,2043-06-05,Beauty,Jeans,6752.25,3,20256.75,Hyderabad,3.5,Wallet
ORD007462,2043-06-06,Home & Kitchen,Lipstick,18895.87,3,56687.61,Indore,3.1,Credit Card
ORD007463,2043-06-07,Fashion,Saree,29699.18,8,237593.44,Bangalore,4.6,Cash on Delivery
ORD007464,2043-06-08,Sports,Mixer,35345.18,1,35345.18,Delhi,4.7,UPI
ORD007465,2043-06-09,Home & Kitchen,Headphones,4372.87,6,26237.22,Delhi,4.0,Cash on Delivery
ORD007466,2043-06-10,Beauty,Mixer,28037.22,6,168223.32,Hyderabad,3.6,UPI
ORD007467,2043-06-11,Fashion,Laptop,14168.14,9,127513.26,Chennai,4.5,Credit Card
ORD007468,2043-06-12,Electronics,Jeans,31054.68,2,62109.36,Pune,3.0,Wallet
ORD007469,2043-06-13,Home & Kitchen,Laptop,32582.94,8,260663.52,Pune,4.8,Credit Card
ORD007470,2043-06-14,Fashion,Cricket Bat,45574.88,7,319024.16,Mumbai,4.7,Wallet
ORD007471,2043-06-15,Electronics,Cricket Bat,20813.73,2,41627.46,Ahmedabad,4.1,Credit Card
ORD007472,2043-06-16,Home & Kitchen,T-shirt,27110.74,1,27110.74,Delhi,3.6,UPI
ORD007473,2043-06-17,Fashion,Cricket Bat,13776.65,4,55106.6,Ahmedabad,3.1,Credit Card
ORD007474,2043-06-18,Fashion,Smartphone,14684.57,2,29369.14,Indore,5.0,Cash on Delivery
ORD007475,2043-06-19,Home & Kitchen,Smartphone,2778.67,3,8336.01,Pune,4.5,Cash on Delivery
ORD007476,2043-06-20,Fashion,Saree,14660.41,2,29320.82,Chennai,3.7,UPI
ORD007477,2043-06-21,Sports,Lipstick,3659.52,9,32935.68,Chennai,3.0,Cash on Delivery
ORD007478,2043-06-22,Home & Kitchen,Football,48213.83,4,192855.32,Bangalore,4.3,UPI
ORD007479,2043-06-23,Fashion,Mixer,31401.03,1,31401.03,Delhi,5.0,UPI
ORD007480,2043-06-24,Electronics,Lipstick,9070.85,8,72566.8,Hyderabad,4.4,Wallet
ORD007481,2043-06-25,Electronics,Lipstick,6279.93,4,25119.72,Indore,3.2,Wallet
ORD007482,2043-06-26,Sports,Smartphone,18821.07,8,150568.56,Chennai,3.8,Credit Card
ORD007483,2043-06-27,Home & Kitchen,Mixer,15728.54,8,125828.32,Hyderabad,3.2,Wallet
ORD007484,2043-06-28,Fashion,Saree,14323.11,9,128907.99,Hyderabad,4.8,UPI
ORD007485,2043-06-29,Fashion,Jeans,23675.7,7,165729.9,Indore,3.7,Wallet
ORD007486,2043-06-30,Electronics,T-shirt,45687.26,4,182749.04,Delhi,4.5,Cash on Delivery
ORD007487,2043-07-01,Sports,Smartphone,28618.49,2,57236.98,Indore,3.2,Cash on Delivery
ORD007488,2043-07-02,Electronics,Laptop,26300.96,6,157805.76,Hyderabad,3.3,Credit Card
ORD007489,2043-07-03,Electronics,T-shirt,40424.15,4,161696.6,Pune,4.4,UPI
ORD007490,2043-07-04,Sports,Jeans,699.22,6,4195.32,Hyderabad,4.7,Credit Card
ORD007491,2043-07-05,Home & Kitchen,Cricket Bat,10270.59,8,82164.72,Mumbai,3.4,Credit Card
ORD007492,2043-07-06,Fashion,Lipstick,25061.2,3,75183.6,Pune,3.8,Wallet
ORD007493,2043-07-07,Home & Kitchen,Face Cream,35412.8,1,35412.8,Pune,4.2,Credit Card
ORD007494,2043-07-08,Beauty,Headphones,24508.9,5,122544.5,Indore,4.6,Wallet
ORD007495,2043-07-09,Beauty,Saree,8603.94,3,25811.82,Hyderabad,4.3,Wallet
ORD007496,2043-07-10,Beauty,Lipstick,46534.15,6,279204.9,Mumbai,3.2,Credit Card
ORD007497,2043-07-11,Sports,Cricket Bat,16768.92,3,50306.76,Ahmedabad,4.1,Credit Card
ORD007498,2043-07-12,Electronics,Jeans,39516.68,1,39516.68,Delhi,4.8,UPI
ORD007499,2043-07-13,Home & Kitchen,Laptop,44624.96,9,401624.64,Hyderabad,4.7,Wallet
ORD007500,2043-07-14,Fashion,Saree,17649.24,5,88246.2,Chennai,4.2,Cash on Delivery
ORD007501,2043-07-15,Beauty,Saree,42342.93,2,84685.86,Indore,5.0,UPI
ORD007502,2043-07-16,Home & Kitchen,Jeans,35683.3,2,71366.6,Hyderabad,3.2,Wallet
ORD007503,2043-07-17,Beauty,Football,45261.9,9,407357.1,Mumbai,4.0,Wallet
ORD007504,2043-07-18,Beauty,T-shirt,12939.88,1,12939.88,Chennai,4.6,Wallet
ORD007505,2043-07-19,Fashion,Pressure Cooker,46598.24,3,139794.72,Delhi,3.3,Wallet
ORD007506,2043-07-20,Sports,Face Cream,3732.67,7,26128.69,Indore,4.9,Wallet
ORD007507,2043-07-21,Electronics,Lipstick,39786.73,1,39786.73,Bangalore,3.7,UPI
ORD007508,2043-07-22,Sports,T-shirt,22065.42,2,44130.84,Bangalore,3.7,Wallet
ORD007509,2043-07-23,Home & Kitchen,Smartphone,9305.55,6,55833.3,Mumbai,3.4,Credit Card
ORD007510,2043-07-24,Sports,Jeans,4430.45,9,39874.05,Delhi,3.6,Cash on Delivery
ORD007511,2043-07-25,Home & Kitchen,Smartphone,19782.6,9,178043.4,Delhi,4.2,UPI
ORD007512,2043-07-26,Home & Kitchen,Laptop,19771.53,8,158172.24,Ahmedabad,3.9,UPI
ORD007513,2043-07-27,Electronics,T-shirt,11882.89,3,35648.67,Ahmedabad,3.4,Cash on Delivery
ORD007514,2043-07-28,Fashion,Headphones,11168.01,2,22336.02,Hyderabad,4.6,UPI
ORD007515,2043-07-29,Electronics,Pressure Cooker,20275.96,1,20275.96,Ahmedabad,3.1,Wallet
ORD007516,2043-07-30,Sports,Jeans,20800.64,9,187205.76,Bangalore,4.7,Wallet
ORD007517,2043-07-31,Home & Kitchen,Jeans,22397.06,5,111985.3,Hyderabad,3.5,Cash on Delivery
ORD007518,2043-08-01,Beauty,Pressure Cooker,43503.59,3,130510.77,Delhi,4.0,UPI
ORD007519,2043-08-02,Beauty,Saree,30757.1,5,153785.5,Mumbai,3.8,Credit Card
ORD007520,2043-08-03,Home & Kitchen,Cricket Bat,1511.44,3,4534.32,Mumbai,4.1,Cash on Delivery
ORD007521,2043-08-04,Electronics,Laptop,26195.41,9,235758.69,Chennai,4.6,UPI
ORD007522,2043-08-05,Fashion,T-shirt,38241.34,1,38241.34,Pune,5.0,UPI
ORD007523,2043-08-06,Electronics,Jeans,3292.51,1,3292.51,Mumbai,3.6,Cash on Delivery
ORD007524,2043-08-07,Home & Kitchen,Jeans,21419.09,3,64257.27,Pune,4.1,Wallet
ORD007525,2043-08-08,Home & Kitchen,Pressure Cooker,22834.9,6,137009.4,Bangalore,3.9,Cash on Delivery
ORD007526,2043-08-09,Fashion,Headphones,47724.01,2,95448.02,Chennai,5.0,Cash on Delivery
ORD007527,2043-08-10,Sports,Pressure Cooker,24046.36,1,24046.36,Bangalore,4.6,Cash on Delivery
ORD007528,2043-08-11,Sports,Pressure Cooker,37620.06,8,300960.48,Ahmedabad,3.8,Cash on Delivery
ORD007529,2043-08-12,Fashion,Lipstick,15493.65,9,139442.85,Ahmedabad,4.0,Cash on Delivery
ORD007530,2043-08-13,Sports,T-shirt,39075.68,1,39075.68,Hyderabad,3.5,Wallet
ORD007531,2043-08-14,Beauty,Face Cream,16471.79,3,49415.37,Pune,4.5,Credit Card
ORD007532,2043-08-15,Sports,Saree,21786.17,5,108930.85,Hyderabad,4.7,Wallet
ORD007533,2043-08-16,Sports,Pressure Cooker,24234.37,7,169640.59,Mumbai,4.9,Credit Card
ORD007534,2043-08-17,Sports,Headphones,46354.97,4,185419.88,Chennai,4.1,Wallet
ORD007535,2043-08-18,Beauty,Saree,3145.95,6,18875.7,Bangalore,4.3,Cash on Delivery
ORD007536,2043-08-19,Sports,Mixer,10244.92,1,10244.92,Bangalore,3.9,UPI
ORD007537,2043-08-20,Beauty,T-shirt,35434.27,4,141737.08,Ahmedabad,4.2,Credit Card
ORD007538,2043-08-21,Fashion,Jeans,29090.09,8,232720.72,Delhi,3.7,Credit Card
ORD007539,2043-08-22,Electronics,Football,12950.8,5,64754.0,Mumbai,4.5,UPI
ORD007540,2043-08-23,Fashion,Mixer,14815.44,8,118523.52,Indore,3.0,Credit Card
ORD007541,2043-08-24,Electronics,Saree,18681.82,1,18681.82,Hyderabad,3.1,Wallet
ORD007542,2043-08-25,Fashion,Saree,22792.17,9,205129.53,Pune,4.4,Credit Card
ORD007543,2043-08-26,Electronics,T-shirt,40992.35,4,163969.4,Ahmedabad,4.9,Wallet
ORD007544,2043-08-27,Electronics,Cricket Bat,1183.87,9,10654.83,Indore,4.3,Cash on Delivery
ORD007545,2043-08-28,Home & Kitchen,Lipstick,44951.98,8,359615.84,Ahmedabad,4.5,Credit Card
ORD007546,2043-08-29,Electronics,Jeans,20944.84,8,167558.72,Pune,4.6,Credit Card
ORD007547,2043-08-30,Electronics,Mixer,11909.63,2,23819.26,Delhi,3.7,Credit Card
ORD007548,2043-08-31,Home & Kitchen,Pressure Cooker,25666.43,3,76999.29,Hyderabad,3.2,Wallet
ORD007549,2043-09-01,Sports,Laptop,33153.67,9,298383.03,Pune,4.9,Cash on Delivery
ORD007550,2043-09-02,Sports,Face Cream,2715.23,3,8145.69,Hyderabad,4.9,UPI
ORD007551,2043-09-03,Home & Kitchen,Cricket Bat,35930.98,8,287447.84,Ahmedabad,3.9,UPI
ORD007552,2043-09-04,Beauty,Jeans,38157.68,5,190788.4,Pune,3.4,UPI
ORD007553,2043-09-05,Electronics,Laptop,8726.02,7,61082.14,Bangalore,4.8,Wallet
ORD007554,2043-09-06,Electronics,Face Cream,8810.13,4,35240.52,Hyderabad,4.4,UPI
ORD007555,2043-09-07,Home & Kitchen,Lipstick,10587.34,8,84698.72,Chennai,3.0,Credit Card
ORD007556,2043-09-08,Home & Kitchen,Face Cream,39933.12,4,159732.48,Hyderabad,3.2,Cash on Delivery
ORD007557,2043-09-09,Beauty,Football,13964.15,5,69820.75,Pune,5.0,Cash on Delivery
ORD007558,2043-09-10,Sports,Laptop,39898.82,1,39898.82,Chennai,3.1,Wallet
ORD007559,2043-09-11,Fashion,Pressure Cooker,27255.93,8,218047.44,Pune,3.6,Credit Card
ORD007560,2043-09-12,Sports,Laptop,38474.98,7,269324.86,Hyderabad,4.1,UPI
ORD007561,2043-09-13,Electronics,Cricket Bat,27906.82,5,139534.1,Delhi,3.4,Cash on Delivery
ORD007562,2043-09-14,Home & Kitchen,Smartphone,17120.56,6,102723.36,Pune,3.5,Credit Card
ORD007563,2043-09-15,Beauty,Cricket Bat,45580.35,1,45580.35,Bangalore,3.7,Credit Card
ORD007564,2043-09-16,Sports,Pressure Cooker,35907.14,8,287257.12,Delhi,3.5,Wallet
ORD007565,2043-09-17,Beauty,Mixer,24460.71,9,220146.39,Bangalore,4.6,Wallet
ORD007566,2043-09-18,Sports,Smartphone,32052.71,5,160263.55,Pune,4.0,Credit Card
ORD007567,2043-09-19,Electronics,Lipstick,30984.25,7,216889.75,Pune,3.6,Wallet
ORD007568,2043-09-20,Fashion,Cricket Bat,18226.75,4,72907.0,Delhi,3.6,Credit Card
ORD007569,2043-09-21,Beauty,Smartphone,21476.7,6,128860.2,Ahmedabad,3.1,Wallet
ORD007570,2043-09-22,Beauty,Saree,16253.71,2,32507.42,Pune,3.1,Cash on Delivery
ORD007571,2043-09-23,Fashion,Cricket Bat,49976.15,4,199904.6,Mumbai,4.4,Wallet
ORD007572,2043-09-24,Beauty,Smartphone,29213.19,5,146065.95,Hyderabad,3.2,Credit Card
ORD007573,2043-09-25,Beauty,T-shirt,5056.74,9,45510.66,Hyderabad,4.0,Cash on Delivery
ORD007574,2043-09-26,Sports,Mixer,26195.81,9,235762.29,Mumbai,4.7,Credit Card
ORD007575,2043-09-27,Sports,Jeans,2973.12,8,23784.96,Mumbai,3.7,Credit Card
ORD007576,2043-09-28,Fashion,Laptop,14788.28,4,59153.12,Chennai,3.7,Wallet
ORD007577,2043-09-29,Electronics,Smartphone,22575.08,6,135450.48,Delhi,4.7,Cash on Delivery
ORD007578,2043-09-30,Beauty,Jeans,26946.39,7,188624.73,Pune,4.7,Credit Card
ORD007579,2043-10-01,Electronics,Cricket Bat,48820.98,1,48820.98,Hyderabad,4.8,UPI
ORD007580,2043-10-02,Fashion,Face Cream,49119.98,1,49119.98,Chennai,4.1,Wallet
ORD007581,2043-10-03,Fashion,Jeans,5354.43,4,21417.72,Pune,4.9,Cash on Delivery
ORD007582,2043-10-04,Sports,Saree,27137.57,3,81412.71,Pune,4.6,Cash on Delivery
ORD007583,2043-10-05,Beauty,Headphones,40946.92,4,163787.68,Indore,3.8,Credit Card
ORD007584,2043-10-06,Home & Kitchen,Headphones,12266.78,9,110401.02,Hyderabad,4.3,Cash on Delivery
ORD007585,2043-10-07,Fashion,Mixer,37652.87,2,75305.74,Pune,3.2,Cash on Delivery
ORD007586,2043-10-08,Beauty,Football,43991.64,4,175966.56,Mumbai,4.1,UPI
ORD007587,2043-10-09,Electronics,Smartphone,33293.13,7,233051.91,Chennai,3.5,Cash on Delivery
ORD007588,2043-10-10,Sports,Saree,16721.32,2,33442.64,Indore,3.6,UPI
ORD007589,2043-10-11,Electronics,Laptop,46195.05,8,369560.4,Chennai,3.3,Wallet
ORD007590,2043-10-12,Fashion,Lipstick,44234.24,4,176936.96,Chennai,3.7,Wallet
ORD007591,2043-10-13,Fashion,Pressure Cooker,35933.35,9,323400.15,Delhi,4.0,Wallet
ORD007592,2043-10-14,Electronics,Mixer,18501.57,1,18501.57,Indore,4.2,Cash on Delivery
ORD007593,2043-10-15,Fashion,Pressure Cooker,39698.87,7,277892.09,Chennai,3.6,Wallet
ORD007594,2043-10-16,Beauty,Headphones,16147.39,1,16147.39,Ahmedabad,4.6,UPI
ORD007595,2043-10-17,Fashion,Face Cream,13021.17,9,117190.53,Hyderabad,4.0,Cash on Delivery
ORD007596,2043-10-18,Sports,T-shirt,25993.16,1,25993.16,Delhi,4.3,Cash on Delivery
ORD007597,2043-10-19,Beauty,Lipstick,49858.19,3,149574.57,Ahmedabad,3.6,UPI
ORD007598,2043-10-20,Home & Kitchen,Lipstick,40313.94,7,282197.58,Ahmedabad,4.6,UPI
ORD007599,2043-10-21,Fashion,Pressure Cooker,36624.74,1,36624.74,Hyderabad,4.2,UPI
ORD007600,2043-10-22,Fashion,T-shirt,22874.63,5,114373.15,Indore,4.7,Wallet
ORD007601,2043-10-23,Sports,Football,15941.53,6,95649.18,Ahmedabad,3.3,Cash on Delivery
ORD007602,2043-10-24,Sports,Football,42867.09,3,128601.27,Chennai,3.8,Credit Card
ORD007603,2043-10-25,Electronics,Football,28602.77,6,171616.62,Chennai,3.2,Credit Card
ORD007604,2043-10-26,Electronics,Cricket Bat,40756.12,4,163024.48,Indore,3.4,Cash on Delivery
ORD007605,2043-10-27,Electronics,Face Cream,24643.81,6,147862.86,Hyderabad,3.8,Cash on Delivery
ORD007606,2043-10-28,Sports,Jeans,37820.9,6,226925.4,Pune,4.8,UPI
ORD007607,2043-10-29,Electronics,Mixer,43453.18,4,173812.72,Bangalore,4.1,Wallet
ORD007608,2043-10-30,Electronics,Saree,19873.81,1,19873.81,Chennai,3.7,UPI
ORD007609,2043-10-31,Home & Kitchen,Lipstick,1171.69,3,3515.07,Chennai,4.5,UPI
ORD007610,2043-11-01,Electronics,Pressure Cooker,13118.87,7,91832.09,Pune,3.0,Credit Card
ORD007611,2043-11-02,Fashion,Jeans,45788.29,2,91576.58,Delhi,3.7,Wallet
ORD007612,2043-11-03,Sports,Headphones,34533.34,4,138133.36,Hyderabad,4.2,Cash on Delivery
ORD007613,2043-11-04,Beauty,Saree,36992.33,6,221953.98,Pune,4.2,Cash on Delivery
ORD007614,2043-11-05,Home & Kitchen,Pressure Cooker,16601.79,5,83008.95,Ahmedabad,4.2,Credit Card
ORD007615,2043-11-06,Sports,Mixer,35213.01,6,211278.06,Pune,3.4,UPI
ORD007616,2043-11-07,Sports,Laptop,32490.97,5,162454.85,Chennai,3.7,Wallet
ORD007617,2043-11-08,Fashion,Lipstick,9329.5,9,83965.5,Hyderabad,4.9,UPI
ORD007618,2043-11-09,Electronics,Face Cream,48450.19,2,96900.38,Delhi,4.9,Wallet
ORD007619,2043-11-10,Fashion,Football,18024.27,4,72097.08,Hyderabad,3.6,UPI
ORD007620,2043-11-11,Electronics,Headphones,16799.71,1,16799.71,Hyderabad,4.3,Wallet
ORD007621,2043-11-12,Electronics,Mixer,18773.5,7,131414.5,Pune,3.5,UPI
ORD007622,2043-11-13,Sports,Smartphone,5040.12,1,5040.12,Delhi,3.7,Credit Card
ORD007623,2043-11-14,Electronics,Headphones,31435.69,6,188614.14,Chennai,4.6,Wallet
ORD007624,2043-11-15,Home & Kitchen,Saree,12311.9,9,110807.1,Ahmedabad,4.0,UPI
ORD007625,2043-11-16,Home & Kitchen,Smartphone,40263.98,2,80527.96,Hyderabad,4.7,Wallet
ORD007626,2043-11-17,Home & Kitchen,Headphones,20010.73,1,20010.73,Bangalore,4.3,UPI
ORD007627,2043-11-18,Sports,Pressure Cooker,23198.64,3,69595.92,Chennai,4.3,Credit Card
ORD007628,2043-11-19,Fashion,Football,32497.89,6,194987.34,Pune,3.1,Wallet
ORD007629,2043-11-20,Beauty,Laptop,38212.62,7,267488.34,Delhi,4.5,UPI
ORD007630,2043-11-21,Electronics,Jeans,11940.21,8,95521.68,Mumbai,5.0,Credit Card
ORD007631,2043-11-22,Beauty,Laptop,48331.57,4,193326.28,Indore,3.9,UPI
ORD007632,2043-11-23,Fashion,Laptop,31304.92,8,250439.36,Bangalore,3.3,Cash on Delivery
ORD007633,2043-11-24,Fashion,Pressure Cooker,779.11,7,5453.77,Chennai,5.0,UPI
ORD007634,2043-11-25,Sports,T-shirt,21073.3,8,168586.4,Indore,3.6,Cash on Delivery
ORD007635,2043-11-26,Home & Kitchen,Headphones,22122.48,5,110612.4,Delhi,3.8,Credit Card
ORD007636,2043-11-27,Home & Kitchen,Jeans,40553.67,7,283875.69,Bangalore,3.2,UPI
ORD007637,2043-11-28,Fashion,Cricket Bat,15604.42,4,62417.68,Chennai,3.2,Wallet
ORD007638,2043-11-29,Sports,Football,16895.71,1,16895.71,Indore,3.4,Wallet
ORD007639,2043-11-30,Sports,Pressure Cooker,3989.46,3,11968.38,Ahmedabad,4.1,Wallet
ORD007640,2043-12-01,Electronics,T-shirt,14535.53,9,130819.77,Mumbai,4.1,Wallet
ORD007641,2043-12-02,Home & Kitchen,Pressure Cooker,35989.6,4,143958.4,Chennai,4.2,UPI
ORD007642,2043-12-03,Fashion,Football,31920.47,5,159602.35,Ahmedabad,4.2,UPI
ORD007643,2043-12-04,Beauty,Face Cream,4529.01,3,13587.03,Mumbai,4.0,Cash on Delivery
ORD007644,2043-12-05,Home & Kitchen,T-shirt,6177.35,6,37064.1,Mumbai,4.6,UPI
ORD007645,2043-12-06,Electronics,Laptop,19157.84,4,76631.36,Hyderabad,4.9,Credit Card
ORD007646,2043-12-07,Sports,Football,37316.01,5,186580.05,Pune,3.5,Wallet
ORD007647,2043-12-08,Fashion,Lipstick,41729.45,7,292106.15,Delhi,3.3,UPI
ORD007648,2043-12-09,Home & Kitchen,Lipstick,1223.89,7,8567.23,Hyderabad,3.9,Credit Card
ORD007649,2043-12-10,Beauty,Smartphone,16786.02,9,151074.18,Mumbai,3.1,Cash on Delivery
ORD007650,2043-12-11,Electronics,Cricket Bat,21500.96,2,43001.92,Delhi,4.8,Credit Card
ORD007651,2043-12-12,Electronics,Football,45601.07,4,182404.28,Delhi,3.5,Cash on Delivery
ORD007652,2043-12-13,Home & Kitchen,Jeans,25319.62,8,202556.96,Delhi,4.1,Wallet
ORD007653,2043-12-14,Beauty,Face Cream,13850.19,4,55400.76,Bangalore,3.2,Cash on Delivery
ORD007654,2043-12-15,Electronics,Football,19807.33,3,59421.99,Chennai,4.1,Cash on Delivery
ORD007655,2043-12-16,Fashion,T-shirt,22103.5,6,132621.0,Mumbai,3.1,Credit Card
ORD007656,2043-12-17,Electronics,Headphones,33664.8,3,100994.4,Delhi,4.5,Wallet
ORD007657,2043-12-18,Beauty,Laptop,2533.85,2,5067.7,Indore,4.9,Credit Card
ORD007658,2043-12-19,Sports,Saree,19777.86,9,178000.74,Bangalore,3.6,Wallet
ORD007659,2043-12-20,Sports,Headphones,32504.45,3,97513.35,Bangalore,3.5,Credit Card
ORD007660,2043-12-21,Home & Kitchen,Headphones,14524.45,1,14524.45,Indore,3.9,UPI
ORD007661,2043-12-22,Beauty,T-shirt,29791.67,9,268125.03,Mumbai,4.2,Credit Card
ORD007662,2043-12-23,Electronics,Jeans,18185.31,5,90926.55,Hyderabad,3.4,Cash on Delivery
ORD007663,2043-12-24,Electronics,Laptop,38056.68,7,266396.76,Bangalore,4.6,Credit Card
ORD007664,2043-12-25,Sports,Laptop,3499.59,2,6999.18,Mumbai,3.4,Cash on Delivery
ORD007665,2043-12-26,Sports,Jeans,45939.12,1,45939.12,Bangalore,3.0,Credit Card
ORD007666,2043-12-27,Fashion,Lipstick,8994.82,6,53968.92,Mumbai,4.0,Credit Card
ORD007667,2043-12-28,Sports,Mixer,8348.08,5,41740.4,Delhi,3.2,Cash on Delivery
ORD007668,2043-12-29,Fashion,Smartphone,42111.83,6,252670.98,Pune,4.4,Wallet
ORD007669,2043-12-30,Electronics,Pressure Cooker,43529.5,2,87059.0,Hyderabad,3.3,Credit Card
ORD007670,2043-12-31,Fashion,Smartphone,5102.18,7,35715.26,Indore,4.6,UPI
ORD007671,2044-01-01,Fashion,Lipstick,45481.59,1,45481.59,Bangalore,3.9,UPI
ORD007672,2044-01-02,Home & Kitchen,T-shirt,14028.24,8,112225.92,Indore,4.1,Cash on Delivery
ORD007673,2044-01-03,Sports,T-shirt,31121.77,7,217852.39,Ahmedabad,3.4,Cash on Delivery
ORD007674,2044-01-04,Fashion,Cricket Bat,3895.38,7,27267.66,Bangalore,3.3,Cash on Delivery
ORD007675,2044-01-05,Electronics,Smartphone,19342.72,6,116056.32,Bangalore,4.3,UPI
ORD007676,2044-01-06,Beauty,Smartphone,22810.87,5,114054.35,Pune,3.5,Cash on Delivery
ORD007677,2044-01-07,Fashion,Pressure Cooker,30191.42,9,271722.78,Chennai,3.8,Cash on Delivery
ORD007678,2044-01-08,Sports,T-shirt,26500.96,3,79502.88,Chennai,4.0,Wallet
ORD007679,2044-01-09,Home & Kitchen,Headphones,23343.9,9,210095.1,Pune,3.5,UPI
ORD007680,2044-01-10,Electronics,Smartphone,48002.19,5,240010.95,Indore,4.6,Wallet
ORD007681,2044-01-11,Home & Kitchen,Pressure Cooker,9658.63,8,77269.04,Delhi,4.9,Wallet
ORD007682,2044-01-12,Beauty,Jeans,8320.71,3,24962.13,Bangalore,3.9,Cash on Delivery
ORD007683,2044-01-13,Fashion,Saree,35814.24,7,250699.68,Ahmedabad,4.8,Wallet
ORD007684,2044-01-14,Fashion,Jeans,4190.32,4,16761.28,Hyderabad,4.8,Credit Card
ORD007685,2044-01-15,Sports,Pressure Cooker,24403.13,5,122015.65,Ahmedabad,3.3,Credit Card
ORD007686,2044-01-16,Fashion,Headphones,24460.63,4,97842.52,Chennai,3.3,Credit Card
ORD007687,2044-01-17,Electronics,Cricket Bat,15846.25,9,142616.25,Mumbai,4.0,Wallet
ORD007688,2044-01-18,Beauty,T-shirt,46556.97,7,325898.79,Mumbai,4.1,Credit Card
ORD007689,2044-01-19,Home & Kitchen,Cricket Bat,14485.9,6,86915.4,Mumbai,3.7,UPI
ORD007690,2044-01-20,Beauty,Cricket Bat,14777.88,6,88667.28,Delhi,3.6,Credit Card
ORD007691,2044-01-21,Fashion,Pressure Cooker,12097.85,7,84684.95,Pune,3.9,Credit Card
ORD007692,2044-01-22,Home & Kitchen,T-shirt,7716.51,5,38582.55,Bangalore,4.4,Wallet
ORD007693,2044-01-23,Sports,Laptop,18518.55,3,55555.65,Bangalore,3.2,UPI
ORD007694,2044-01-24,Beauty,Saree,34203.92,3,102611.76,Indore,4.4,Wallet
ORD007695,2044-01-25,Home & Kitchen,Smartphone,37237.06,7,260659.42,Ahmedabad,4.9,UPI
ORD007696,2044-01-26,Home & Kitchen,Cricket Bat,40764.24,1,40764.24,Ahmedabad,4.5,UPI
ORD007697,2044-01-27,Home & Kitchen,Jeans,10278.42,4,41113.68,Chennai,3.4,Wallet
ORD007698,2044-01-28,Electronics,Laptop,2263.82,8,18110.56,Mumbai,3.2,Credit Card
ORD007699,2044-01-29,Beauty,Laptop,48746.95,4,194987.8,Delhi,4.0,Cash on Delivery
ORD007700,2044-01-30,Home & Kitchen,Headphones,1209.46,1,1209.46,Indore,4.9,Cash on Delivery
ORD007701,2044-01-31,Beauty,Cricket Bat,48053.6,5,240268.0,Hyderabad,4.6,Credit Card
ORD007702,2044-02-01,Home & Kitchen,Football,41526.31,1,41526.31,Bangalore,4.1,Cash on Delivery
ORD007703,2044-02-02,Sports,Cricket Bat,45647.7,9,410829.3,Bangalore,3.3,Cash on Delivery
ORD007704,2044-02-03,Sports,Mixer,19665.69,8,157325.52,Delhi,4.4,UPI
ORD007705,2044-02-04,Sports,Pressure Cooker,10261.5,7,71830.5,Indore,4.6,Wallet
ORD007706,2044-02-05,Fashion,Headphones,30519.95,5,152599.75,Indore,4.9,Wallet
ORD007707,2044-02-06,Home & Kitchen,Laptop,37191.93,4,148767.72,Chennai,4.2,Credit Card
ORD007708,2044-02-07,Fashion,Laptop,6977.62,7,48843.34,Pune,4.0,Credit Card
ORD007709,2044-02-08,Beauty,Mixer,39982.26,3,119946.78,Delhi,4.2,Wallet
ORD007710,2044-02-09,Fashion,Smartphone,10825.37,8,86602.96,Indore,4.9,Cash on Delivery
ORD007711,2044-02-10,Beauty,Lipstick,24838.03,5,124190.15,Chennai,4.3,Credit Card
ORD007712,2044-02-11,Beauty,Jeans,42895.88,5,214479.4,Indore,3.5,UPI
ORD007713,2044-02-12,Beauty,Lipstick,10074.51,1,10074.51,Bangalore,4.3,Wallet
ORD007714,2044-02-13,Fashion,Cricket Bat,12473.29,8,99786.32,Chennai,4.8,Cash on Delivery
ORD007715,2044-02-14,Home & Kitchen,T-shirt,3607.17,7,25250.19,Indore,4.1,UPI
ORD007716,2044-02-15,Fashion,Face Cream,7757.4,1,7757.4,Pune,4.0,Wallet
ORD007717,2044-02-16,Home & Kitchen,Headphones,7753.03,4,31012.12,Pune,4.5,Wallet
ORD007718,2044-02-17,Home & Kitchen,Cricket Bat,10569.66,4,42278.64,Chennai,4.3,Cash on Delivery
ORD007719,2044-02-18,Beauty,Smartphone,14666.92,9,132002.28,Pune,3.1,Credit Card
ORD007720,2044-02-19,Fashion,Lipstick,40841.68,2,81683.36,Chennai,4.5,UPI
ORD007721,2044-02-20,Home & Kitchen,Cricket Bat,45830.31,4,183321.24,Pune,3.8,UPI
ORD007722,2044-02-21,Sports,Face Cream,20610.89,3,61832.67,Indore,4.9,UPI
ORD007723,2044-02-22,Home & Kitchen,Jeans,6846.34,5,34231.7,Chennai,4.9,Wallet
ORD007724,2044-02-23,Sports,Laptop,11578.59,7,81050.13,Pune,3.9,Cash on Delivery
ORD007725,2044-02-24,Fashion,Pressure Cooker,36942.2,5,184711.0,Mumbai,4.9,Cash on Delivery
ORD007726,2044-02-25,Fashion,Saree,34032.56,5,170162.8,Pune,3.6,Wallet
ORD007727,2044-02-26,Fashion,Cricket Bat,48376.76,4,193507.04,Mumbai,4.4,UPI
ORD007728,2044-02-27,Home & Kitchen,Smartphone,1217.19,9,10954.71,Indore,3.2,UPI
ORD007729,2044-02-28,Electronics,Headphones,37662.56,6,225975.36,Mumbai,3.3,Cash on Delivery
ORD007730,2044-02-29,Home & Kitchen,T-shirt,25536.78,6,153220.68,Mumbai,4.7,Credit Card
ORD007731,2044-03-01,Home & Kitchen,Jeans,45183.3,6,271099.8,Delhi,4.8,Wallet
ORD007732,2044-03-02,Beauty,Football,29020.25,6,174121.5,Pune,4.1,Credit Card
ORD007733,2044-03-03,Beauty,Mixer,22610.05,1,22610.05,Hyderabad,3.7,UPI
ORD007734,2044-03-04,Home & Kitchen,Smartphone,33459.61,6,200757.66,Indore,3.9,Wallet
ORD007735,2044-03-05,Sports,Lipstick,41759.41,4,167037.64,Chennai,4.7,Wallet
ORD007736,2044-03-06,Beauty,Pressure Cooker,14483.68,2,28967.36,Delhi,3.4,Credit Card
ORD007737,2044-03-07,Home & Kitchen,Lipstick,5822.59,6,34935.54,Indore,3.6,Wallet
ORD007738,2044-03-08,Electronics,Laptop,21934.4,1,21934.4,Mumbai,4.6,Cash on Delivery
ORD007739,2044-03-09,Sports,Face Cream,11118.73,1,11118.73,Chennai,4.9,Credit Card
ORD007740,2044-03-10,Fashion,Pressure Cooker,21762.29,5,108811.45,Hyderabad,3.2,Cash on Delivery
ORD007741,2044-03-11,Home & Kitchen,Lipstick,49556.88,6,297341.28,Indore,4.6,UPI
ORD007742,2044-03-12,Home & Kitchen,Headphones,28919.04,2,57838.08,Chennai,4.3,Credit Card
ORD007743,2044-03-13,Sports,Lipstick,34833.21,8,278665.68,Pune,3.5,Wallet
ORD007744,2044-03-14,Beauty,Jeans,34057.46,4,136229.84,Pune,4.5,Credit Card
ORD007745,2044-03-15,Beauty,Jeans,41124.69,4,164498.76,Bangalore,4.5,Cash on Delivery
ORD007746,2044-03-16,Beauty,Saree,47234.37,5,236171.85,Bangalore,3.3,Cash on Delivery
ORD007747,2044-03-17,Fashion,Lipstick,33111.5,4,132446.0,Indore,4.0,UPI
ORD007748,2044-03-18,Sports,Headphones,24066.68,5,120333.4,Delhi,4.5,Wallet
ORD007749,2044-03-19,Sports,Headphones,16232.63,3,48697.89,Hyderabad,3.4,Wallet
ORD007750,2044-03-20,Beauty,Cricket Bat,18333.58,8,146668.64,Delhi,3.9,UPI
ORD007751,2044-03-21,Beauty,T-shirt,17056.79,6,102340.74,Chennai,3.2,Cash on Delivery
ORD007752,2044-03-22,Electronics,Pressure Cooker,16561.04,8,132488.32,Hyderabad,3.6,Wallet
ORD007753,2044-03-23,Electronics,Smartphone,34883.94,5,174419.7,Indore,3.4,Wallet
ORD007754,2044-03-24,Home & Kitchen,Mixer,29591.6,7,207141.2,Delhi,4.0,Cash on Delivery
ORD007755,2044-03-25,Home & Kitchen,Pressure Cooker,10498.75,7,73491.25,Chennai,3.3,UPI
ORD007756,2044-03-26,Sports,Pressure Cooker,48496.49,6,290978.94,Mumbai,3.8,Cash on Delivery
ORD007757,2044-03-27,Sports,Laptop,21672.41,4,86689.64,Chennai,3.6,Wallet
ORD007758,2044-03-28,Fashion,Football,28521.28,6,171127.68,Pune,4.5,Credit Card
ORD007759,2044-03-29,Fashion,Pressure Cooker,35278.75,9,317508.75,Delhi,4.4,UPI
ORD007760,2044-03-30,Electronics,Laptop,30877.03,4,123508.12,Indore,3.2,Credit Card
ORD007761,2044-03-31,Home & Kitchen,Cricket Bat,15897.06,6,95382.36,Indore,4.9,Cash on Delivery
ORD007762,2044-04-01,Electronics,Face Cream,39986.48,6,239918.88,Hyderabad,4.5,UPI
ORD007763,2044-04-02,Electronics,T-shirt,5952.61,3,17857.83,Ahmedabad,4.2,UPI
ORD007764,2044-04-03,Home & Kitchen,Headphones,28665.29,4,114661.16,Hyderabad,4.0,UPI
ORD007765,2044-04-04,Fashion,Saree,14029.2,3,42087.6,Ahmedabad,3.4,Cash on Delivery
ORD007766,2044-04-05,Home & Kitchen,Headphones,30980.24,3,92940.72,Ahmedabad,4.9,UPI
ORD007767,2044-04-06,Beauty,Lipstick,11290.68,4,45162.72,Mumbai,3.0,UPI
ORD007768,2044-04-07,Beauty,Mixer,38723.88,4,154895.52,Ahmedabad,4.4,Wallet
ORD007769,2044-04-08,Beauty,T-shirt,11763.05,6,70578.3,Delhi,4.0,UPI
ORD007770,2044-04-09,Sports,T-shirt,44574.41,4,178297.64,Pune,4.8,Wallet
ORD007771,2044-04-10,Fashion,Cricket Bat,43146.97,6,258881.82,Indore,3.8,UPI
ORD007772,2044-04-11,Fashion,Mixer,18438.48,2,36876.96,Indore,4.0,Cash on Delivery
ORD007773,2044-04-12,Sports,Football,19598.1,4,78392.4,Mumbai,4.5,UPI
ORD007774,2044-04-13,Electronics,Lipstick,35224.42,2,70448.84,Bangalore,3.1,UPI
ORD007775,2044-04-14,Beauty,Lipstick,4973.49,8,39787.92,Indore,3.1,Cash on Delivery
ORD007776,2044-04-15,Beauty,Saree,4505.51,9,40549.59,Chennai,3.4,UPI
ORD007777,2044-04-16,Electronics,Smartphone,7248.05,7,50736.35,Bangalore,3.3,Credit Card
ORD007778,2044-04-17,Home & Kitchen,Headphones,28342.53,6,170055.18,Bangalore,3.0,UPI
ORD007779,2044-04-18,Home & Kitchen,Pressure Cooker,7875.61,8,63004.88,Mumbai,4.2,UPI
ORD007780,2044-04-19,Fashion,Mixer,14242.06,4,56968.24,Ahmedabad,4.6,Wallet
ORD007781,2044-04-20,Sports,Lipstick,32522.11,2,65044.22,Mumbai,4.9,Wallet
ORD007782,2044-04-21,Fashion,Lipstick,1273.38,4,5093.52,Chennai,3.9,Credit Card
ORD007783,2044-04-22,Home & Kitchen,Smartphone,9421.71,5,47108.55,Ahmedabad,3.6,Cash on Delivery
ORD007784,2044-04-23,Electronics,T-shirt,46531.57,9,418784.13,Mumbai,4.7,UPI
ORD007785,2044-04-24,Fashion,Football,33347.09,5,166735.45,Mumbai,4.7,Wallet
ORD007786,2044-04-25,Beauty,Lipstick,15624.78,9,140623.02,Mumbai,4.2,Credit Card
ORD007787,2044-04-26,Beauty,Face Cream,2742.52,9,24682.68,Indore,3.5,Cash on Delivery
ORD007788,2044-04-27,Electronics,Face Cream,29509.42,8,236075.36,Mumbai,4.8,Wallet
ORD007789,2044-04-28,Home & Kitchen,Saree,11531.88,5,57659.4,Mumbai,3.4,Cash on Delivery
ORD007790,2044-04-29,Beauty,Lipstick,48028.68,2,96057.36,Pune,3.1,Credit Card
ORD007791,2044-04-30,Beauty,Football,34504.57,5,172522.85,Bangalore,4.6,Cash on Delivery
ORD007792,2044-05-01,Sports,Lipstick,48719.13,1,48719.13,Bangalore,4.1,Cash on Delivery
ORD007793,2044-05-02,Fashion,Smartphone,42520.5,8,340164.0,Chennai,3.5,Credit Card
ORD007794,2044-05-03,Home & Kitchen,Saree,24409.86,2,48819.72,Hyderabad,4.3,Cash on Delivery
ORD007795,2044-05-04,Fashion,Jeans,33643.38,7,235503.66,Chennai,4.5,Credit Card
ORD007796,2044-05-05,Home & Kitchen,Laptop,40699.31,2,81398.62,Indore,4.7,Cash on Delivery
ORD007797,2044-05-06,Beauty,Smartphone,29119.83,5,145599.15,Indore,3.6,Wallet
ORD007798,2044-05-07,Sports,T-shirt,3543.63,7,24805.41,Indore,3.1,Wallet
ORD007799,2044-05-08,Fashion,T-shirt,23787.09,6,142722.54,Delhi,4.0,Wallet
ORD007800,2044-05-09,Beauty,Mixer,6963.38,5,34816.9,Chennai,4.7,Wallet
ORD007801,2044-05-10,Home & Kitchen,Smartphone,35884.92,6,215309.52,Pune,3.4,Credit Card
ORD007802,2044-05-11,Fashion,Cricket Bat,34191.13,2,68382.26,Chennai,3.8,Cash on Delivery
ORD007803,2044-05-12,Fashion,Smartphone,49648.96,1,49648.96,Mumbai,3.5,Credit Card
ORD007804,2044-05-13,Beauty,Jeans,31626.09,1,31626.09,Mumbai,3.0,UPI
ORD007805,2044-05-14,Fashion,Lipstick,40106.83,8,320854.64,Mumbai,4.8,Cash on Delivery
ORD007806,2044-05-15,Sports,Smartphone,13780.25,3,41340.75,Hyderabad,3.3,Credit Card
ORD007807,2044-05-16,Sports,Cricket Bat,17331.19,3,51993.57,Pune,4.5,Cash on Delivery
ORD007808,2044-05-17,Beauty,Pressure Cooker,45892.7,9,413034.3,Pune,3.7,Cash on Delivery
ORD007809,2044-05-18,Home & Kitchen,Cricket Bat,37882.02,6,227292.12,Indore,3.6,UPI
ORD007810,2044-05-19,Beauty,T-shirt,32935.82,4,131743.28,Mumbai,4.9,Wallet
ORD007811,2044-05-20,Sports,Jeans,13074.37,4,52297.48,Delhi,4.3,Cash on Delivery
ORD007812,2044-05-21,Electronics,Lipstick,35079.61,7,245557.27,Pune,4.4,Cash on Delivery
ORD007813,2044-05-22,Electronics,Face Cream,44394.8,6,266368.8,Bangalore,4.5,UPI
ORD007814,2044-05-23,Fashion,Cricket Bat,11924.48,2,23848.96,Delhi,3.7,Credit Card
ORD007815,2044-05-24,Fashion,Jeans,35453.14,9,319078.26,Pune,4.1,Wallet
ORD007816,2044-05-25,Electronics,Pressure Cooker,19987.85,2,39975.7,Pune,3.5,Credit Card
ORD007817,2044-05-26,Sports,Face Cream,6378.99,8,51031.92,Hyderabad,4.7,Credit Card
ORD007818,2044-05-27,Fashion,Saree,38291.3,4,153165.2,Mumbai,4.2,Credit Card
ORD007819,2044-05-28,Beauty,Saree,8773.27,1,8773.27,Chennai,3.5,Wallet
ORD007820,2044-05-29,Beauty,Saree,13018.37,1,13018.37,Pune,4.8,Credit Card
ORD007821,2044-05-30,Sports,Football,39255.63,9,353300.67,Bangalore,4.2,Credit Card
ORD007822,2044-05-31,Fashion,Pressure Cooker,37235.57,4,148942.28,Ahmedabad,4.0,Wallet
ORD007823,2044-06-01,Beauty,Lipstick,13082.06,1,13082.06,Indore,3.1,Wallet
ORD007824,2044-06-02,Fashion,Laptop,47077.75,3,141233.25,Ahmedabad,4.8,UPI
ORD007825,2044-06-03,Fashion,Laptop,11156.62,3,33469.86,Hyderabad,4.9,Credit Card
ORD007826,2044-06-04,Beauty,Face Cream,49684.3,7,347790.1,Delhi,4.1,UPI
ORD007827,2044-06-05,Electronics,Jeans,37026.04,6,222156.24,Pune,3.9,Cash on Delivery
ORD007828,2044-06-06,Beauty,Saree,19929.13,8,159433.04,Mumbai,3.7,UPI
ORD007829,2044-06-07,Sports,T-shirt,6952.29,7,48666.03,Hyderabad,3.5,UPI
ORD007830,2044-06-08,Home & Kitchen,Lipstick,16365.24,1,16365.24,Hyderabad,4.1,UPI
ORD007831,2044-06-09,Beauty,Laptop,10090.06,3,30270.18,Chennai,3.3,UPI
ORD007832,2044-06-10,Fashion,Smartphone,31281.06,9,281529.54,Ahmedabad,4.8,Credit Card
ORD007833,2044-06-11,Fashion,Football,18164.33,4,72657.32,Indore,3.4,Cash on Delivery
ORD007834,2044-06-12,Beauty,Mixer,15102.86,3,45308.58,Chennai,4.5,Cash on Delivery
ORD007835,2044-06-13,Home & Kitchen,Headphones,37978.09,5,189890.45,Chennai,3.6,Wallet
ORD007836,2044-06-14,Beauty,Pressure Cooker,11914.67,8,95317.36,Indore,3.5,Cash on Delivery
ORD007837,2044-06-15,Home & Kitchen,Pressure Cooker,29551.02,1,29551.02,Delhi,4.1,UPI
ORD007838,2044-06-16,Home & Kitchen,Laptop,10132.51,2,20265.02,Chennai,4.5,Wallet
ORD007839,2044-06-17,Sports,Pressure Cooker,35882.53,7,251177.71,Indore,4.5,UPI
ORD007840,2044-06-18,Fashion,Saree,31443.51,1,31443.51,Hyderabad,3.5,Credit Card
ORD007841,2044-06-19,Fashion,Football,40008.6,5,200043.0,Pune,3.7,Credit Card
ORD007842,2044-06-20,Home & Kitchen,Headphones,3890.61,8,31124.88,Hyderabad,4.7,Cash on Delivery
ORD007843,2044-06-21,Fashion,T-shirt,10900.22,6,65401.32,Indore,4.4,UPI
ORD007844,2044-06-22,Electronics,Smartphone,8145.79,3,24437.37,Hyderabad,4.4,UPI
ORD007845,2044-06-23,Home & Kitchen,Jeans,9932.78,7,69529.46,Pune,3.5,UPI
ORD007846,2044-06-24,Fashion,Headphones,5599.2,3,16797.6,Bangalore,4.6,Wallet
ORD007847,2044-06-25,Electronics,T-shirt,28323.05,5,141615.25,Bangalore,3.7,Wallet
ORD007848,2044-06-26,Sports,Pressure Cooker,29874.85,7,209123.95,Indore,3.8,Wallet
ORD007849,2044-06-27,Fashion,Football,42252.74,2,84505.48,Indore,3.6,Cash on Delivery
ORD007850,2044-06-28,Electronics,Laptop,21178.04,4,84712.16,Delhi,3.2,Cash on Delivery
ORD007851,2044-06-29,Beauty,Cricket Bat,26853.04,2,53706.08,Pune,3.8,UPI
ORD007852,2044-06-30,Beauty,Jeans,49569.55,7,346986.85,Indore,3.0,UPI
ORD007853,2044-07-01,Electronics,Lipstick,26826.33,3,80478.99,Chennai,3.9,Cash on Delivery
ORD007854,2044-07-02,Home & Kitchen,Mixer,28892.02,9,260028.18,Hyderabad,4.5,Wallet
ORD007855,2044-07-03,Home & Kitchen,Laptop,49797.91,6,298787.46,Ahmedabad,4.9,Wallet
ORD007856,2044-07-04,Fashion,Pressure Cooker,49709.4,1,49709.4,Chennai,3.2,Wallet
ORD007857,2044-07-05,Beauty,Laptop,21489.51,8,171916.08,Indore,3.6,Wallet
ORD007858,2044-07-06,Home & Kitchen,Saree,31929.87,7,223509.09,Hyderabad,4.0,Wallet
ORD007859,2044-07-07,Home & Kitchen,Face Cream,24299.72,1,24299.72,Bangalore,3.3,Cash on Delivery
ORD007860,2044-07-08,Beauty,Pressure Cooker,36175.41,3,108526.23,Ahmedabad,3.2,Credit Card
ORD007861,2044-07-09,Sports,Laptop,46950.13,3,140850.39,Hyderabad,3.9,Credit Card
ORD007862,2044-07-10,Home & Kitchen,Headphones,15828.14,3,47484.42,Ahmedabad,4.2,Credit Card
ORD007863,2044-07-11,Electronics,Headphones,41034.32,7,287240.24,Delhi,4.6,UPI
ORD007864,2044-07-12,Fashion,Smartphone,32915.02,6,197490.12,Mumbai,5.0,UPI
ORD007865,2044-07-13,Home & Kitchen,Smartphone,14369.15,2,28738.3,Ahmedabad,4.5,Wallet
ORD007866,2044-07-14,Home & Kitchen,Jeans,39966.33,5,199831.65,Pune,3.4,UPI
ORD007867,2044-07-15,Sports,Laptop,21643.08,6,129858.48,Hyderabad,4.5,Cash on Delivery
ORD007868,2044-07-16,Electronics,Football,6459.66,2,12919.32,Indore,4.1,Credit Card
ORD007869,2044-07-17,Fashion,Smartphone,49674.11,1,49674.11,Delhi,3.9,Cash on Delivery
ORD007870,2044-07-18,Home & Kitchen,Saree,21569.49,4,86277.96,Bangalore,4.9,Cash on Delivery
ORD007871,2044-07-19,Fashion,T-shirt,27306.85,4,109227.4,Ahmedabad,4.4,Cash on Delivery
ORD007872,2044-07-20,Beauty,Smartphone,40494.11,4,161976.44,Ahmedabad,4.4,Wallet
ORD007873,2044-07-21,Home & Kitchen,Laptop,48063.37,1,48063.37,Bangalore,3.0,Wallet
ORD007874,2044-07-22,Home & Kitchen,Headphones,43707.95,3,131123.85,Mumbai,4.7,Wallet
ORD007875,2044-07-23,Beauty,Mixer,26490.13,7,185430.91,Indore,4.6,UPI
ORD007876,2044-07-24,Sports,Face Cream,27511.96,4,110047.84,Chennai,3.6,Wallet
ORD007877,2044-07-25,Home & Kitchen,Cricket Bat,14403.9,2,28807.8,Chennai,3.6,UPI
ORD007878,2044-07-26,Fashion,Lipstick,23408.74,8,187269.92,Hyderabad,3.1,Cash on Delivery
ORD007879,2044-07-27,Electronics,Smartphone,47368.52,1,47368.52,Bangalore,3.1,Credit Card
ORD007880,2044-07-28,Fashion,Lipstick,36483.58,9,328352.22,Delhi,4.3,Wallet
ORD007881,2044-07-29,Sports,Face Cream,1087.91,5,5439.55,Mumbai,3.4,UPI
ORD007882,2044-07-30,Electronics,Cricket Bat,6267.09,2,12534.18,Chennai,4.8,UPI
ORD007883,2044-07-31,Fashion,Jeans,46228.66,4,184914.64,Hyderabad,4.7,Wallet
ORD007884,2044-08-01,Fashion,Headphones,42511.61,3,127534.83,Ahmedabad,3.7,Wallet
ORD007885,2044-08-02,Beauty,Headphones,24565.14,7,171955.98,Hyderabad,3.8,Cash on Delivery
ORD007886,2044-08-03,Sports,Cricket Bat,31040.42,6,186242.52,Bangalore,3.7,UPI
ORD007887,2044-08-04,Beauty,Face Cream,14837.48,9,133537.32,Delhi,3.2,Credit Card
ORD007888,2044-08-05,Electronics,Laptop,39745.12,4,158980.48,Delhi,3.1,Cash on Delivery
ORD007889,2044-08-06,Beauty,Lipstick,30364.21,3,91092.63,Ahmedabad,3.9,UPI
ORD007890,2044-08-07,Sports,Lipstick,34893.87,7,244257.09,Chennai,4.9,Cash on Delivery
ORD007891,2044-08-08,Home & Kitchen,Football,19058.04,6,114348.24,Ahmedabad,4.8,Cash on Delivery
ORD007892,2044-08-09,Home & Kitchen,Football,21806.68,5,109033.4,Hyderabad,4.6,Wallet
ORD007893,2044-08-10,Electronics,Cricket Bat,10780.26,7,75461.82,Bangalore,4.3,Credit Card
ORD007894,2044-08-11,Home & Kitchen,Lipstick,47428.6,5,237143.0,Ahmedabad,4.7,Credit Card
ORD007895,2044-08-12,Beauty,Laptop,47354.57,9,426191.13,Delhi,4.0,UPI
ORD007896,2044-08-13,Electronics,Headphones,40978.69,4,163914.76,Hyderabad,3.4,Cash on Delivery
ORD007897,2044-08-14,Sports,Jeans,46809.98,1,46809.98,Delhi,4.4,Wallet
ORD007898,2044-08-15,Electronics,Saree,33433.74,5,167168.7,Mumbai,4.8,UPI
ORD007899,2044-08-16,Electronics,Headphones,12115.27,1,12115.27,Delhi,3.0,UPI
ORD007900,2044-08-17,Fashion,T-shirt,38130.42,1,38130.42,Delhi,3.5,UPI
ORD007901,2044-08-18,Fashion,T-shirt,16601.17,1,16601.17,Hyderabad,3.5,Credit Card
ORD007902,2044-08-19,Electronics,Headphones,22303.84,1,22303.84,Delhi,3.2,Cash on Delivery
ORD007903,2044-08-20,Home & Kitchen,Laptop,14080.33,8,112642.64,Delhi,3.5,Cash on Delivery
ORD007904,2044-08-21,Fashion,Saree,21469.28,2,42938.56,Mumbai,3.8,Wallet
ORD007905,2044-08-22,Sports,Jeans,34126.21,9,307135.89,Delhi,4.9,Credit Card
ORD007906,2044-08-23,Beauty,Lipstick,5975.22,7,41826.54,Delhi,4.7,Credit Card
ORD007907,2044-08-24,Fashion,T-shirt,5707.74,3,17123.22,Hyderabad,4.9,UPI
ORD007908,2044-08-25,Electronics,T-shirt,34346.62,9,309119.58,Bangalore,3.2,Wallet
ORD007909,2044-08-26,Home & Kitchen,T-shirt,39089.27,4,156357.08,Ahmedabad,3.1,UPI
ORD007910,2044-08-27,Beauty,Face Cream,27797.6,7,194583.2,Mumbai,3.2,Wallet
ORD007911,2044-08-28,Fashion,Pressure Cooker,9491.23,3,28473.69,Ahmedabad,4.8,Wallet
ORD007912,2044-08-29,Home & Kitchen,Football,21822.46,5,109112.3,Delhi,3.3,Credit Card
ORD007913,2044-08-30,Home & Kitchen,Football,38029.69,4,152118.76,Bangalore,4.1,Credit Card
ORD007914,2044-08-31,Home & Kitchen,Laptop,34443.79,6,206662.74,Ahmedabad,3.5,Cash on Delivery
ORD007915,2044-09-01,Electronics,Headphones,5938.34,9,53445.06,Hyderabad,3.0,Cash on Delivery
ORD007916,2044-09-02,Sports,Saree,48472.79,5,242363.95,Mumbai,3.2,Cash on Delivery
ORD007917,2044-09-03,Home & Kitchen,Headphones,11556.51,1,11556.51,Indore,4.4,Credit Card
ORD007918,2044-09-04,Beauty,Pressure Cooker,11409.28,5,57046.4,Ahmedabad,3.4,UPI
ORD007919,2044-09-05,Fashion,T-shirt,23262.93,5,116314.65,Hyderabad,3.5,Wallet
ORD007920,2044-09-06,Beauty,Cricket Bat,16698.53,9,150286.77,Bangalore,3.8,Wallet
ORD007921,2044-09-07,Electronics,Face Cream,49207.31,8,393658.48,Mumbai,4.3,Cash on Delivery
ORD007922,2044-09-08,Electronics,Pressure Cooker,4286.24,5,21431.2,Delhi,3.9,Wallet
ORD007923,2044-09-09,Beauty,Laptop,15668.74,5,78343.7,Ahmedabad,4.9,Wallet
ORD007924,2044-09-10,Sports,Jeans,19444.75,2,38889.5,Bangalore,3.9,Credit Card
ORD007925,2044-09-11,Electronics,Football,24926.22,9,224335.98,Ahmedabad,3.4,Credit Card
ORD007926,2044-09-12,Electronics,Lipstick,1312.12,4,5248.48,Hyderabad,4.1,Wallet
ORD007927,2044-09-13,Beauty,Face Cream,4576.93,7,32038.51,Mumbai,3.9,UPI
ORD007928,2044-09-14,Electronics,Mixer,13261.58,6,79569.48,Bangalore,4.6,Cash on Delivery
ORD007929,2044-09-15,Sports,Saree,27923.1,5,139615.5,Pune,4.9,Wallet
ORD007930,2044-09-16,Sports,Pressure Cooker,38504.69,5,192523.45,Indore,4.7,Wallet
ORD007931,2044-09-17,Sports,Jeans,34481.52,7,241370.64,Ahmedabad,3.8,Cash on Delivery
ORD007932,2044-09-18,Fashion,Mixer,28567.73,2,57135.46,Bangalore,3.4,Credit Card
ORD007933,2044-09-19,Sports,Jeans,20163.03,9,181467.27,Hyderabad,4.8,Cash on Delivery
ORD007934,2044-09-20,Sports,Headphones,43599.38,2,87198.76,Hyderabad,3.8,UPI
ORD007935,2044-09-21,Fashion,Headphones,23258.74,9,209328.66,Delhi,4.5,Wallet
ORD007936,2044-09-22,Home & Kitchen,T-shirt,15313.01,4,61252.04,Delhi,5.0,Wallet
ORD007937,2044-09-23,Electronics,Smartphone,31652.09,6,189912.54,Bangalore,4.2,Wallet
ORD007938,2044-09-24,Sports,Lipstick,34759.69,1,34759.69,Hyderabad,4.0,Cash on Delivery
ORD007939,2044-09-25,Electronics,Laptop,20224.28,5,101121.4,Pune,4.4,UPI
ORD007940,2044-09-26,Beauty,Laptop,1893.09,6,11358.54,Ahmedabad,3.4,Wallet
ORD007941,2044-09-27,Electronics,T-shirt,5159.51,9,46435.59,Bangalore,4.0,Credit Card
ORD007942,2044-09-28,Fashion,Headphones,42357.15,9,381214.35,Pune,3.6,UPI
ORD007943,2044-09-29,Electronics,T-shirt,3299.12,9,29692.08,Ahmedabad,3.3,UPI
ORD007944,2044-09-30,Electronics,Cricket Bat,29804.97,3,89414.91,Chennai,4.2,UPI
ORD007945,2044-10-01,Electronics,Pressure Cooker,9593.61,4,38374.44,Indore,4.2,UPI
ORD007946,2044-10-02,Home & Kitchen,Pressure Cooker,11831.85,8,94654.8,Hyderabad,4.5,Credit Card
ORD007947,2044-10-03,Home & Kitchen,Saree,14030.03,8,112240.24,Pune,4.7,UPI
ORD007948,2044-10-04,Beauty,Headphones,2395.42,2,4790.84,Chennai,3.4,Credit Card
ORD007949,2044-10-05,Fashion,Smartphone,9273.15,8,74185.2,Pune,4.6,Cash on Delivery
ORD007950,2044-10-06,Electronics,Cricket Bat,32699.75,7,228898.25,Chennai,3.7,Cash on Delivery
ORD007951,2044-10-07,Electronics,Cricket Bat,25186.5,9,226678.5,Hyderabad,4.3,Cash on Delivery
ORD007952,2044-10-08,Electronics,Headphones,39967.79,5,199838.95,Delhi,4.7,Cash on Delivery
ORD007953,2044-10-09,Electronics,Pressure Cooker,3531.48,2,7062.96,Bangalore,3.5,Credit Card
ORD007954,2044-10-10,Home & Kitchen,Mixer,44500.47,5,222502.35,Mumbai,4.2,Wallet
ORD007955,2044-10-11,Beauty,Pressure Cooker,49821.73,2,99643.46,Mumbai,4.0,Credit Card
ORD007956,2044-10-12,Sports,Saree,1279.13,5,6395.65,Indore,4.6,Cash on Delivery
ORD007957,2044-10-13,Fashion,Saree,48398.18,9,435583.62,Pune,4.4,Wallet
ORD007958,2044-10-14,Electronics,Headphones,12175.2,7,85226.4,Ahmedabad,4.5,Wallet
ORD007959,2044-10-15,Beauty,Lipstick,34780.89,7,243466.23,Hyderabad,3.6,Wallet
ORD007960,2044-10-16,Sports,Lipstick,14977.93,1,14977.93,Pune,4.4,Wallet
ORD007961,2044-10-17,Beauty,Smartphone,26329.74,9,236967.66,Delhi,4.2,UPI
ORD007962,2044-10-18,Home & Kitchen,Lipstick,25765.72,6,154594.32,Delhi,3.9,Cash on Delivery
ORD007963,2044-10-19,Sports,Jeans,18374.72,7,128623.04,Delhi,3.8,Cash on Delivery
ORD007964,2044-10-20,Beauty,Jeans,36018.57,2,72037.14,Mumbai,3.7,Cash on Delivery
ORD007965,2044-10-21,Home & Kitchen,Laptop,30182.01,1,30182.01,Chennai,3.0,Credit Card
ORD007966,2044-10-22,Beauty,Face Cream,25659.71,4,102638.84,Indore,3.3,Cash on Delivery
ORD007967,2044-10-23,Beauty,Jeans,49150.55,9,442354.95,Pune,3.1,Cash on Delivery
ORD007968,2044-10-24,Sports,Mixer,47030.46,9,423274.14,Ahmedabad,4.7,Cash on Delivery
ORD007969,2044-10-25,Home & Kitchen,Football,47794.07,3,143382.21,Mumbai,4.7,Credit Card
ORD007970,2044-10-26,Electronics,Mixer,44125.54,1,44125.54,Delhi,4.7,Cash on Delivery
ORD007971,2044-10-27,Fashion,Mixer,13130.19,2,26260.38,Mumbai,4.6,Cash on Delivery
ORD007972,2044-10-28,Sports,Jeans,17823.81,9,160414.29,Mumbai,3.4,UPI
ORD007973,2044-10-29,Home & Kitchen,Smartphone,11937.2,9,107434.8,Indore,4.0,Cash on Delivery
ORD007974,2044-10-30,Beauty,Pressure Cooker,49315.76,1,49315.76,Bangalore,4.8,Wallet
ORD007975,2044-10-31,Home & Kitchen,Headphones,8056.76,9,72510.84,Hyderabad,4.5,Credit Card
ORD007976,2044-11-01,Fashion,T-shirt,18642.33,1,18642.33,Pune,3.0,Wallet
ORD007977,2044-11-02,Fashion,Laptop,10352.7,4,41410.8,Chennai,3.9,UPI
ORD007978,2044-11-03,Electronics,Saree,11560.96,5,57804.8,Pune,3.0,Cash on Delivery
ORD007979,2044-11-04,Electronics,Cricket Bat,12730.85,8,101846.8,Bangalore,3.6,Credit Card
ORD007980,2044-11-05,Fashion,Saree,32163.7,5,160818.5,Hyderabad,3.9,UPI
ORD007981,2044-11-06,Sports,Laptop,4264.44,5,21322.2,Delhi,4.8,Credit Card
ORD007982,2044-11-07,Sports,Saree,28840.23,4,115360.92,Indore,4.3,Wallet
ORD007983,2044-11-08,Beauty,Pressure Cooker,41054.67,9,369492.03,Indore,3.7,UPI
ORD007984,2044-11-09,Electronics,Saree,38442.93,8,307543.44,Bangalore,4.0,Credit Card
ORD007985,2044-11-10,Beauty,Face Cream,7983.0,9,71847.0,Pune,4.6,Wallet
ORD007986,2044-11-11,Electronics,Saree,45779.22,7,320454.54,Hyderabad,3.6,UPI
ORD007987,2044-11-12,Fashion,Pressure Cooker,38619.47,7,270336.29,Indore,4.2,Cash on Delivery
ORD007988,2044-11-13,Sports,Pressure Cooker,762.47,5,3812.35,Ahmedabad,3.5,Cash on Delivery
ORD007989,2044-11-14,Sports,Jeans,36999.99,1,36999.99,Ahmedabad,4.0,Wallet
ORD007990,2044-11-15,Fashion,Pressure Cooker,37002.37,6,222014.22,Bangalore,3.0,Cash on Delivery
ORD007991,2044-11-16,Beauty,T-shirt,25092.4,6,150554.4,Indore,4.7,Cash on Delivery
ORD007992,2044-11-17,Beauty,Lipstick,2776.13,4,11104.52,Mumbai,3.1,UPI
ORD007993,2044-11-18,Home & Kitchen,T-shirt,29205.34,2,58410.68,Mumbai,3.4,UPI
ORD007994,2044-11-19,Electronics,Face Cream,38404.46,1,38404.46,Bangalore,3.7,UPI
ORD007995,2044-11-20,Beauty,Saree,13908.27,3,41724.81,Pune,4.3,UPI
ORD007996,2044-11-21,Fashion,T-shirt,33519.88,9,301678.92,Bangalore,4.4,UPI
ORD007997,2044-11-22,Beauty,Laptop,18019.35,1,18019.35,Pune,3.2,UPI
ORD007998,2044-11-23,Sports,Headphones,28905.81,5,144529.05,Chennai,3.1,Cash on Delivery
ORD007999,2044-11-24,Electronics,Lipstick,19536.0,6,117216.0,Delhi,4.6,UPI
ORD008000,2044-11-25,Home & Kitchen,Headphones,15536.19,9,139825.71,Ahmedabad,4.4,Credit Card
ORD008001,2044-11-26,Electronics,Cricket Bat,42867.77,1,42867.77,Mumbai,4.7,Credit Card
ORD008002,2044-11-27,Sports,T-shirt,37814.99,5,189074.95,Indore,4.4,Wallet
ORD008003,2044-11-28,Sports,Headphones,17599.73,1,17599.73,Bangalore,4.5,Credit Card
ORD008004,2044-11-29,Sports,Pressure Cooker,22014.27,2,44028.54,Hyderabad,3.8,UPI
ORD008005,2044-11-30,Sports,Smartphone,34739.32,2,69478.64,Indore,4.2,Cash on Delivery
ORD008006,2044-12-01,Fashion,Smartphone,40648.4,5,203242.0,Delhi,4.6,Credit Card
ORD008007,2044-12-02,Home & Kitchen,Pressure Cooker,34374.89,4,137499.56,Hyderabad,3.3,UPI
ORD008008,2044-12-03,Sports,Headphones,27276.11,6,163656.66,Indore,3.8,UPI
ORD008009,2044-12-04,Sports,Saree,47742.1,5,238710.5,Delhi,4.5,Cash on Delivery
ORD008010,2044-12-05,Beauty,Pressure Cooker,38820.11,2,77640.22,Hyderabad,4.1,UPI
ORD008011,2044-12-06,Home & Kitchen,Lipstick,6221.8,9,55996.2,Ahmedabad,4.4,UPI
ORD008012,2044-12-07,Electronics,Mixer,28127.89,8,225023.12,Mumbai,3.6,Credit Card
ORD008013,2044-12-08,Home & Kitchen,Laptop,20773.05,9,186957.45,Bangalore,3.1,Credit Card
ORD008014,2044-12-09,Home & Kitchen,Face Cream,39849.31,6,239095.86,Pune,3.1,Wallet
ORD008015,2044-12-10,Home & Kitchen,Saree,2710.82,5,13554.1,Indore,4.9,Wallet
ORD008016,2044-12-11,Sports,Lipstick,20830.82,5,104154.1,Bangalore,4.9,Credit Card
ORD008017,2044-12-12,Sports,Headphones,16254.68,2,32509.36,Chennai,3.4,Credit Card
ORD008018,2044-12-13,Fashion,Saree,7488.71,4,29954.84,Indore,3.3,Wallet
ORD008019,2044-12-14,Electronics,Saree,19250.8,2,38501.6,Bangalore,3.0,Wallet
ORD008020,2044-12-15,Beauty,Headphones,33803.61,2,67607.22,Pune,3.5,Credit Card
ORD008021,2044-12-16,Home & Kitchen,Football,18403.06,8,147224.48,Indore,3.7,UPI
ORD008022,2044-12-17,Electronics,Pressure Cooker,29210.33,4,116841.32,Ahmedabad,3.5,UPI
ORD008023,2044-12-18,Electronics,Headphones,29844.18,4,119376.72,Mumbai,4.6,Cash on Delivery
ORD008024,2044-12-19,Fashion,T-shirt,29562.0,7,206934.0,Delhi,4.5,Credit Card
ORD008025,2044-12-20,Beauty,T-shirt,26711.83,4,106847.32,Delhi,3.2,Credit Card
ORD008026,2044-12-21,Home & Kitchen,Laptop,6290.92,9,56618.28,Bangalore,4.4,Credit Card
ORD008027,2044-12-22,Beauty,Smartphone,11313.57,9,101822.13,Hyderabad,4.0,Credit Card
ORD008028,2044-12-23,Fashion,Jeans,40103.32,3,120309.96,Bangalore,3.3,Credit Card
ORD008029,2044-12-24,Sports,Laptop,25367.09,6,152202.54,Indore,4.5,Wallet
ORD008030,2044-12-25,Electronics,Laptop,35450.78,7,248155.46,Delhi,3.2,Wallet
ORD008031,2044-12-26,Home & Kitchen,Face Cream,28710.5,3,86131.5,Pune,3.4,UPI
ORD008032,2044-12-27,Sports,Face Cream,2415.17,4,9660.68,Ahmedabad,3.3,UPI
ORD008033,2044-12-28,Fashion,Mixer,39912.58,1,39912.58,Indore,4.9,Credit Card
ORD008034,2044-12-29,Beauty,Jeans,3684.05,9,33156.45,Chennai,4.4,Wallet
ORD008035,2044-12-30,Electronics,Smartphone,47187.12,7,330309.84,Ahmedabad,3.8,UPI
ORD008036,2044-12-31,Home & Kitchen,Saree,11161.16,7,78128.12,Delhi,4.6,Credit Card
ORD008037,2045-01-01,Sports,Jeans,25864.1,9,232776.9,Hyderabad,3.4,Cash on Delivery
ORD008038,2045-01-02,Sports,Mixer,3647.61,6,21885.66,Hyderabad,4.9,Credit Card
ORD008039,2045-01-03,Electronics,Cricket Bat,44799.15,8,358393.2,Chennai,4.4,Cash on Delivery
ORD008040,2045-01-04,Beauty,Laptop,49007.04,5,245035.2,Indore,4.1,Cash on Delivery
ORD008041,2045-01-05,Fashion,Headphones,7741.48,8,61931.84,Ahmedabad,4.6,Credit Card
ORD008042,2045-01-06,Beauty,Face Cream,15141.43,1,15141.43,Indore,4.3,Credit Card
ORD008043,2045-01-07,Beauty,Laptop,1285.78,3,3857.34,Indore,4.8,Credit Card
ORD008044,2045-01-08,Beauty,Face Cream,39454.79,4,157819.16,Ahmedabad,4.7,Credit Card
ORD008045,2045-01-09,Electronics,Pressure Cooker,15917.48,9,143257.32,Pune,3.4,UPI
ORD008046,2045-01-10,Electronics,Mixer,29647.45,8,237179.6,Hyderabad,3.5,UPI
ORD008047,2045-01-11,Fashion,Football,2441.32,8,19530.56,Bangalore,3.1,Cash on Delivery
ORD008048,2045-01-12,Beauty,Laptop,35915.28,2,71830.56,Bangalore,3.4,Credit Card
ORD008049,2045-01-13,Electronics,Laptop,26705.5,7,186938.5,Pune,3.7,UPI
ORD008050,2045-01-14,Fashion,Jeans,36386.52,3,109159.56,Pune,3.1,UPI
ORD008051,2045-01-15,Fashion,Jeans,39583.43,6,237500.58,Ahmedabad,3.6,Wallet
ORD008052,2045-01-16,Beauty,Headphones,4917.52,4,19670.08,Pune,4.5,Wallet
ORD008053,2045-01-17,Home & Kitchen,Lipstick,29115.56,6,174693.36,Delhi,4.7,UPI
ORD008054,2045-01-18,Beauty,Pressure Cooker,32672.23,4,130688.92,Ahmedabad,3.0,Cash on Delivery
ORD008055,2045-01-19,Home & Kitchen,Headphones,26077.58,3,78232.74,Mumbai,3.0,UPI
ORD008056,2045-01-20,Fashion,Cricket Bat,9529.27,2,19058.54,Bangalore,3.3,Credit Card
ORD008057,2045-01-21,Electronics,Pressure Cooker,39882.07,4,159528.28,Ahmedabad,4.7,UPI
ORD008058,2045-01-22,Sports,Jeans,49874.19,2,99748.38,Bangalore,3.9,Wallet
ORD008059,2045-01-23,Fashion,Laptop,48478.88,7,339352.16,Indore,5.0,Wallet
ORD008060,2045-01-24,Electronics,Saree,38987.71,1,38987.71,Pune,4.8,Credit Card
ORD008061,2045-01-25,Fashion,Laptop,21196.33,1,21196.33,Ahmedabad,4.8,UPI
ORD008062,2045-01-26,Beauty,Smartphone,17196.37,5,85981.85,Indore,3.3,Credit Card
ORD008063,2045-01-27,Home & Kitchen,Headphones,3893.02,7,27251.14,Pune,4.0,Cash on Delivery
ORD008064,2045-01-28,Fashion,Pressure Cooker,21106.17,1,21106.17,Chennai,5.0,Wallet
ORD008065,2045-01-29,Electronics,Saree,8224.41,4,32897.64,Bangalore,3.3,UPI
ORD008066,2045-01-30,Beauty,Smartphone,13089.57,5,65447.85,Pune,4.1,UPI
ORD008067,2045-01-31,Sports,Cricket Bat,44648.4,2,89296.8,Delhi,3.7,Cash on Delivery
ORD008068,2045-02-01,Beauty,Laptop,48442.02,7,339094.14,Pune,3.8,Cash on Delivery
ORD008069,2045-02-02,Home & Kitchen,Lipstick,47453.67,4,189814.68,Ahmedabad,4.8,Wallet
ORD008070,2045-02-03,Beauty,Face Cream,10071.11,8,80568.88,Ahmedabad,4.2,Cash on Delivery
ORD008071,2045-02-04,Sports,Mixer,45094.26,1,45094.26,Indore,4.5,Wallet
ORD008072,2045-02-05,Electronics,Smartphone,7504.51,1,7504.51,Ahmedabad,4.3,Wallet
ORD008073,2045-02-06,Fashion,Laptop,25629.18,1,25629.18,Chennai,4.1,Credit Card
ORD008074,2045-02-07,Home & Kitchen,Laptop,32361.34,4,129445.36,Bangalore,4.6,Credit Card
ORD008075,2045-02-08,Sports,Pressure Cooker,23392.11,1,23392.11,Delhi,4.9,Wallet
ORD008076,2045-02-09,Home & Kitchen,Pressure Cooker,47615.95,5,238079.75,Ahmedabad,4.9,UPI
ORD008077,2045-02-10,Beauty,Lipstick,16994.03,6,101964.18,Chennai,4.6,Credit Card
ORD008078,2045-02-11,Home & Kitchen,Face Cream,26605.19,7,186236.33,Mumbai,4.0,UPI
ORD008079,2045-02-12,Sports,Football,4234.77,8,33878.16,Indore,3.3,Cash on Delivery
ORD008080,2045-02-13,Fashion,Smartphone,42685.12,8,341480.96,Delhi,3.1,UPI
ORD008081,2045-02-14,Fashion,Face Cream,20961.49,2,41922.98,Ahmedabad,3.5,Cash on Delivery
ORD008082,2045-02-15,Home & Kitchen,Jeans,35176.34,4,140705.36,Bangalore,3.7,Wallet
ORD008083,2045-02-16,Electronics,Football,34271.16,7,239898.12,Chennai,3.3,Wallet
ORD008084,2045-02-17,Home & Kitchen,Pressure Cooker,33975.01,9,305775.09,Mumbai,3.4,Wallet
ORD008085,2045-02-18,Beauty,Face Cream,25593.44,9,230340.96,Delhi,3.2,Cash on Delivery
ORD008086,2045-02-19,Fashion,Mixer,14237.18,3,42711.54,Mumbai,4.0,UPI
ORD008087,2045-02-20,Fashion,Laptop,31442.18,7,220095.26,Delhi,3.3,Credit Card
ORD008088,2045-02-21,Fashion,Laptop,48108.68,4,192434.72,Bangalore,4.5,Credit Card
ORD008089,2045-02-22,Electronics,Cricket Bat,41780.49,9,376024.41,Delhi,3.7,UPI
ORD008090,2045-02-23,Electronics,Cricket Bat,5884.03,7,41188.21,Bangalore,4.3,Credit Card
ORD008091,2045-02-24,Sports,Lipstick,1647.78,6,9886.68,Ahmedabad,4.8,Cash on Delivery
ORD008092,2045-02-25,Home & Kitchen,Smartphone,25199.08,9,226791.72,Delhi,3.2,Cash on Delivery
ORD008093,2045-02-26,Home & Kitchen,Football,38903.55,7,272324.85,Ahmedabad,5.0,Credit Card
ORD008094,2045-02-27,Beauty,Football,16038.18,8,128305.44,Pune,4.3,Credit Card
ORD008095,2045-02-28,Fashion,T-shirt,35211.29,5,176056.45,Chennai,3.1,Cash on Delivery
ORD008096,2045-03-01,Electronics,Saree,46630.1,4,186520.4,Ahmedabad,3.6,UPI
ORD008097,2045-03-02,Beauty,Pressure Cooker,23219.73,1,23219.73,Delhi,4.8,Credit Card
ORD008098,2045-03-03,Beauty,Smartphone,12585.9,8,100687.2,Delhi,4.2,Credit Card
ORD008099,2045-03-04,Electronics,Laptop,45929.01,6,275574.06,Hyderabad,3.6,Wallet
ORD008100,2045-03-05,Home & Kitchen,Headphones,23877.07,4,95508.28,Hyderabad,4.9,Wallet
ORD008101,2045-03-06,Fashion,Cricket Bat,20688.05,3,62064.15,Ahmedabad,4.6,UPI
ORD008102,2045-03-07,Home & Kitchen,Saree,17991.4,5,89957.0,Delhi,4.5,Cash on Delivery
ORD008103,2045-03-08,Beauty,Pressure Cooker,21439.34,4,85757.36,Hyderabad,4.8,UPI
ORD008104,2045-03-09,Fashion,Football,33846.06,7,236922.42,Ahmedabad,4.5,UPI
ORD008105,2045-03-10,Sports,Football,21969.12,6,131814.72,Bangalore,3.6,UPI
ORD008106,2045-03-11,Beauty,Jeans,16549.08,3,49647.24,Ahmedabad,4.2,Credit Card
ORD008107,2045-03-12,Home & Kitchen,Jeans,37310.06,1,37310.06,Hyderabad,4.7,Cash on Delivery
ORD008108,2045-03-13,Home & Kitchen,Cricket Bat,10547.09,7,73829.63,Delhi,3.4,Cash on Delivery
ORD008109,2045-03-14,Home & Kitchen,Smartphone,10495.72,5,52478.6,Indore,3.3,Credit Card
ORD008110,2045-03-15,Electronics,Pressure Cooker,34973.56,1,34973.56,Mumbai,3.3,UPI
ORD008111,2045-03-16,Beauty,Football,43401.97,1,43401.97,Indore,3.4,Wallet
ORD008112,2045-03-17,Fashion,Saree,12439.94,6,74639.64,Indore,3.2,Credit Card
ORD008113,2045-03-18,Home & Kitchen,Laptop,9960.69,4,39842.76,Indore,4.7,UPI
ORD008114,2045-03-19,Home & Kitchen,Smartphone,33680.14,8,269441.12,Indore,4.6,UPI
ORD008115,2045-03-20,Electronics,Cricket Bat,31229.72,2,62459.44,Ahmedabad,3.3,UPI
ORD008116,2045-03-21,Fashion,Lipstick,22638.99,4,90555.96,Mumbai,4.4,UPI
ORD008117,2045-03-22,Beauty,Football,5245.1,8,41960.8,Delhi,4.3,Wallet
ORD008118,2045-03-23,Sports,T-shirt,5043.38,8,40347.04,Ahmedabad,3.6,Wallet
ORD008119,2045-03-24,Electronics,Smartphone,38978.42,5,194892.1,Delhi,3.5,Credit Card
ORD008120,2045-03-25,Beauty,Football,22862.57,3,68587.71,Mumbai,3.5,UPI
ORD008121,2045-03-26,Sports,Mixer,42969.37,4,171877.48,Pune,4.5,Credit Card
ORD008122,2045-03-27,Home & Kitchen,Pressure Cooker,28949.32,3,86847.96,Pune,3.6,UPI
ORD008123,2045-03-28,Home & Kitchen,Jeans,31127.54,2,62255.08,Chennai,3.6,Wallet
ORD008124,2045-03-29,Fashion,Mixer,46742.62,4,186970.48,Ahmedabad,3.0,Credit Card
ORD008125,2045-03-30,Sports,Smartphone,8648.49,9,77836.41,Hyderabad,4.8,Cash on Delivery
ORD008126,2045-03-31,Home & Kitchen,Smartphone,27379.7,6,164278.2,Chennai,4.5,Credit Card
ORD008127,2045-04-01,Home & Kitchen,Mixer,3377.86,4,13511.44,Bangalore,3.9,Cash on Delivery
ORD008128,2045-04-02,Fashion,Lipstick,18266.79,1,18266.79,Indore,4.9,Credit Card
ORD008129,2045-04-03,Beauty,Mixer,7830.88,7,54816.16,Pune,3.6,Wallet
ORD008130,2045-04-04,Home & Kitchen,Laptop,9797.88,2,19595.76,Indore,4.3,Cash on Delivery
ORD008131,2045-04-05,Electronics,Saree,46772.34,6,280634.04,Mumbai,3.6,Wallet
ORD008132,2045-04-06,Electronics,Mixer,30728.79,1,30728.79,Mumbai,3.6,Credit Card
ORD008133,2045-04-07,Beauty,Face Cream,44661.83,7,312632.81,Chennai,4.7,Wallet
ORD008134,2045-04-08,Sports,Face Cream,22454.25,4,89817.0,Bangalore,4.6,UPI
ORD008135,2045-04-09,Fashion,Mixer,30083.35,3,90250.05,Chennai,3.6,Cash on Delivery
ORD008136,2045-04-10,Electronics,Pressure Cooker,2088.68,7,14620.76,Bangalore,3.2,UPI
ORD008137,2045-04-11,Electronics,Saree,23740.36,3,71221.08,Ahmedabad,3.7,Cash on Delivery
ORD008138,2045-04-12,Beauty,T-shirt,28420.81,8,227366.48,Delhi,4.5,Wallet
ORD008139,2045-04-13,Sports,Mixer,1330.5,4,5322.0,Indore,3.2,Wallet
ORD008140,2045-04-14,Sports,Football,39579.71,3,118739.13,Delhi,4.3,UPI
ORD008141,2045-04-15,Beauty,Mixer,15123.44,7,105864.08,Mumbai,4.8,UPI
ORD008142,2045-04-16,Electronics,Laptop,22898.11,7,160286.77,Delhi,3.4,Credit Card
ORD008143,2045-04-17,Fashion,Face Cream,27013.7,9,243123.3,Chennai,4.7,UPI
ORD008144,2045-04-18,Electronics,Jeans,49613.76,7,347296.32,Bangalore,3.1,Cash on Delivery
ORD008145,2045-04-19,Sports,Face Cream,5409.62,6,32457.72,Mumbai,4.3,Cash on Delivery
ORD008146,2045-04-20,Electronics,Face Cream,27986.34,3,83959.02,Delhi,4.6,Cash on Delivery
ORD008147,2045-04-21,Fashion,Laptop,26764.41,4,107057.64,Mumbai,3.9,Credit Card
ORD008148,2045-04-22,Home & Kitchen,Mixer,3911.03,8,31288.24,Mumbai,3.4,Credit Card
ORD008149,2045-04-23,Electronics,Pressure Cooker,31879.95,6,191279.7,Bangalore,4.8,Cash on Delivery
ORD008150,2045-04-24,Beauty,Football,14699.29,9,132293.61,Chennai,3.0,UPI
ORD008151,2045-04-25,Home & Kitchen,Laptop,5636.51,8,45092.08,Indore,4.1,Wallet
ORD008152,2045-04-26,Beauty,Pressure Cooker,9342.78,8,74742.24,Chennai,3.7,Credit Card
ORD008153,2045-04-27,Beauty,Saree,41268.36,7,288878.52,Hyderabad,3.9,UPI
ORD008154,2045-04-28,Beauty,Pressure Cooker,5654.18,1,5654.18,Chennai,4.1,Credit Card
ORD008155,2045-04-29,Electronics,Lipstick,23612.91,5,118064.55,Ahmedabad,4.1,Credit Card
ORD008156,2045-04-30,Sports,Headphones,10166.02,7,71162.14,Delhi,3.4,Wallet
ORD008157,2045-05-01,Home & Kitchen,Saree,8534.83,9,76813.47,Ahmedabad,4.4,Credit Card
ORD008158,2045-05-02,Fashion,Headphones,10682.73,4,42730.92,Hyderabad,3.0,Credit Card
ORD008159,2045-05-03,Sports,Mixer,24892.76,8,199142.08,Hyderabad,3.0,Wallet
ORD008160,2045-05-04,Electronics,Mixer,12270.53,1,12270.53,Hyderabad,4.0,Cash on Delivery
ORD008161,2045-05-05,Beauty,Lipstick,5288.28,4,21153.12,Hyderabad,4.1,Credit Card
ORD008162,2045-05-06,Fashion,Smartphone,40169.34,4,160677.36,Chennai,3.5,Credit Card
ORD008163,2045-05-07,Home & Kitchen,Face Cream,27221.16,2,54442.32,Pune,4.1,Cash on Delivery
ORD008164,2045-05-08,Sports,Headphones,8264.26,3,24792.78,Hyderabad,4.0,Cash on Delivery
ORD008165,2045-05-09,Sports,Laptop,23835.78,3,71507.34,Delhi,3.7,Cash on Delivery
ORD008166,2045-05-10,Fashion,Lipstick,3883.94,9,34955.46,Delhi,4.3,Cash on Delivery
ORD008167,2045-05-11,Electronics,Saree,29231.28,7,204618.96,Mumbai,4.9,UPI
ORD008168,2045-05-12,Home & Kitchen,T-shirt,17345.09,2,34690.18,Pune,4.0,Cash on Delivery
ORD008169,2045-05-13,Fashion,Laptop,5624.66,9,50621.94,Pune,4.6,Cash on Delivery
ORD008170,2045-05-14,Beauty,Pressure Cooker,9590.37,8,76722.96,Ahmedabad,3.5,Cash on Delivery
ORD008171,2045-05-15,Home & Kitchen,Mixer,17612.28,6,105673.68,Delhi,4.5,UPI
ORD008172,2045-05-16,Sports,Face Cream,40417.17,6,242503.02,Indore,4.3,Wallet
ORD008173,2045-05-17,Fashion,Saree,9100.91,2,18201.82,Mumbai,4.3,Cash on Delivery
ORD008174,2045-05-18,Sports,Lipstick,5928.38,3,17785.14,Ahmedabad,4.8,UPI
ORD008175,2045-05-19,Sports,Headphones,26038.98,6,156233.88,Delhi,3.5,Credit Card
ORD008176,2045-05-20,Sports,Headphones,28155.5,3,84466.5,Hyderabad,3.7,Wallet
ORD008177,2045-05-21,Electronics,Cricket Bat,4966.95,7,34768.65,Bangalore,3.2,UPI
ORD008178,2045-05-22,Sports,Mixer,14581.98,5,72909.9,Ahmedabad,4.5,Cash on Delivery
ORD008179,2045-05-23,Beauty,Laptop,13506.82,4,54027.28,Hyderabad,4.7,Wallet
ORD008180,2045-05-24,Beauty,Pressure Cooker,9717.97,8,77743.76,Chennai,3.8,UPI
ORD008181,2045-05-25,Home & Kitchen,Pressure Cooker,16124.09,2,32248.18,Mumbai,3.7,UPI
ORD008182,2045-05-26,Sports,Mixer,2336.87,3,7010.61,Bangalore,4.3,UPI
ORD008183,2045-05-27,Sports,Football,32751.71,4,131006.84,Pune,3.2,UPI
ORD008184,2045-05-28,Fashion,Cricket Bat,49430.11,6,296580.66,Ahmedabad,3.6,UPI
ORD008185,2045-05-29,Electronics,Football,31885.31,5,159426.55,Delhi,3.7,UPI
ORD008186,2045-05-30,Home & Kitchen,Football,18373.28,5,91866.4,Hyderabad,4.0,UPI
ORD008187,2045-05-31,Sports,Cricket Bat,33561.56,7,234930.92,Pune,4.0,UPI
ORD008188,2045-06-01,Fashion,Face Cream,28790.04,8,230320.32,Mumbai,3.4,Credit Card
ORD008189,2045-06-02,Electronics,Laptop,42414.52,6,254487.12,Mumbai,4.1,Credit Card
ORD008190,2045-06-03,Home & Kitchen,Cricket Bat,31282.79,3,93848.37,Pune,4.9,Cash on Delivery
ORD008191,2045-06-04,Home & Kitchen,Lipstick,31886.78,4,127547.12,Ahmedabad,3.1,Cash on Delivery
ORD008192,2045-06-05,Sports,Cricket Bat,11472.38,1,11472.38,Delhi,4.4,Cash on Delivery
ORD008193,2045-06-06,Home & Kitchen,Face Cream,21073.55,5,105367.75,Mumbai,4.2,Cash on Delivery
ORD008194,2045-06-07,Fashion,Headphones,17548.59,8,140388.72,Ahmedabad,4.8,Cash on Delivery
ORD008195,2045-06-08,Home & Kitchen,Jeans,1065.55,3,3196.65,Delhi,4.3,Cash on Delivery
ORD008196,2045-06-09,Beauty,Smartphone,16007.4,4,64029.6,Pune,4.2,Credit Card
ORD008197,2045-06-10,Fashion,Headphones,24560.08,4,98240.32,Ahmedabad,4.5,Credit Card
ORD008198,2045-06-11,Electronics,Headphones,30192.51,6,181155.06,Delhi,3.5,Credit Card
ORD008199,2045-06-12,Electronics,T-shirt,46761.16,9,420850.44,Hyderabad,4.2,UPI
ORD008200,2045-06-13,Sports,T-shirt,12336.13,3,37008.39,Mumbai,4.0,UPI
ORD008201,2045-06-14,Sports,Mixer,8045.24,4,32180.96,Pune,3.9,Cash on Delivery
ORD008202,2045-06-15,Beauty,T-shirt,43537.56,6,261225.36,Chennai,3.2,Wallet
ORD008203,2045-06-16,Electronics,Mixer,47121.45,6,282728.7,Chennai,3.6,Credit Card
ORD008204,2045-06-17,Electronics,Headphones,24653.74,7,172576.18,Hyderabad,3.6,Wallet
ORD008205,2045-06-18,Electronics,Smartphone,6203.22,1,6203.22,Pune,4.4,Cash on Delivery
ORD008206,2045-06-19,Electronics,Laptop,24526.72,9,220740.48,Hyderabad,4.8,Credit Card
ORD008207,2045-06-20,Home & Kitchen,Laptop,5917.44,2,11834.88,Delhi,3.5,Wallet
ORD008208,2045-06-21,Fashion,Football,44217.69,4,176870.76,Pune,3.1,Credit Card
ORD008209,2045-06-22,Fashion,Jeans,35553.43,3,106660.29,Chennai,5.0,Wallet
ORD008210,2045-06-23,Beauty,Saree,12436.28,3,37308.84,Mumbai,4.4,Cash on Delivery
ORD008211,2045-06-24,Home & Kitchen,Laptop,44391.19,5,221955.95,Chennai,4.8,Cash on Delivery
ORD008212,2045-06-25,Electronics,Football,32076.14,7,224532.98,Ahmedabad,3.3,UPI
ORD008213,2045-06-26,Electronics,Face Cream,47686.54,7,333805.78,Hyderabad,4.6,Wallet
ORD008214,2045-06-27,Sports,Football,49033.75,7,343236.25,Hyderabad,4.6,Credit Card
ORD008215,2045-06-28,Sports,Saree,662.45,3,1987.35,Pune,3.3,Wallet
ORD008216,2045-06-29,Beauty,Cricket Bat,6450.6,9,58055.4,Pune,3.3,UPI
ORD008217,2045-06-30,Electronics,Pressure Cooker,27572.66,6,165435.96,Pune,3.6,UPI
ORD008218,2045-07-01,Beauty,Headphones,47814.72,8,382517.76,Pune,3.4,UPI
ORD008219,2045-07-02,Home & Kitchen,Smartphone,49714.56,1,49714.56,Delhi,5.0,UPI
ORD008220,2045-07-03,Fashion,Mixer,28586.69,4,114346.76,Mumbai,3.7,Credit Card
ORD008221,2045-07-04,Electronics,Saree,9103.17,7,63722.19,Hyderabad,4.5,Credit Card
ORD008222,2045-07-05,Home & Kitchen,Football,8570.98,9,77138.82,Ahmedabad,4.6,UPI
ORD008223,2045-07-06,Electronics,Jeans,38310.96,3,114932.88,Indore,3.8,Credit Card
ORD008224,2045-07-07,Sports,Laptop,29800.92,6,178805.52,Mumbai,4.4,UPI
ORD008225,2045-07-08,Beauty,Lipstick,27664.31,8,221314.48,Chennai,3.2,Cash on Delivery
ORD008226,2045-07-09,Sports,Laptop,23555.36,3,70666.08,Delhi,3.8,UPI
ORD008227,2045-07-10,Fashion,T-shirt,36394.16,6,218364.96,Pune,4.9,Cash on Delivery
ORD008228,2045-07-11,Sports,Headphones,42973.68,9,386763.12,Chennai,3.3,UPI
ORD008229,2045-07-12,Electronics,T-shirt,15496.43,9,139467.87,Pune,3.8,UPI
ORD008230,2045-07-13,Sports,Laptop,11435.43,6,68612.58,Indore,4.6,Credit Card
ORD008231,2045-07-14,Electronics,Lipstick,33674.86,5,168374.3,Hyderabad,4.3,Cash on Delivery
ORD008232,2045-07-15,Fashion,T-shirt,45779.25,1,45779.25,Ahmedabad,4.3,Credit Card
ORD008233,2045-07-16,Sports,Smartphone,17733.79,3,53201.37,Hyderabad,4.7,UPI
ORD008234,2045-07-17,Beauty,Football,13986.19,3,41958.57,Ahmedabad,3.1,Cash on Delivery
ORD008235,2045-07-18,Beauty,T-shirt,11692.67,4,46770.68,Mumbai,4.5,UPI
ORD008236,2045-07-19,Beauty,Lipstick,13097.3,5,65486.5,Pune,4.8,Cash on Delivery
ORD008237,2045-07-20,Sports,T-shirt,7179.2,8,57433.6,Ahmedabad,3.0,Wallet
ORD008238,2045-07-21,Sports,Saree,30040.52,9,270364.68,Hyderabad,4.1,Cash on Delivery
ORD008239,2045-07-22,Sports,Cricket Bat,14400.89,7,100806.23,Ahmedabad,3.7,Wallet
ORD008240,2045-07-23,Electronics,Mixer,30939.75,6,185638.5,Indore,3.1,UPI
ORD008241,2045-07-24,Fashion,Laptop,4610.1,3,13830.3,Mumbai,3.8,UPI
ORD008242,2045-07-25,Beauty,Saree,6215.11,9,55935.99,Indore,4.3,Credit Card
ORD008243,2045-07-26,Electronics,Mixer,27039.03,1,27039.03,Bangalore,4.8,Wallet
ORD008244,2045-07-27,Beauty,Cricket Bat,25820.78,9,232387.02,Hyderabad,4.2,Credit Card
ORD008245,2045-07-28,Electronics,Saree,13939.74,3,41819.22,Chennai,4.7,Wallet
ORD008246,2045-07-29,Sports,Jeans,41442.98,9,372986.82,Chennai,3.2,UPI
ORD008247,2045-07-30,Beauty,Saree,9758.83,1,9758.83,Mumbai,3.4,Credit Card
ORD008248,2045-07-31,Sports,Smartphone,18352.73,8,146821.84,Indore,4.9,Wallet
ORD008249,2045-08-01,Beauty,Football,27997.83,6,167986.98,Indore,4.8,Credit Card
ORD008250,2045-08-02,Home & Kitchen,Lipstick,43426.95,9,390842.55,Indore,3.5,UPI
ORD008251,2045-08-03,Electronics,Laptop,21218.27,4,84873.08,Indore,4.2,Wallet
ORD008252,2045-08-04,Home & Kitchen,Headphones,20230.75,5,101153.75,Bangalore,3.7,Cash on Delivery
ORD008253,2045-08-05,Electronics,Mixer,29187.1,6,175122.6,Ahmedabad,3.9,Wallet
ORD008254,2045-08-06,Fashion,T-shirt,16176.42,9,145587.78,Hyderabad,4.7,UPI
ORD008255,2045-08-07,Beauty,Laptop,35604.08,6,213624.48,Indore,4.5,Wallet
ORD008256,2045-08-08,Fashion,Headphones,12810.45,9,115294.05,Delhi,3.5,Credit Card
ORD008257,2045-08-09,Fashion,Cricket Bat,41248.2,2,82496.4,Delhi,3.6,UPI
ORD008258,2045-08-10,Electronics,Saree,13981.49,4,55925.96,Pune,3.6,UPI
ORD008259,2045-08-11,Home & Kitchen,Headphones,49638.71,3,148916.13,Pune,4.6,Cash on Delivery
ORD008260,2045-08-12,Sports,Face Cream,16164.89,4,64659.56,Chennai,4.0,Cash on Delivery
ORD008261,2045-08-13,Electronics,Jeans,44001.89,1,44001.89,Hyderabad,4.9,Credit Card
ORD008262,2045-08-14,Sports,Laptop,20169.12,2,40338.24,Delhi,4.6,Credit Card
ORD008263,2045-08-15,Fashion,Laptop,12679.71,4,50718.84,Mumbai,3.4,Wallet
ORD008264,2045-08-16,Sports,Laptop,11695.08,4,46780.32,Hyderabad,4.6,Credit Card
ORD008265,2045-08-17,Home & Kitchen,Face Cream,42584.47,5,212922.35,Chennai,4.0,Credit Card
ORD008266,2045-08-18,Electronics,Football,15783.27,9,142049.43,Pune,3.5,Credit Card
ORD008267,2045-08-19,Home & Kitchen,Lipstick,17258.87,1,17258.87,Bangalore,3.7,Wallet
ORD008268,2045-08-20,Home & Kitchen,Cricket Bat,10251.16,8,82009.28,Mumbai,4.9,UPI
ORD008269,2045-08-21,Electronics,Football,48085.57,3,144256.71,Mumbai,4.0,UPI
ORD008270,2045-08-22,Home & Kitchen,Lipstick,12614.83,9,113533.47,Ahmedabad,4.4,Wallet
ORD008271,2045-08-23,Beauty,Laptop,12748.46,8,101987.68,Indore,4.0,Credit Card
ORD008272,2045-08-24,Beauty,Jeans,47222.95,8,377783.6,Hyderabad,3.7,Cash on Delivery
ORD008273,2045-08-25,Beauty,T-shirt,45094.49,9,405850.41,Ahmedabad,4.6,Wallet
ORD008274,2045-08-26,Sports,Face Cream,12821.09,4,51284.36,Pune,4.7,Cash on Delivery
ORD008275,2045-08-27,Home & Kitchen,Jeans,43303.92,5,216519.6,Bangalore,3.1,Credit Card
ORD008276,2045-08-28,Electronics,Mixer,12866.25,7,90063.75,Mumbai,3.6,UPI
ORD008277,2045-08-29,Electronics,Cricket Bat,4680.98,2,9361.96,Bangalore,4.0,Cash on Delivery
ORD008278,2045-08-30,Sports,Saree,41107.89,7,287755.23,Ahmedabad,3.6,Cash on Delivery
ORD008279,2045-08-31,Electronics,Face Cream,38692.13,3,116076.39,Chennai,4.6,Cash on Delivery
ORD008280,2045-09-01,Beauty,Laptop,15086.02,6,90516.12,Mumbai,3.2,Cash on Delivery
ORD008281,2045-09-02,Home & Kitchen,Headphones,4961.88,6,29771.28,Pune,4.6,UPI
ORD008282,2045-09-03,Electronics,T-shirt,10718.72,6,64312.32,Delhi,4.2,UPI
ORD008283,2045-09-04,Electronics,Saree,38667.3,2,77334.6,Pune,3.6,Cash on Delivery
ORD008284,2045-09-05,Fashion,Pressure Cooker,48255.02,9,434295.18,Chennai,3.7,Wallet
ORD008285,2045-09-06,Fashion,Football,13320.6,8,106564.8,Chennai,3.4,UPI
ORD008286,2045-09-07,Fashion,Jeans,41003.81,7,287026.67,Indore,3.5,UPI
ORD008287,2045-09-08,Home & Kitchen,T-shirt,11782.67,9,106044.03,Ahmedabad,4.4,Credit Card
ORD008288,2045-09-09,Beauty,Pressure Cooker,34140.22,4,136560.88,Mumbai,3.8,Credit Card
ORD008289,2045-09-10,Beauty,Lipstick,4638.87,2,9277.74,Delhi,4.4,Wallet
ORD008290,2045-09-11,Beauty,Pressure Cooker,29472.13,4,117888.52,Ahmedabad,4.0,Wallet
ORD008291,2045-09-12,Home & Kitchen,Saree,13824.9,3,41474.7,Bangalore,3.3,Credit Card
ORD008292,2045-09-13,Home & Kitchen,Cricket Bat,46329.37,2,92658.74,Delhi,4.0,Credit Card
ORD008293,2045-09-14,Fashion,Jeans,14842.67,2,29685.34,Ahmedabad,4.5,Cash on Delivery
ORD008294,2045-09-15,Electronics,T-shirt,20222.81,8,161782.48,Chennai,3.6,Credit Card
ORD008295,2045-09-16,Sports,Pressure Cooker,42113.62,5,210568.1,Mumbai,4.3,Wallet
ORD008296,2045-09-17,Sports,Jeans,22194.59,6,133167.54,Delhi,3.4,Wallet
ORD008297,2045-09-18,Electronics,T-shirt,12301.41,8,98411.28,Pune,3.3,Credit Card
ORD008298,2045-09-19,Fashion,Football,27603.44,7,193224.08,Delhi,3.7,Wallet
ORD008299,2045-09-20,Electronics,T-shirt,42079.56,7,294556.92,Chennai,3.8,UPI
ORD008300,2045-09-21,Electronics,Football,21942.29,7,153596.03,Ahmedabad,4.5,Wallet
ORD008301,2045-09-22,Sports,Saree,7077.98,7,49545.86,Bangalore,3.9,Cash on Delivery
ORD008302,2045-09-23,Fashion,Jeans,19462.8,8,155702.4,Ahmedabad,3.2,UPI
ORD008303,2045-09-24,Home & Kitchen,Saree,47746.52,1,47746.52,Delhi,4.3,UPI
ORD008304,2045-09-25,Sports,Football,4065.07,3,12195.21,Indore,3.9,UPI
ORD008305,2045-09-26,Home & Kitchen,Pressure Cooker,20718.04,1,20718.04,Ahmedabad,3.7,Credit Card
ORD008306,2045-09-27,Fashion,Mixer,32577.43,8,260619.44,Ahmedabad,4.6,Cash on Delivery
ORD008307,2045-09-28,Electronics,Cricket Bat,4386.63,2,8773.26,Ahmedabad,3.3,Credit Card
ORD008308,2045-09-29,Beauty,Mixer,17575.15,7,123026.05,Delhi,4.8,Cash on Delivery
ORD008309,2045-09-30,Beauty,Smartphone,47058.63,6,282351.78,Hyderabad,3.7,Wallet
ORD008310,2045-10-01,Fashion,Laptop,2016.47,1,2016.47,Chennai,3.9,Wallet
ORD008311,2045-10-02,Beauty,Face Cream,37711.22,6,226267.32,Hyderabad,4.9,Wallet
ORD008312,2045-10-03,Home & Kitchen,Mixer,42148.06,9,379332.54,Chennai,4.5,UPI
ORD008313,2045-10-04,Beauty,Lipstick,14214.51,3,42643.53,Chennai,3.1,Wallet
ORD008314,2045-10-05,Fashion,Cricket Bat,11128.36,7,77898.52,Hyderabad,4.2,Cash on Delivery
ORD008315,2045-10-06,Fashion,Laptop,45783.63,4,183134.52,Pune,3.6,UPI
ORD008316,2045-10-07,Home & Kitchen,Pressure Cooker,38318.08,1,38318.08,Bangalore,4.0,Credit Card
ORD008317,2045-10-08,Beauty,Saree,6112.35,7,42786.45,Bangalore,4.5,UPI
ORD008318,2045-10-09,Beauty,Lipstick,11003.76,1,11003.76,Chennai,4.0,Credit Card
ORD008319,2045-10-10,Electronics,Laptop,31257.08,4,125028.32,Pune,3.1,Credit Card
ORD008320,2045-10-11,Sports,Laptop,21261.14,9,191350.26,Pune,4.1,Credit Card
ORD008321,2045-10-12,Fashion,T-shirt,25456.63,5,127283.15,Hyderabad,3.0,UPI
ORD008322,2045-10-13,Electronics,Smartphone,47601.35,7,333209.45,Delhi,3.7,Wallet
ORD008323,2045-10-14,Fashion,Saree,21301.66,7,149111.62,Chennai,4.0,Credit Card
ORD008324,2045-10-15,Electronics,Pressure Cooker,44143.26,3,132429.78,Indore,4.3,Cash on Delivery
ORD008325,2045-10-16,Sports,Face Cream,33206.86,8,265654.88,Chennai,4.0,Cash on Delivery
ORD008326,2045-10-17,Electronics,Jeans,6520.16,1,6520.16,Mumbai,3.3,Cash on Delivery
ORD008327,2045-10-18,Fashion,Mixer,37353.1,4,149412.4,Bangalore,4.9,Cash on Delivery
ORD008328,2045-10-19,Beauty,Cricket Bat,26250.35,4,105001.4,Hyderabad,4.3,Credit Card
ORD008329,2045-10-20,Fashion,Smartphone,11642.31,2,23284.62,Delhi,3.6,Cash on Delivery
ORD008330,2045-10-21,Home & Kitchen,T-shirt,14832.69,6,88996.14,Indore,4.9,UPI
ORD008331,2045-10-22,Home & Kitchen,T-shirt,28087.96,1,28087.96,Pune,4.8,Cash on Delivery
ORD008332,2045-10-23,Home & Kitchen,Laptop,30284.27,3,90852.81,Delhi,3.3,Cash on Delivery
ORD008333,2045-10-24,Home & Kitchen,Headphones,48424.73,9,435822.57,Indore,4.3,Wallet
ORD008334,2045-10-25,Sports,Mixer,42808.65,6,256851.9,Chennai,4.1,UPI
ORD008335,2045-10-26,Beauty,Smartphone,10689.04,2,21378.08,Ahmedabad,3.4,UPI
ORD008336,2045-10-27,Beauty,Football,38812.61,9,349313.49,Ahmedabad,3.5,Wallet
ORD008337,2045-10-28,Fashion,Laptop,910.44,2,1820.88,Delhi,4.1,Cash on Delivery
ORD008338,2045-10-29,Electronics,Smartphone,6925.52,7,48478.64,Delhi,3.6,Credit Card
ORD008339,2045-10-30,Fashion,Lipstick,10385.17,1,10385.17,Chennai,4.7,UPI
ORD008340,2045-10-31,Fashion,Saree,30061.37,5,150306.85,Bangalore,3.2,Credit Card
ORD008341,2045-11-01,Fashion,Face Cream,10136.91,7,70958.37,Mumbai,4.8,Credit Card
ORD008342,2045-11-02,Fashion,Cricket Bat,18581.01,3,55743.03,Bangalore,4.7,Cash on Delivery
ORD008343,2045-11-03,Beauty,Mixer,12517.6,4,50070.4,Bangalore,4.5,Credit Card
ORD008344,2045-11-04,Electronics,Football,17202.12,5,86010.6,Mumbai,3.5,Credit Card
ORD008345,2045-11-05,Fashion,T-shirt,47151.35,3,141454.05,Ahmedabad,4.4,Credit Card
ORD008346,2045-11-06,Beauty,Football,49870.13,6,299220.78,Chennai,3.9,Wallet
ORD008347,2045-11-07,Fashion,Football,34443.24,3,103329.72,Bangalore,4.3,Wallet
ORD008348,2045-11-08,Home & Kitchen,Headphones,28829.24,8,230633.92,Hyderabad,3.6,Cash on Delivery
ORD008349,2045-11-09,Fashion,Pressure Cooker,35568.17,7,248977.19,Hyderabad,4.7,UPI
ORD008350,2045-11-10,Fashion,Jeans,38696.78,1,38696.78,Mumbai,3.1,Cash on Delivery
ORD008351,2045-11-11,Sports,Saree,37081.13,2,74162.26,Hyderabad,4.4,UPI
ORD008352,2045-11-12,Home & Kitchen,Mixer,4553.68,4,18214.72,Ahmedabad,4.7,Credit Card
ORD008353,2045-11-13,Electronics,Lipstick,15859.52,5,79297.6,Chennai,4.3,UPI
ORD008354,2045-11-14,Fashion,Mixer,17499.85,4,69999.4,Delhi,3.4,UPI
ORD008355,2045-11-15,Electronics,Pressure Cooker,18778.1,4,75112.4,Ahmedabad,3.6,UPI
ORD008356,2045-11-16,Home & Kitchen,Football,17543.53,9,157891.77,Chennai,4.0,UPI
ORD008357,2045-11-17,Fashion,Face Cream,39461.07,4,157844.28,Mumbai,3.7,Wallet
ORD008358,2045-11-18,Sports,Cricket Bat,37506.43,4,150025.72,Delhi,3.0,Credit Card
ORD008359,2045-11-19,Beauty,Cricket Bat,727.71,4,2910.84,Hyderabad,3.1,UPI
ORD008360,2045-11-20,Sports,Smartphone,15170.89,2,30341.78,Bangalore,4.5,UPI
ORD008361,2045-11-21,Sports,Laptop,31371.35,8,250970.8,Pune,3.2,Credit Card
ORD008362,2045-11-22,Beauty,Cricket Bat,6453.15,4,25812.6,Ahmedabad,4.9,UPI
ORD008363,2045-11-23,Beauty,Headphones,4024.32,5,20121.6,Hyderabad,3.9,Cash on Delivery
ORD008364,2045-11-24,Beauty,Jeans,41505.71,8,332045.68,Chennai,4.5,UPI
ORD008365,2045-11-25,Fashion,Lipstick,22907.87,4,91631.48,Chennai,3.3,Cash on Delivery
ORD008366,2045-11-26,Electronics,Face Cream,42856.52,5,214282.6,Pune,4.9,Cash on Delivery
ORD008367,2045-11-27,Electronics,Football,41265.86,5,206329.3,Ahmedabad,3.1,Cash on Delivery
ORD008368,2045-11-28,Beauty,Pressure Cooker,44721.84,6,268331.04,Mumbai,3.1,Wallet
ORD008369,2045-11-29,Sports,T-shirt,2889.59,7,20227.13,Bangalore,3.1,Wallet
ORD008370,2045-11-30,Home & Kitchen,Cricket Bat,9713.44,3,29140.32,Bangalore,3.2,Credit Card
ORD008371,2045-12-01,Beauty,Face Cream,15159.09,3,45477.27,Delhi,4.0,Cash on Delivery
ORD008372,2045-12-02,Sports,T-shirt,7243.4,9,65190.6,Ahmedabad,4.6,Wallet
ORD008373,2045-12-03,Sports,Face Cream,24530.76,1,24530.76,Delhi,3.6,Cash on Delivery
ORD008374,2045-12-04,Fashion,Cricket Bat,40049.36,8,320394.88,Chennai,4.5,Wallet
ORD008375,2045-12-05,Fashion,Football,47583.5,3,142750.5,Mumbai,4.5,Credit Card
ORD008376,2045-12-06,Electronics,Face Cream,44533.92,5,222669.6,Pune,4.8,Credit Card
ORD008377,2045-12-07,Electronics,Football,23138.17,3,69414.51,Chennai,3.3,Wallet
ORD008378,2045-12-08,Home & Kitchen,Face Cream,32006.31,1,32006.31,Indore,3.3,Wallet
ORD008379,2045-12-09,Home & Kitchen,Headphones,11919.46,5,59597.3,Ahmedabad,3.2,Cash on Delivery
ORD008380,2045-12-10,Home & Kitchen,T-shirt,20448.95,8,163591.6,Bangalore,3.7,Credit Card
ORD008381,2045-12-11,Home & Kitchen,Laptop,43623.54,5,218117.7,Bangalore,4.0,UPI
ORD008382,2045-12-12,Sports,Football,1945.28,4,7781.12,Chennai,3.9,Cash on Delivery
ORD008383,2045-12-13,Sports,Lipstick,26871.58,9,241844.22,Pune,3.5,Wallet
ORD008384,2045-12-14,Electronics,Jeans,43703.52,1,43703.52,Bangalore,4.2,Cash on Delivery
ORD008385,2045-12-15,Fashion,Headphones,6539.49,5,32697.45,Ahmedabad,3.7,UPI
ORD008386,2045-12-16,Fashion,Laptop,49136.04,1,49136.04,Pune,3.7,Credit Card
ORD008387,2045-12-17,Beauty,Jeans,1113.38,6,6680.28,Ahmedabad,3.2,UPI
ORD008388,2045-12-18,Sports,Laptop,44362.94,9,399266.46,Delhi,4.2,Wallet
ORD008389,2045-12-19,Home & Kitchen,Laptop,18006.79,2,36013.58,Bangalore,4.3,Wallet
ORD008390,2045-12-20,Home & Kitchen,Laptop,7068.18,4,28272.72,Delhi,4.5,Wallet
ORD008391,2045-12-21,Beauty,Smartphone,8289.23,8,66313.84,Hyderabad,4.8,Wallet
ORD008392,2045-12-22,Fashion,Jeans,35208.35,3,105625.05,Pune,4.5,Wallet
ORD008393,2045-12-23,Home & Kitchen,Laptop,43600.62,7,305204.34,Mumbai,3.5,UPI
ORD008394,2045-12-24,Fashion,Saree,32232.78,7,225629.46,Mumbai,3.5,Credit Card
ORD008395,2045-12-25,Beauty,Saree,46471.89,2,92943.78,Bangalore,4.8,Credit Card
ORD008396,2045-12-26,Fashion,Face Cream,42202.7,4,168810.8,Ahmedabad,4.6,Cash on Delivery
ORD008397,2045-12-27,Fashion,Face Cream,947.07,1,947.07,Mumbai,4.6,Cash on Delivery
ORD008398,2045-12-28,Fashion,Cricket Bat,33636.77,8,269094.16,Indore,4.4,Cash on Delivery
ORD008399,2045-12-29,Home & Kitchen,Lipstick,15579.42,9,140214.78,Hyderabad,3.5,Wallet
ORD008400,2045-12-30,Electronics,Football,22997.75,1,22997.75,Ahmedabad,4.7,Credit Card
ORD008401,2045-12-31,Sports,T-shirt,5154.52,7,36081.64,Bangalore,3.3,Wallet
ORD008402,2046-01-01,Fashion,Football,14463.91,1,14463.91,Delhi,3.7,Cash on Delivery
ORD008403,2046-01-02,Fashion,Cricket Bat,31817.96,1,31817.96,Hyderabad,3.7,Wallet
ORD008404,2046-01-03,Fashion,Smartphone,11309.92,9,101789.28,Pune,4.1,UPI
ORD008405,2046-01-04,Electronics,Saree,32553.07,6,195318.42,Indore,3.9,Cash on Delivery
ORD008406,2046-01-05,Beauty,Jeans,46190.09,1,46190.09,Hyderabad,3.9,Credit Card
ORD008407,2046-01-06,Home & Kitchen,Lipstick,744.55,7,5211.85,Mumbai,4.1,Credit Card
ORD008408,2046-01-07,Electronics,Lipstick,39395.65,3,118186.95,Indore,3.8,Cash on Delivery
ORD008409,2046-01-08,Fashion,Face Cream,32245.28,4,128981.12,Ahmedabad,3.5,Credit Card
ORD008410,2046-01-09,Electronics,T-shirt,2808.32,4,11233.28,Delhi,4.3,Credit Card
ORD008411,2046-01-10,Electronics,Jeans,39613.27,8,316906.16,Chennai,4.6,Cash on Delivery
ORD008412,2046-01-11,Electronics,Face Cream,11613.79,1,11613.79,Hyderabad,4.0,Cash on Delivery
ORD008413,2046-01-12,Beauty,Pressure Cooker,13658.12,8,109264.96,Mumbai,4.3,Wallet
ORD008414,2046-01-13,Sports,T-shirt,5129.03,9,46161.27,Pune,4.1,Wallet
ORD008415,2046-01-14,Home & Kitchen,Lipstick,26951.8,7,188662.6,Pune,3.1,UPI
ORD008416,2046-01-15,Beauty,Smartphone,25162.08,1,25162.08,Hyderabad,3.8,Credit Card
ORD008417,2046-01-16,Beauty,Headphones,17685.14,7,123795.98,Ahmedabad,3.0,Cash on Delivery
ORD008418,2046-01-17,Sports,Headphones,8853.31,6,53119.86,Delhi,4.3,UPI
ORD008419,2046-01-18,Beauty,Saree,41978.7,5,209893.5,Ahmedabad,4.0,Credit Card
ORD008420,2046-01-19,Electronics,Lipstick,43880.73,5,219403.65,Pune,3.3,Credit Card
ORD008421,2046-01-20,Electronics,Smartphone,27258.69,1,27258.69,Ahmedabad,4.1,UPI
ORD008422,2046-01-21,Fashion,T-shirt,12589.15,6,75534.9,Delhi,4.8,Credit Card
ORD008423,2046-01-22,Beauty,Smartphone,5257.45,4,21029.8,Bangalore,3.7,Cash on Delivery
ORD008424,2046-01-23,Fashion,Mixer,43492.94,1,43492.94,Ahmedabad,5.0,UPI
ORD008425,2046-01-24,Home & Kitchen,T-shirt,5254.61,8,42036.88,Chennai,4.9,UPI
ORD008426,2046-01-25,Electronics,Laptop,1152.41,8,9219.28,Chennai,4.6,Wallet
ORD008427,2046-01-26,Home & Kitchen,T-shirt,23735.18,4,94940.72,Mumbai,4.6,Cash on Delivery
ORD008428,2046-01-27,Sports,Saree,36697.92,7,256885.44,Chennai,3.8,Wallet
ORD008429,2046-01-28,Electronics,Face Cream,23148.08,3,69444.24,Delhi,3.8,UPI
ORD008430,2046-01-29,Home & Kitchen,Headphones,3044.83,8,24358.64,Chennai,4.9,Cash on Delivery
ORD008431,2046-01-30,Sports,T-shirt,34656.44,7,242595.08,Mumbai,3.7,Cash on Delivery
ORD008432,2046-01-31,Home & Kitchen,Face Cream,32295.46,5,161477.3,Hyderabad,3.2,Wallet
ORD008433,2046-02-01,Sports,Laptop,34235.72,5,171178.6,Chennai,3.3,Credit Card
ORD008434,2046-02-02,Sports,Mixer,10954.52,9,98590.68,Chennai,4.4,Credit Card
ORD008435,2046-02-03,Electronics,Football,39887.07,6,239322.42,Ahmedabad,3.8,Credit Card
ORD008436,2046-02-04,Fashion,Football,24218.83,6,145312.98,Pune,3.4,Wallet
ORD008437,2046-02-05,Sports,Football,27049.46,2,54098.92,Delhi,4.6,Credit Card
ORD008438,2046-02-06,Sports,Smartphone,27518.59,5,137592.95,Delhi,4.0,Wallet
ORD008439,2046-02-07,Electronics,Jeans,14696.92,4,58787.68,Pune,4.1,Wallet
ORD008440,2046-02-08,Fashion,Headphones,12881.64,3,38644.92,Hyderabad,3.3,Credit Card
ORD008441,2046-02-09,Beauty,Smartphone,735.92,9,6623.28,Pune,3.4,Wallet
ORD008442,2046-02-10,Beauty,Mixer,20132.21,7,140925.47,Indore,3.3,Wallet
ORD008443,2046-02-11,Fashion,Football,24512.6,4,98050.4,Indore,4.0,Cash on Delivery
ORD008444,2046-02-12,Home & Kitchen,Jeans,37268.79,9,335419.11,Bangalore,4.6,UPI
ORD008445,2046-02-13,Electronics,Lipstick,3798.03,9,34182.27,Chennai,4.5,Wallet
ORD008446,2046-02-14,Fashion,Cricket Bat,46237.48,7,323662.36,Delhi,3.5,UPI
ORD008447,2046-02-15,Beauty,Saree,13565.94,5,67829.7,Bangalore,4.7,Credit Card
ORD008448,2046-02-16,Sports,Smartphone,18652.67,9,167874.03,Chennai,3.2,Cash on Delivery
ORD008449,2046-02-17,Beauty,Face Cream,2893.94,7,20257.58,Chennai,3.2,Cash on Delivery
ORD008450,2046-02-18,Sports,Pressure Cooker,32830.25,9,295472.25,Ahmedabad,4.7,Wallet
ORD008451,2046-02-19,Electronics,Jeans,35591.68,3,106775.04,Bangalore,3.5,Cash on Delivery
ORD008452,2046-02-20,Sports,Lipstick,46475.17,9,418276.53,Delhi,4.4,UPI
ORD008453,2046-02-21,Fashion,Pressure Cooker,17173.04,1,17173.04,Hyderabad,3.0,Wallet
ORD008454,2046-02-22,Sports,Cricket Bat,13239.75,5,66198.75,Indore,3.2,Cash on Delivery
ORD008455,2046-02-23,Home & Kitchen,Cricket Bat,36441.28,2,72882.56,Chennai,4.2,Credit Card
ORD008456,2046-02-24,Fashion,Headphones,35486.64,1,35486.64,Pune,3.4,Wallet
ORD008457,2046-02-25,Electronics,Pressure Cooker,46887.64,3,140662.92,Mumbai,3.1,Cash on Delivery
ORD008458,2046-02-26,Fashion,Headphones,10663.27,7,74642.89,Mumbai,3.9,Wallet
ORD008459,2046-02-27,Home & Kitchen,Headphones,35411.98,3,106235.94,Mumbai,3.7,Credit Card
ORD008460,2046-02-28,Electronics,Headphones,3809.99,9,34289.91,Pune,4.6,Wallet
ORD008461,2046-03-01,Beauty,Football,24278.22,3,72834.66,Hyderabad,4.6,UPI
ORD008462,2046-03-02,Home & Kitchen,Headphones,6409.84,6,38459.04,Indore,4.2,UPI
ORD008463,2046-03-03,Electronics,Lipstick,32830.73,2,65661.46,Chennai,3.6,Cash on Delivery
ORD008464,2046-03-04,Sports,Saree,30272.6,8,242180.8,Delhi,3.9,UPI
ORD008465,2046-03-05,Fashion,T-shirt,2917.23,5,14586.15,Delhi,4.4,UPI
ORD008466,2046-03-06,Electronics,Lipstick,16321.08,2,32642.16,Ahmedabad,3.1,Wallet
ORD008467,2046-03-07,Fashion,Mixer,20054.16,7,140379.12,Pune,3.7,Wallet
ORD008468,2046-03-08,Sports,Headphones,12778.98,3,38336.94,Indore,4.6,Cash on Delivery
ORD008469,2046-03-09,Electronics,Jeans,2414.17,5,12070.85,Hyderabad,3.8,UPI
ORD008470,2046-03-10,Beauty,Jeans,16281.68,9,146535.12,Indore,4.2,Credit Card
ORD008471,2046-03-11,Home & Kitchen,Pressure Cooker,39734.93,1,39734.93,Chennai,3.2,Cash on Delivery
ORD008472,2046-03-12,Electronics,Face Cream,18325.4,2,36650.8,Ahmedabad,4.6,Credit Card
ORD008473,2046-03-13,Sports,Pressure Cooker,16506.8,5,82534.0,Bangalore,3.2,UPI
ORD008474,2046-03-14,Electronics,Mixer,47116.78,4,188467.12,Bangalore,4.7,Cash on Delivery
ORD008475,2046-03-15,Fashion,Face Cream,2560.72,1,2560.72,Chennai,3.2,Credit Card
ORD008476,2046-03-16,Electronics,Lipstick,38480.77,7,269365.39,Chennai,4.8,Cash on Delivery
ORD008477,2046-03-17,Beauty,Face Cream,24413.13,9,219718.17,Delhi,3.7,Wallet
ORD008478,2046-03-18,Electronics,Jeans,47250.89,1,47250.89,Hyderabad,4.2,Wallet
ORD008479,2046-03-19,Home & Kitchen,Laptop,19976.8,8,159814.4,Ahmedabad,4.7,Credit Card
ORD008480,2046-03-20,Electronics,Football,35548.1,9,319932.9,Hyderabad,3.0,Wallet
ORD008481,2046-03-21,Fashion,Football,3961.8,2,7923.6,Ahmedabad,3.5,Wallet
ORD008482,2046-03-22,Electronics,Laptop,46474.24,1,46474.24,Indore,4.8,Credit Card
ORD008483,2046-03-23,Beauty,Football,17554.86,6,105329.16,Ahmedabad,3.8,Cash on Delivery
ORD008484,2046-03-24,Sports,T-shirt,26438.23,7,185067.61,Ahmedabad,4.4,Credit Card
ORD008485,2046-03-25,Electronics,Laptop,7354.84,2,14709.68,Pune,3.3,Wallet
ORD008486,2046-03-26,Electronics,Smartphone,47305.11,5,236525.55,Pune,4.4,Cash on Delivery
ORD008487,2046-03-27,Home & Kitchen,Headphones,33812.03,5,169060.15,Delhi,3.1,Wallet
ORD008488,2046-03-28,Beauty,Football,3170.4,7,22192.8,Mumbai,4.4,UPI
ORD008489,2046-03-29,Sports,Mixer,8182.74,1,8182.74,Bangalore,3.6,Credit Card
ORD008490,2046-03-30,Fashion,Pressure Cooker,20291.78,8,162334.24,Chennai,3.9,Credit Card
ORD008491,2046-03-31,Electronics,Smartphone,11230.17,5,56150.85,Indore,3.3,Credit Card
ORD008492,2046-04-01,Sports,Saree,15578.97,3,46736.91,Bangalore,4.3,Credit Card
ORD008493,2046-04-02,Fashion,Headphones,49875.81,9,448882.29,Bangalore,3.7,UPI
ORD008494,2046-04-03,Beauty,Jeans,33103.11,3,99309.33,Indore,3.8,Cash on Delivery
ORD008495,2046-04-04,Beauty,Headphones,46149.77,7,323048.39,Hyderabad,4.3,Cash on Delivery
ORD008496,2046-04-05,Sports,Football,22072.02,7,154504.14,Delhi,3.4,Cash on Delivery
ORD008497,2046-04-06,Fashion,Pressure Cooker,35658.97,8,285271.76,Mumbai,4.7,UPI
ORD008498,2046-04-07,Beauty,Cricket Bat,23254.67,8,186037.36,Mumbai,4.5,UPI
ORD008499,2046-04-08,Sports,Face Cream,16747.11,4,66988.44,Ahmedabad,4.2,Cash on Delivery
ORD008500,2046-04-09,Beauty,Face Cream,26199.07,1,26199.07,Indore,3.3,Cash on Delivery
ORD008501,2046-04-10,Beauty,Cricket Bat,21651.9,4,86607.6,Indore,4.4,UPI
ORD008502,2046-04-11,Beauty,Smartphone,49036.76,6,294220.56,Ahmedabad,3.0,Wallet
ORD008503,2046-04-12,Home & Kitchen,Lipstick,25060.24,6,150361.44,Delhi,4.6,UPI
ORD008504,2046-04-13,Fashion,Jeans,40650.1,6,243900.6,Bangalore,3.6,Credit Card
ORD008505,2046-04-14,Sports,Pressure Cooker,33507.56,7,234552.92,Delhi,3.2,Cash on Delivery
ORD008506,2046-04-15,Sports,Pressure Cooker,24241.55,1,24241.55,Pune,3.3,Wallet
ORD008507,2046-04-16,Fashion,Pressure Cooker,23970.43,1,23970.43,Delhi,4.9,Cash on Delivery
ORD008508,2046-04-17,Fashion,Face Cream,17423.56,7,121964.92,Pune,4.5,Wallet
ORD008509,2046-04-18,Fashion,Football,5795.6,4,23182.4,Chennai,3.5,Cash on Delivery
ORD008510,2046-04-19,Fashion,Laptop,38192.73,6,229156.38,Ahmedabad,4.9,Cash on Delivery
ORD008511,2046-04-20,Electronics,Pressure Cooker,45945.69,6,275674.14,Chennai,3.3,Cash on Delivery
ORD008512,2046-04-21,Sports,Cricket Bat,11288.77,9,101598.93,Bangalore,4.5,Credit Card
ORD008513,2046-04-22,Electronics,Saree,46320.84,2,92641.68,Hyderabad,4.3,UPI
ORD008514,2046-04-23,Beauty,Mixer,11999.06,4,47996.24,Mumbai,4.6,Wallet
ORD008515,2046-04-24,Beauty,Headphones,26738.92,4,106955.68,Chennai,3.8,Credit Card
ORD008516,2046-04-25,Sports,Mixer,17509.29,7,122565.03,Bangalore,3.8,Credit Card
ORD008517,2046-04-26,Beauty,Cricket Bat,6168.18,1,6168.18,Indore,4.2,Cash on Delivery
ORD008518,2046-04-27,Fashion,Cricket Bat,3115.5,5,15577.5,Delhi,3.8,Wallet
ORD008519,2046-04-28,Electronics,Saree,18584.65,4,74338.6,Pune,3.1,Wallet
ORD008520,2046-04-29,Fashion,T-shirt,2843.52,2,5687.04,Chennai,4.5,Wallet
ORD008521,2046-04-30,Beauty,Smartphone,5658.22,5,28291.1,Delhi,4.3,Wallet
ORD008522,2046-05-01,Electronics,Laptop,7543.73,9,67893.57,Delhi,3.8,Wallet
ORD008523,2046-05-02,Fashion,Football,594.83,8,4758.64,Chennai,3.6,Credit Card
ORD008524,2046-05-03,Sports,Lipstick,8085.98,9,72773.82,Pune,3.6,Wallet
ORD008525,2046-05-04,Fashion,Pressure Cooker,29075.29,7,203527.03,Bangalore,4.5,Credit Card
ORD008526,2046-05-05,Beauty,Pressure Cooker,41066.39,7,287464.73,Indore,4.5,Wallet
ORD008527,2046-05-06,Electronics,Football,10074.78,2,20149.56,Pune,4.6,Cash on Delivery
ORD008528,2046-05-07,Sports,Saree,4503.19,3,13509.57,Mumbai,4.5,Credit Card
ORD008529,2046-05-08,Electronics,T-shirt,36610.95,8,292887.6,Bangalore,4.5,Credit Card
ORD008530,2046-05-09,Sports,Pressure Cooker,904.05,2,1808.1,Hyderabad,3.5,Wallet
ORD008531,2046-05-10,Electronics,Laptop,36841.02,7,257887.14,Pune,3.2,Wallet
ORD008532,2046-05-11,Beauty,Face Cream,6990.3,6,41941.8,Pune,4.5,UPI
ORD008533,2046-05-12,Sports,Smartphone,11800.11,4,47200.44,Pune,3.2,Cash on Delivery
ORD008534,2046-05-13,Home & Kitchen,Laptop,6443.46,4,25773.84,Hyderabad,5.0,Cash on Delivery
ORD008535,2046-05-14,Electronics,T-shirt,12743.24,3,38229.72,Mumbai,4.8,Credit Card
ORD008536,2046-05-15,Electronics,Cricket Bat,40009.71,6,240058.26,Pune,4.1,Cash on Delivery
ORD008537,2046-05-16,Fashion,Laptop,7060.93,3,21182.79,Indore,3.7,UPI
ORD008538,2046-05-17,Sports,Mixer,49711.2,9,447400.8,Pune,4.1,Wallet
ORD008539,2046-05-18,Home & Kitchen,Laptop,16691.34,4,66765.36,Ahmedabad,4.5,Wallet
ORD008540,2046-05-19,Beauty,Cricket Bat,46137.42,4,184549.68,Hyderabad,4.5,Wallet
ORD008541,2046-05-20,Fashion,Pressure Cooker,9906.64,2,19813.28,Delhi,3.1,Credit Card
ORD008542,2046-05-21,Home & Kitchen,Headphones,9800.93,2,19601.86,Hyderabad,4.6,UPI
ORD008543,2046-05-22,Sports,Headphones,28484.12,7,199388.84,Ahmedabad,4.3,Credit Card
ORD008544,2046-05-23,Home & Kitchen,Headphones,3004.7,5,15023.5,Ahmedabad,3.1,Credit Card
ORD008545,2046-05-24,Electronics,Pressure Cooker,40149.64,3,120448.92,Chennai,3.6,Cash on Delivery
ORD008546,2046-05-25,Electronics,Saree,22260.95,6,133565.7,Ahmedabad,4.0,Cash on Delivery
ORD008547,2046-05-26,Fashion,Smartphone,35110.23,6,210661.38,Pune,3.4,Credit Card
ORD008548,2046-05-27,Sports,Football,9144.29,1,9144.29,Delhi,3.3,UPI
ORD008549,2046-05-28,Sports,Smartphone,32296.69,3,96890.07,Pune,3.0,Credit Card
ORD008550,2046-05-29,Home & Kitchen,Pressure Cooker,29906.5,5,149532.5,Bangalore,4.8,Credit Card
ORD008551,2046-05-30,Fashion,Laptop,37905.23,7,265336.61,Indore,3.1,Credit Card
ORD008552,2046-05-31,Sports,Face Cream,15221.36,4,60885.44,Mumbai,3.7,Wallet
ORD008553,2046-06-01,Electronics,Lipstick,46691.7,8,373533.6,Chennai,3.4,Wallet
ORD008554,2046-06-02,Home & Kitchen,Smartphone,48084.4,3,144253.2,Ahmedabad,4.5,UPI
ORD008555,2046-06-03,Beauty,Mixer,43472.12,6,260832.72,Chennai,4.4,Cash on Delivery
ORD008556,2046-06-04,Electronics,Mixer,28815.67,6,172894.02,Mumbai,4.6,Cash on Delivery
ORD008557,2046-06-05,Fashion,Jeans,21304.27,9,191738.43,Hyderabad,4.2,UPI
ORD008558,2046-06-06,Sports,Face Cream,3370.62,4,13482.48,Mumbai,4.2,Cash on Delivery
ORD008559,2046-06-07,Electronics,Mixer,47387.78,7,331714.46,Mumbai,3.8,Credit Card
ORD008560,2046-06-08,Beauty,Football,47613.18,1,47613.18,Hyderabad,4.3,Wallet
ORD008561,2046-06-09,Beauty,Smartphone,1425.08,1,1425.08,Pune,3.2,Wallet
ORD008562,2046-06-10,Fashion,Face Cream,18165.93,2,36331.86,Bangalore,4.4,Cash on Delivery
ORD008563,2046-06-11,Electronics,Face Cream,44061.8,4,176247.2,Indore,3.2,Cash on Delivery
ORD008564,2046-06-12,Home & Kitchen,Lipstick,4502.18,6,27013.08,Mumbai,4.7,UPI
ORD008565,2046-06-13,Electronics,Cricket Bat,10230.04,4,40920.16,Hyderabad,4.0,UPI
ORD008566,2046-06-14,Beauty,Headphones,48944.53,6,293667.18,Ahmedabad,4.1,Credit Card
ORD008567,2046-06-15,Fashion,Laptop,42440.8,2,84881.6,Chennai,4.2,Credit Card
ORD008568,2046-06-16,Fashion,Cricket Bat,45647.14,9,410824.26,Mumbai,4.6,Cash on Delivery
ORD008569,2046-06-17,Home & Kitchen,Lipstick,7536.64,3,22609.92,Ahmedabad,4.0,UPI
ORD008570,2046-06-18,Fashion,Saree,10960.14,7,76720.98,Ahmedabad,3.9,Wallet
ORD008571,2046-06-19,Fashion,Headphones,30468.12,1,30468.12,Ahmedabad,3.6,UPI
ORD008572,2046-06-20,Fashion,Face Cream,25336.04,8,202688.32,Indore,3.3,Credit Card
ORD008573,2046-06-21,Fashion,Jeans,15275.92,4,61103.68,Pune,3.4,Cash on Delivery
ORD008574,2046-06-22,Fashion,Saree,44250.39,5,221251.95,Ahmedabad,3.0,Cash on Delivery
ORD008575,2046-06-23,Beauty,Smartphone,45118.74,7,315831.18,Pune,4.7,UPI
ORD008576,2046-06-24,Electronics,Face Cream,14938.36,3,44815.08,Mumbai,4.5,UPI
ORD008577,2046-06-25,Sports,Lipstick,8209.78,9,73888.02,Pune,3.4,UPI
ORD008578,2046-06-26,Fashion,Headphones,7880.07,9,70920.63,Bangalore,3.0,UPI
ORD008579,2046-06-27,Sports,Face Cream,24479.05,8,195832.4,Bangalore,4.0,Credit Card
ORD008580,2046-06-28,Sports,Face Cream,7079.47,1,7079.47,Chennai,3.8,Credit Card
ORD008581,2046-06-29,Beauty,Jeans,23930.34,2,47860.68,Bangalore,4.6,UPI
ORD008582,2046-06-30,Fashion,Laptop,23365.74,2,46731.48,Pune,3.8,Cash on Delivery
ORD008583,2046-07-01,Sports,Face Cream,44263.46,3,132790.38,Indore,4.7,Wallet
ORD008584,2046-07-02,Fashion,Laptop,15162.42,2,30324.84,Chennai,3.2,Wallet
ORD008585,2046-07-03,Home & Kitchen,Pressure Cooker,28252.3,1,28252.3,Pune,3.7,Credit Card
ORD008586,2046-07-04,Home & Kitchen,Smartphone,37303.24,5,186516.2,Mumbai,4.9,UPI
ORD008587,2046-07-05,Home & Kitchen,Mixer,29997.78,6,179986.68,Hyderabad,3.0,UPI
ORD008588,2046-07-06,Sports,Lipstick,47726.36,7,334084.52,Bangalore,3.8,Wallet
ORD008589,2046-07-07,Home & Kitchen,Jeans,30312.74,7,212189.18,Chennai,3.5,Cash on Delivery
ORD008590,2046-07-08,Beauty,Jeans,45142.18,2,90284.36,Bangalore,4.1,Wallet
ORD008591,2046-07-09,Beauty,Mixer,12630.29,7,88412.03,Bangalore,3.6,Cash on Delivery
ORD008592,2046-07-10,Sports,Mixer,28257.26,2,56514.52,Ahmedabad,4.7,Wallet
ORD008593,2046-07-11,Fashion,Saree,27393.64,2,54787.28,Delhi,4.9,UPI
ORD008594,2046-07-12,Electronics,Headphones,49477.88,6,296867.28,Mumbai,4.7,Credit Card
ORD008595,2046-07-13,Fashion,Saree,10623.06,6,63738.36,Bangalore,3.8,Credit Card
ORD008596,2046-07-14,Fashion,T-shirt,7479.17,8,59833.36,Ahmedabad,5.0,Cash on Delivery
ORD008597,2046-07-15,Fashion,T-shirt,30777.77,5,153888.85,Hyderabad,4.5,Credit Card
ORD008598,2046-07-16,Fashion,Smartphone,11572.76,5,57863.8,Indore,3.7,Credit Card
ORD008599,2046-07-17,Electronics,Pressure Cooker,32138.19,1,32138.19,Delhi,3.2,Credit Card
ORD008600,2046-07-18,Home & Kitchen,Lipstick,48638.21,4,194552.84,Ahmedabad,4.3,Wallet
ORD008601,2046-07-19,Fashion,Jeans,47352.05,1,47352.05,Ahmedabad,4.5,UPI
ORD008602,2046-07-20,Beauty,Face Cream,11939.6,5,59698.0,Chennai,3.2,Wallet
ORD008603,2046-07-21,Sports,Headphones,8959.37,8,71674.96,Chennai,4.1,UPI
ORD008604,2046-07-22,Sports,Laptop,28256.59,1,28256.59,Hyderabad,5.0,Credit Card
ORD008605,2046-07-23,Beauty,Face Cream,29545.48,3,88636.44,Hyderabad,3.7,Wallet
ORD008606,2046-07-24,Fashion,Laptop,33281.38,1,33281.38,Indore,3.6,UPI
ORD008607,2046-07-25,Electronics,Cricket Bat,37203.8,6,223222.8,Mumbai,4.8,Wallet
ORD008608,2046-07-26,Home & Kitchen,Mixer,30247.39,1,30247.39,Hyderabad,3.2,Cash on Delivery
ORD008609,2046-07-27,Sports,Smartphone,6031.77,3,18095.31,Chennai,4.9,Wallet
ORD008610,2046-07-28,Home & Kitchen,Cricket Bat,39612.82,5,198064.1,Mumbai,4.6,Credit Card
ORD008611,2046-07-29,Electronics,Cricket Bat,4436.1,5,22180.5,Hyderabad,3.8,Wallet
ORD008612,2046-07-30,Sports,Pressure Cooker,1489.64,2,2979.28,Hyderabad,3.2,Credit Card
ORD008613,2046-07-31,Home & Kitchen,Lipstick,38598.08,3,115794.24,Pune,3.0,Cash on Delivery
ORD008614,2046-08-01,Electronics,Jeans,27643.69,9,248793.21,Chennai,3.8,Credit Card
ORD008615,2046-08-02,Home & Kitchen,Football,35080.28,1,35080.28,Mumbai,4.4,Credit Card
ORD008616,2046-08-03,Fashion,Headphones,19445.99,1,19445.99,Delhi,4.0,Credit Card
ORD008617,2046-08-04,Electronics,Football,1049.08,2,2098.16,Delhi,4.5,Wallet
ORD008618,2046-08-05,Home & Kitchen,Face Cream,16885.26,8,135082.08,Indore,4.3,Cash on Delivery
ORD008619,2046-08-06,Fashion,Laptop,30602.69,6,183616.14,Mumbai,4.1,Wallet
ORD008620,2046-08-07,Fashion,Laptop,11672.3,4,46689.2,Hyderabad,4.9,UPI
ORD008621,2046-08-08,Electronics,Laptop,34546.31,7,241824.17,Ahmedabad,4.5,Wallet
ORD008622,2046-08-09,Beauty,T-shirt,39822.85,6,238937.1,Hyderabad,4.8,UPI
ORD008623,2046-08-10,Sports,Lipstick,22986.22,9,206875.98,Mumbai,3.5,Credit Card
ORD008624,2046-08-11,Electronics,Smartphone,43848.2,6,263089.2,Ahmedabad,4.4,UPI
ORD008625,2046-08-12,Fashion,Face Cream,42813.42,2,85626.84,Delhi,4.2,Credit Card
ORD008626,2046-08-13,Fashion,Laptop,43963.87,3,131891.61,Ahmedabad,4.8,Cash on Delivery
ORD008627,2046-08-14,Electronics,Pressure Cooker,33221.33,9,298991.97,Ahmedabad,4.0,Cash on Delivery
ORD008628,2046-08-15,Beauty,Laptop,15587.06,7,109109.42,Indore,3.6,Credit Card
ORD008629,2046-08-16,Sports,Football,24321.94,6,145931.64,Pune,3.8,Credit Card
ORD008630,2046-08-17,Home & Kitchen,Smartphone,35670.28,5,178351.4,Pune,3.4,Credit Card
ORD008631,2046-08-18,Electronics,T-shirt,10922.9,3,32768.7,Bangalore,3.4,UPI
ORD008632,2046-08-19,Sports,Pressure Cooker,37072.75,4,148291.0,Chennai,3.9,Cash on Delivery
ORD008633,2046-08-20,Sports,Cricket Bat,27630.39,1,27630.39,Mumbai,4.8,Credit Card
ORD008634,2046-08-21,Fashion,Smartphone,5252.86,5,26264.3,Indore,3.4,UPI
ORD008635,2046-08-22,Home & Kitchen,Cricket Bat,28085.67,7,196599.69,Bangalore,3.6,Credit Card
ORD008636,2046-08-23,Electronics,Mixer,3805.42,2,7610.84,Chennai,4.7,Cash on Delivery
ORD008637,2046-08-24,Fashion,Saree,1208.21,8,9665.68,Ahmedabad,3.7,Wallet
ORD008638,2046-08-25,Fashion,Laptop,44536.57,6,267219.42,Bangalore,4.9,Cash on Delivery
ORD008639,2046-08-26,Beauty,Smartphone,24750.85,3,74252.55,Bangalore,3.5,Wallet
ORD008640,2046-08-27,Sports,Saree,27392.84,2,54785.68,Chennai,3.9,Cash on Delivery
ORD008641,2046-08-28,Electronics,Headphones,14356.92,8,114855.36,Bangalore,3.2,Credit Card
ORD008642,2046-08-29,Electronics,Pressure Cooker,27365.86,4,109463.44,Delhi,5.0,Cash on Delivery
ORD008643,2046-08-30,Electronics,Lipstick,8859.0,7,62013.0,Indore,4.8,Credit Card
ORD008644,2046-08-31,Fashion,Mixer,37409.47,7,261866.29,Mumbai,4.6,UPI
ORD008645,2046-09-01,Beauty,Headphones,41255.78,9,371302.02,Pune,3.3,Wallet
ORD008646,2046-09-02,Home & Kitchen,Headphones,42865.85,8,342926.8,Indore,4.9,Wallet
ORD008647,2046-09-03,Fashion,Mixer,5779.31,8,46234.48,Pune,4.9,UPI
ORD008648,2046-09-04,Home & Kitchen,Football,28108.84,7,196761.88,Delhi,3.9,Wallet
ORD008649,2046-09-05,Beauty,Cricket Bat,40533.17,5,202665.85,Delhi,4.4,UPI
ORD008650,2046-09-06,Sports,Smartphone,6846.72,9,61620.48,Pune,5.0,Credit Card
ORD008651,2046-09-07,Electronics,Jeans,5426.36,7,37984.52,Chennai,3.8,Cash on Delivery
ORD008652,2046-09-08,Home & Kitchen,Laptop,40938.63,3,122815.89,Chennai,3.2,Wallet
ORD008653,2046-09-09,Fashion,Pressure Cooker,39938.43,6,239630.58,Chennai,4.7,Cash on Delivery
ORD008654,2046-09-10,Home & Kitchen,T-shirt,22710.31,3,68130.93,Bangalore,4.0,Credit Card
ORD008655,2046-09-11,Sports,Football,5930.7,6,35584.2,Bangalore,5.0,Wallet
ORD008656,2046-09-12,Electronics,Smartphone,26048.1,8,208384.8,Pune,4.1,UPI
ORD008657,2046-09-13,Home & Kitchen,Face Cream,20042.76,9,180384.84,Mumbai,3.1,UPI
ORD008658,2046-09-14,Sports,Face Cream,26168.1,2,52336.2,Bangalore,4.0,Wallet
ORD008659,2046-09-15,Fashion,Laptop,22274.81,6,133648.86,Mumbai,4.4,Credit Card
ORD008660,2046-09-16,Beauty,Smartphone,28641.46,3,85924.38,Delhi,3.1,Cash on Delivery
ORD008661,2046-09-17,Fashion,Headphones,36492.92,7,255450.44,Mumbai,3.8,Cash on Delivery
ORD008662,2046-09-18,Electronics,Jeans,38855.57,4,155422.28,Mumbai,3.3,Cash on Delivery
ORD008663,2046-09-19,Fashion,T-shirt,32624.62,5,163123.1,Ahmedabad,4.3,Wallet
ORD008664,2046-09-20,Fashion,Smartphone,10347.56,6,62085.36,Ahmedabad,4.9,Cash on Delivery
ORD008665,2046-09-21,Fashion,Laptop,20157.59,8,161260.72,Chennai,4.2,UPI
ORD008666,2046-09-22,Fashion,T-shirt,4025.59,2,8051.18,Ahmedabad,4.4,Cash on Delivery
ORD008667,2046-09-23,Electronics,T-shirt,22857.85,4,91431.4,Bangalore,3.8,Credit Card
ORD008668,2046-09-24,Sports,Lipstick,48531.8,4,194127.2,Hyderabad,4.1,Cash on Delivery
ORD008669,2046-09-25,Home & Kitchen,Pressure Cooker,32265.67,6,193594.02,Ahmedabad,4.1,UPI
ORD008670,2046-09-26,Beauty,Headphones,8153.32,4,32613.28,Hyderabad,4.5,Cash on Delivery
ORD008671,2046-09-27,Home & Kitchen,Lipstick,13794.59,5,68972.95,Chennai,4.7,Cash on Delivery
ORD008672,2046-09-28,Home & Kitchen,Laptop,3696.4,5,18482.0,Indore,4.3,Wallet
ORD008673,2046-09-29,Beauty,Laptop,9529.49,8,76235.92,Indore,5.0,Credit Card
ORD008674,2046-09-30,Electronics,Cricket Bat,24648.16,4,98592.64,Indore,4.7,Cash on Delivery
ORD008675,2046-10-01,Beauty,Smartphone,17570.39,6,105422.34,Delhi,3.2,Cash on Delivery
ORD008676,2046-10-02,Electronics,Smartphone,10596.13,7,74172.91,Delhi,4.0,Wallet
ORD008677,2046-10-03,Home & Kitchen,Cricket Bat,7756.62,8,62052.96,Delhi,4.8,Credit Card
ORD008678,2046-10-04,Electronics,Saree,32975.52,9,296779.68,Mumbai,4.9,Credit Card
ORD008679,2046-10-05,Sports,Mixer,28126.07,8,225008.56,Pune,3.8,Wallet
ORD008680,2046-10-06,Beauty,Face Cream,42210.7,4,168842.8,Bangalore,4.5,Credit Card
ORD008681,2046-10-07,Sports,Smartphone,9571.02,4,38284.08,Delhi,3.8,Credit Card
ORD008682,2046-10-08,Home & Kitchen,Mixer,42475.28,5,212376.4,Hyderabad,3.2,UPI
ORD008683,2046-10-09,Beauty,Face Cream,29106.6,3,87319.8,Ahmedabad,4.8,Cash on Delivery
ORD008684,2046-10-10,Home & Kitchen,Smartphone,13678.05,2,27356.1,Mumbai,4.9,Cash on Delivery
ORD008685,2046-10-11,Sports,Pressure Cooker,14040.88,2,28081.76,Delhi,4.0,UPI
ORD008686,2046-10-12,Home & Kitchen,Football,19823.83,9,178414.47,Delhi,3.0,Credit Card
ORD008687,2046-10-13,Beauty,Saree,23276.3,8,186210.4,Ahmedabad,4.6,Cash on Delivery
ORD008688,2046-10-14,Beauty,Jeans,4584.0,6,27504.0,Indore,4.0,Credit Card
ORD008689,2046-10-15,Home & Kitchen,Saree,42178.96,9,379610.64,Indore,3.2,Credit Card
ORD008690,2046-10-16,Beauty,Laptop,6516.28,5,32581.4,Ahmedabad,3.4,Wallet
ORD008691,2046-10-17,Beauty,Cricket Bat,24431.26,1,24431.26,Bangalore,3.3,UPI
ORD008692,2046-10-18,Home & Kitchen,Football,19456.93,8,155655.44,Bangalore,4.4,Wallet
ORD008693,2046-10-19,Sports,Laptop,25858.21,3,77574.63,Mumbai,3.6,UPI
ORD008694,2046-10-20,Beauty,Football,44430.38,9,399873.42,Hyderabad,3.3,Credit Card
ORD008695,2046-10-21,Beauty,Jeans,49459.87,1,49459.87,Chennai,4.8,Cash on Delivery
ORD008696,2046-10-22,Beauty,Lipstick,1503.43,3,4510.29,Indore,4.9,Credit Card
ORD008697,2046-10-23,Beauty,Laptop,19965.35,1,19965.35,Hyderabad,3.3,Cash on Delivery
ORD008698,2046-10-24,Home & Kitchen,Laptop,40971.72,1,40971.72,Pune,3.5,Credit Card
ORD008699,2046-10-25,Sports,Laptop,16666.84,6,100001.04,Indore,4.2,Credit Card
ORD008700,2046-10-26,Sports,T-shirt,32627.29,4,130509.16,Bangalore,3.3,Cash on Delivery
ORD008701,2046-10-27,Electronics,Mixer,49616.83,4,198467.32,Bangalore,3.3,Wallet
ORD008702,2046-10-28,Beauty,Saree,32515.18,5,162575.9,Chennai,3.7,UPI
ORD008703,2046-10-29,Beauty,Lipstick,6003.97,3,18011.91,Ahmedabad,4.9,UPI
ORD008704,2046-10-30,Electronics,Football,42225.13,2,84450.26,Hyderabad,4.9,Credit Card
ORD008705,2046-10-31,Sports,Saree,48349.54,8,386796.32,Hyderabad,4.7,Cash on Delivery
ORD008706,2046-11-01,Fashion,Pressure Cooker,35769.17,7,250384.19,Chennai,4.4,UPI
ORD008707,2046-11-02,Fashion,Mixer,21243.87,4,84975.48,Bangalore,4.4,Cash on Delivery
ORD008708,2046-11-03,Sports,Face Cream,47445.81,2,94891.62,Mumbai,3.9,Wallet
ORD008709,2046-11-04,Beauty,Lipstick,48444.31,9,435998.79,Hyderabad,4.1,Wallet
ORD008710,2046-11-05,Fashion,Pressure Cooker,46788.28,8,374306.24,Delhi,4.3,UPI
ORD008711,2046-11-06,Home & Kitchen,Football,20885.04,4,83540.16,Ahmedabad,4.5,Cash on Delivery
ORD008712,2046-11-07,Home & Kitchen,Headphones,39590.53,5,197952.65,Hyderabad,3.2,Credit Card
ORD008713,2046-11-08,Electronics,T-shirt,32881.88,6,197291.28,Pune,3.4,Wallet
ORD008714,2046-11-09,Sports,Laptop,9395.48,4,37581.92,Hyderabad,4.9,Cash on Delivery
ORD008715,2046-11-10,Sports,T-shirt,27007.99,2,54015.98,Ahmedabad,3.7,Credit Card
ORD008716,2046-11-11,Fashion,Saree,37510.7,5,187553.5,Pune,3.5,UPI
ORD008717,2046-11-12,Beauty,Lipstick,44847.66,1,44847.66,Ahmedabad,3.8,Cash on Delivery
ORD008718,2046-11-13,Sports,Pressure Cooker,43198.62,7,302390.34,Hyderabad,3.6,Wallet
ORD008719,2046-11-14,Fashion,Football,8155.6,9,73400.4,Bangalore,3.2,UPI
ORD008720,2046-11-15,Fashion,Jeans,24657.65,3,73972.95,Delhi,3.4,UPI
ORD008721,2046-11-16,Sports,Pressure Cooker,24174.3,6,145045.8,Pune,4.3,Credit Card
ORD008722,2046-11-17,Fashion,T-shirt,44987.48,9,404887.32,Hyderabad,3.4,Wallet
ORD008723,2046-11-18,Electronics,Laptop,595.9,4,2383.6,Mumbai,4.3,Wallet
ORD008724,2046-11-19,Electronics,Jeans,37066.32,6,222397.92,Indore,3.2,Cash on Delivery
ORD008725,2046-11-20,Sports,Saree,31122.76,3,93368.28,Pune,3.1,Credit Card
ORD008726,2046-11-21,Beauty,Jeans,46117.79,9,415060.11,Indore,4.7,Cash on Delivery
ORD008727,2046-11-22,Electronics,Football,23117.41,7,161821.87,Delhi,4.5,UPI
ORD008728,2046-11-23,Electronics,Mixer,33054.78,7,231383.46,Chennai,4.3,UPI
ORD008729,2046-11-24,Sports,Headphones,48650.98,4,194603.92,Mumbai,3.1,Cash on Delivery
ORD008730,2046-11-25,Home & Kitchen,Laptop,37323.24,6,223939.44,Chennai,3.5,Wallet
ORD008731,2046-11-26,Fashion,Football,3835.51,8,30684.08,Hyderabad,4.6,Wallet
ORD008732,2046-11-27,Electronics,Face Cream,8792.91,6,52757.46,Pune,3.3,UPI
ORD008733,2046-11-28,Home & Kitchen,T-shirt,41161.83,6,246970.98,Ahmedabad,4.6,UPI
ORD008734,2046-11-29,Beauty,Lipstick,17072.38,4,68289.52,Bangalore,4.2,Credit Card
ORD008735,2046-11-30,Home & Kitchen,Football,35442.95,8,283543.6,Hyderabad,4.5,UPI
ORD008736,2046-12-01,Sports,Cricket Bat,35141.27,8,281130.16,Hyderabad,4.3,UPI
ORD008737,2046-12-02,Beauty,Jeans,49688.18,9,447193.62,Chennai,3.8,UPI
ORD008738,2046-12-03,Beauty,Smartphone,23758.7,6,142552.2,Hyderabad,3.6,Cash on Delivery
ORD008739,2046-12-04,Home & Kitchen,Cricket Bat,37022.7,2,74045.4,Mumbai,4.3,UPI
ORD008740,2046-12-05,Sports,Football,2913.27,4,11653.08,Bangalore,4.6,Credit Card
ORD008741,2046-12-06,Electronics,Saree,23398.26,4,93593.04,Chennai,3.1,Credit Card
ORD008742,2046-12-07,Home & Kitchen,Smartphone,9740.74,8,77925.92,Delhi,3.8,Credit Card
ORD008743,2046-12-08,Electronics,Smartphone,42108.29,5,210541.45,Indore,3.7,Credit Card
ORD008744,2046-12-09,Home & Kitchen,Smartphone,42075.46,4,168301.84,Hyderabad,4.1,UPI
ORD008745,2046-12-10,Electronics,Pressure Cooker,12200.04,8,97600.32,Indore,3.2,Credit Card
ORD008746,2046-12-11,Home & Kitchen,Cricket Bat,16255.12,3,48765.36,Pune,4.9,Cash on Delivery
ORD008747,2046-12-12,Beauty,Face Cream,35272.65,2,70545.3,Ahmedabad,4.1,Cash on Delivery
ORD008748,2046-12-13,Fashion,Saree,37044.16,4,148176.64,Chennai,4.8,Wallet
ORD008749,2046-12-14,Beauty,T-shirt,33052.76,1,33052.76,Ahmedabad,4.6,Wallet
ORD008750,2046-12-15,Electronics,Headphones,49836.38,1,49836.38,Ahmedabad,3.4,UPI
ORD008751,2046-12-16,Sports,Saree,43499.82,5,217499.1,Indore,3.3,Wallet
ORD008752,2046-12-17,Beauty,T-shirt,21144.41,1,21144.41,Hyderabad,4.7,Cash on Delivery
ORD008753,2046-12-18,Fashion,Football,16685.35,4,66741.4,Pune,4.1,Cash on Delivery
ORD008754,2046-12-19,Electronics,Football,30044.06,8,240352.48,Hyderabad,3.0,UPI
ORD008755,2046-12-20,Beauty,T-shirt,40973.0,8,327784.0,Chennai,4.9,Wallet
ORD008756,2046-12-21,Home & Kitchen,Smartphone,24029.5,2,48059.0,Mumbai,3.9,UPI
ORD008757,2046-12-22,Sports,Laptop,37015.78,3,111047.34,Delhi,3.6,Credit Card
ORD008758,2046-12-23,Electronics,Cricket Bat,1448.42,3,4345.26,Hyderabad,4.0,Credit Card
ORD008759,2046-12-24,Beauty,T-shirt,46329.09,1,46329.09,Mumbai,4.6,Wallet
ORD008760,2046-12-25,Electronics,Cricket Bat,38804.82,3,116414.46,Hyderabad,3.2,UPI
ORD008761,2046-12-26,Home & Kitchen,Mixer,20012.41,8,160099.28,Hyderabad,3.7,Cash on Delivery
ORD008762,2046-12-27,Fashion,Pressure Cooker,19508.61,6,117051.66,Mumbai,3.6,UPI
ORD008763,2046-12-28,Beauty,Headphones,5592.9,5,27964.5,Hyderabad,4.7,Credit Card
ORD008764,2046-12-29,Electronics,Mixer,40899.61,9,368096.49,Delhi,4.6,UPI
ORD008765,2046-12-30,Electronics,T-shirt,38547.16,7,269830.12,Indore,3.8,UPI
ORD008766,2046-12-31,Electronics,Saree,31697.36,6,190184.16,Chennai,4.3,Wallet
ORD008767,2047-01-01,Fashion,Cricket Bat,5522.1,5,27610.5,Pune,3.8,Cash on Delivery
ORD008768,2047-01-02,Electronics,Mixer,13485.9,5,67429.5,Pune,4.1,UPI
ORD008769,2047-01-03,Sports,Cricket Bat,23216.27,9,208946.43,Ahmedabad,5.0,Credit Card
ORD008770,2047-01-04,Sports,Face Cream,13665.61,6,81993.66,Indore,4.1,UPI
ORD008771,2047-01-05,Electronics,Pressure Cooker,21981.71,4,87926.84,Mumbai,5.0,Cash on Delivery
ORD008772,2047-01-06,Sports,Saree,11684.9,4,46739.6,Indore,4.5,UPI
ORD008773,2047-01-07,Beauty,Mixer,17805.22,4,71220.88,Bangalore,3.2,Cash on Delivery
ORD008774,2047-01-08,Sports,Cricket Bat,32788.7,6,196732.2,Pune,4.6,UPI
ORD008775,2047-01-09,Electronics,Face Cream,44671.87,1,44671.87,Hyderabad,3.3,Wallet
ORD008776,2047-01-10,Home & Kitchen,Saree,19559.02,9,176031.18,Chennai,4.1,Cash on Delivery
ORD008777,2047-01-11,Beauty,Smartphone,34749.46,2,69498.92,Ahmedabad,4.2,UPI
ORD008778,2047-01-12,Fashion,Jeans,7172.26,2,14344.52,Delhi,4.8,UPI
ORD008779,2047-01-13,Electronics,Smartphone,27270.49,5,136352.45,Delhi,3.4,UPI
ORD008780,2047-01-14,Fashion,Headphones,46124.36,4,184497.44,Bangalore,4.8,UPI
ORD008781,2047-01-15,Home & Kitchen,T-shirt,1882.82,3,5648.46,Ahmedabad,4.9,UPI
ORD008782,2047-01-16,Fashion,Laptop,13744.09,5,68720.45,Indore,3.2,Credit Card
ORD008783,2047-01-17,Electronics,Jeans,7058.43,7,49409.01,Delhi,4.8,Wallet
ORD008784,2047-01-18,Electronics,Face Cream,26889.51,2,53779.02,Indore,3.5,Credit Card
ORD008785,2047-01-19,Home & Kitchen,T-shirt,34142.3,6,204853.8,Chennai,3.2,UPI
ORD008786,2047-01-20,Electronics,Face Cream,3360.07,4,13440.28,Bangalore,4.9,Cash on Delivery
ORD008787,2047-01-21,Home & Kitchen,Mixer,3979.08,2,7958.16,Ahmedabad,3.8,Cash on Delivery
ORD008788,2047-01-22,Home & Kitchen,Headphones,43546.65,1,43546.65,Indore,4.2,Credit Card
ORD008789,2047-01-23,Electronics,Pressure Cooker,23083.54,8,184668.32,Mumbai,4.1,Credit Card
ORD008790,2047-01-24,Sports,Headphones,23416.1,5,117080.5,Indore,3.4,Credit Card
ORD008791,2047-01-25,Home & Kitchen,Face Cream,47256.73,2,94513.46,Indore,4.3,Wallet
ORD008792,2047-01-26,Electronics,Cricket Bat,16350.38,8,130803.04,Bangalore,3.1,Wallet
ORD008793,2047-01-27,Sports,Headphones,44902.67,3,134708.01,Mumbai,3.4,Cash on Delivery
ORD008794,2047-01-28,Home & Kitchen,Mixer,48725.61,7,341079.27,Delhi,4.9,Credit Card
ORD008795,2047-01-29,Sports,Pressure Cooker,12463.86,2,24927.72,Pune,4.9,Wallet
ORD008796,2047-01-30,Beauty,Pressure Cooker,25944.92,7,181614.44,Chennai,4.0,Credit Card
ORD008797,2047-01-31,Beauty,Face Cream,26950.63,4,107802.52,Indore,3.3,Credit Card
ORD008798,2047-02-01,Sports,Football,43375.32,1,43375.32,Hyderabad,3.8,Wallet
ORD008799,2047-02-02,Home & Kitchen,Face Cream,15543.45,5,77717.25,Bangalore,4.8,UPI
ORD008800,2047-02-03,Electronics,Lipstick,40003.1,4,160012.4,Delhi,3.1,UPI
ORD008801,2047-02-04,Fashion,Headphones,48564.87,8,388518.96,Indore,3.3,Credit Card
ORD008802,2047-02-05,Electronics,Smartphone,42096.66,1,42096.66,Chennai,4.8,Cash on Delivery
ORD008803,2047-02-06,Fashion,Lipstick,45502.44,2,91004.88,Hyderabad,3.8,Wallet
ORD008804,2047-02-07,Fashion,Lipstick,35563.54,5,177817.7,Bangalore,3.2,UPI
ORD008805,2047-02-08,Home & Kitchen,Face Cream,45245.81,2,90491.62,Chennai,3.3,Wallet
ORD008806,2047-02-09,Sports,Mixer,8660.11,1,8660.11,Delhi,4.8,Wallet
ORD008807,2047-02-10,Electronics,Jeans,35761.89,6,214571.34,Pune,4.0,Credit Card
ORD008808,2047-02-11,Sports,Smartphone,36727.93,4,146911.72,Indore,3.3,UPI
ORD008809,2047-02-12,Beauty,Face Cream,22239.46,5,111197.3,Indore,4.8,Wallet
ORD008810,2047-02-13,Home & Kitchen,Pressure Cooker,4447.05,3,13341.15,Ahmedabad,4.7,Cash on Delivery
ORD008811,2047-02-14,Home & Kitchen,Face Cream,31310.97,6,187865.82,Indore,3.0,Credit Card
ORD008812,2047-02-15,Beauty,Headphones,3068.1,4,12272.4,Bangalore,4.2,Credit Card
ORD008813,2047-02-16,Electronics,Lipstick,19428.92,6,116573.52,Indore,3.5,UPI
ORD008814,2047-02-17,Beauty,T-shirt,19986.68,5,99933.4,Bangalore,4.1,Credit Card
ORD008815,2047-02-18,Electronics,Football,49946.66,2,99893.32,Ahmedabad,3.6,UPI
ORD008816,2047-02-19,Fashion,T-shirt,15340.2,4,61360.8,Indore,3.6,Wallet
ORD008817,2047-02-20,Home & Kitchen,Football,41112.47,2,82224.94,Mumbai,4.2,Cash on Delivery
ORD008818,2047-02-21,Electronics,Lipstick,3132.0,5,15660.0,Pune,4.1,UPI
ORD008819,2047-02-22,Sports,Football,26723.42,3,80170.26,Indore,3.8,Wallet
ORD008820,2047-02-23,Sports,Cricket Bat,27066.24,6,162397.44,Mumbai,3.2,Wallet
ORD008821,2047-02-24,Home & Kitchen,Headphones,31623.12,5,158115.6,Bangalore,4.9,Wallet
ORD008822,2047-02-25,Beauty,Mixer,40595.26,2,81190.52,Chennai,3.3,Credit Card
ORD008823,2047-02-26,Beauty,Pressure Cooker,38215.21,8,305721.68,Delhi,4.3,Cash on Delivery
ORD008824,2047-02-27,Electronics,Lipstick,38169.9,6,229019.4,Hyderabad,3.2,Cash on Delivery
ORD008825,2047-02-28,Beauty,Football,21898.55,9,197086.95,Ahmedabad,4.4,Cash on Delivery
ORD008826,2047-03-01,Home & Kitchen,Smartphone,36509.84,3,109529.52,Mumbai,3.2,UPI
ORD008827,2047-03-02,Electronics,Lipstick,24820.13,4,99280.52,Delhi,3.5,Cash on Delivery
ORD008828,2047-03-03,Fashion,Saree,3814.08,8,30512.64,Indore,4.3,Wallet
ORD008829,2047-03-04,Beauty,Pressure Cooker,44564.0,7,311948.0,Bangalore,3.6,Credit Card
ORD008830,2047-03-05,Beauty,Jeans,44563.08,8,356504.64,Delhi,4.1,Cash on Delivery
ORD008831,2047-03-06,Electronics,Pressure Cooker,16482.5,9,148342.5,Ahmedabad,3.2,Wallet
ORD008832,2047-03-07,Sports,Smartphone,45738.18,8,365905.44,Delhi,3.4,Cash on Delivery
ORD008833,2047-03-08,Beauty,Face Cream,38020.21,8,304161.68,Pune,4.5,UPI
ORD008834,2047-03-09,Home & Kitchen,Saree,20339.66,6,122037.96,Pune,3.1,Wallet
ORD008835,2047-03-10,Beauty,Jeans,16909.53,2,33819.06,Indore,3.2,UPI
ORD008836,2047-03-11,Fashion,Laptop,48769.56,7,341386.92,Delhi,3.4,Credit Card
ORD008837,2047-03-12,Beauty,Smartphone,35775.03,4,143100.12,Bangalore,3.0,Credit Card
ORD008838,2047-03-13,Sports,T-shirt,19251.09,3,57753.27,Pune,3.2,UPI
ORD008839,2047-03-14,Beauty,Cricket Bat,32278.2,4,129112.8,Mumbai,3.6,Cash on Delivery
ORD008840,2047-03-15,Electronics,Face Cream,28790.55,4,115162.2,Ahmedabad,3.2,UPI
ORD008841,2047-03-16,Beauty,Pressure Cooker,26464.73,3,79394.19,Hyderabad,4.7,Wallet
ORD008842,2047-03-17,Sports,Laptop,32412.74,9,291714.66,Chennai,3.1,UPI
ORD008843,2047-03-18,Electronics,Saree,27112.5,3,81337.5,Mumbai,4.7,UPI
ORD008844,2047-03-19,Home & Kitchen,Football,32912.12,2,65824.24,Hyderabad,4.6,Credit Card
ORD008845,2047-03-20,Electronics,Face Cream,45424.64,1,45424.64,Bangalore,3.2,Wallet
ORD008846,2047-03-21,Fashion,Laptop,49666.62,1,49666.62,Hyderabad,3.1,Credit Card
ORD008847,2047-03-22,Electronics,Mixer,35609.7,5,178048.5,Bangalore,3.1,Wallet
ORD008848,2047-03-23,Home & Kitchen,Headphones,46427.13,5,232135.65,Hyderabad,4.2,Credit Card
ORD008849,2047-03-24,Beauty,Football,42991.31,9,386921.79,Pune,4.3,Credit Card
ORD008850,2047-03-25,Electronics,Pressure Cooker,15104.35,4,60417.4,Ahmedabad,4.2,Cash on Delivery
ORD008851,2047-03-26,Electronics,Headphones,46678.95,5,233394.75,Mumbai,4.1,Credit Card
ORD008852,2047-03-27,Electronics,T-shirt,4005.05,6,24030.3,Indore,3.3,Credit Card
ORD008853,2047-03-28,Electronics,Laptop,16831.13,7,117817.91,Indore,4.7,Cash on Delivery
ORD008854,2047-03-29,Home & Kitchen,Saree,32177.27,9,289595.43,Indore,3.7,Wallet
ORD008855,2047-03-30,Sports,T-shirt,26582.31,6,159493.86,Bangalore,5.0,Cash on Delivery
ORD008856,2047-03-31,Sports,Headphones,27349.41,1,27349.41,Delhi,3.8,UPI
ORD008857,2047-04-01,Electronics,Laptop,39846.97,8,318775.76,Ahmedabad,3.5,Cash on Delivery
ORD008858,2047-04-02,Home & Kitchen,T-shirt,10137.83,2,20275.66,Indore,4.8,Cash on Delivery
ORD008859,2047-04-03,Home & Kitchen,Smartphone,49112.74,9,442014.66,Bangalore,4.1,Credit Card
ORD008860,2047-04-04,Electronics,Face Cream,22154.18,7,155079.26,Pune,4.4,Credit Card
ORD008861,2047-04-05,Fashion,Lipstick,47517.24,7,332620.68,Bangalore,3.8,Credit Card
ORD008862,2047-04-06,Electronics,Cricket Bat,19464.24,5,97321.2,Hyderabad,4.8,Wallet
ORD008863,2047-04-07,Fashion,Jeans,30288.44,8,242307.52,Bangalore,4.8,Credit Card
ORD008864,2047-04-08,Electronics,Smartphone,22790.42,1,22790.42,Hyderabad,3.9,Cash on Delivery
ORD008865,2047-04-09,Fashion,T-shirt,33958.79,3,101876.37,Pune,3.5,Wallet
ORD008866,2047-04-10,Fashion,Saree,9589.42,9,86304.78,Mumbai,4.3,Credit Card
ORD008867,2047-04-11,Electronics,Mixer,20331.11,1,20331.11,Bangalore,4.9,Wallet
ORD008868,2047-04-12,Fashion,Lipstick,3884.87,8,31078.96,Delhi,4.2,Credit Card
ORD008869,2047-04-13,Beauty,Jeans,30106.02,6,180636.12,Delhi,4.9,UPI
ORD008870,2047-04-14,Sports,Smartphone,48152.74,5,240763.7,Mumbai,3.7,Cash on Delivery
ORD008871,2047-04-15,Home & Kitchen,Mixer,2772.37,6,16634.22,Pune,4.8,Cash on Delivery
ORD008872,2047-04-16,Fashion,Mixer,33151.69,5,165758.45,Indore,3.2,Cash on Delivery
ORD008873,2047-04-17,Fashion,Mixer,38867.35,9,349806.15,Delhi,3.7,UPI
ORD008874,2047-04-18,Home & Kitchen,Lipstick,11048.87,2,22097.74,Ahmedabad,4.0,Cash on Delivery
ORD008875,2047-04-19,Fashion,Face Cream,14017.18,6,84103.08,Hyderabad,4.3,Cash on Delivery
ORD008876,2047-04-20,Home & Kitchen,Laptop,10478.26,4,41913.04,Bangalore,3.6,Wallet
ORD008877,2047-04-21,Electronics,Smartphone,15221.93,3,45665.79,Chennai,4.8,Wallet
ORD008878,2047-04-22,Beauty,Laptop,5949.09,5,29745.45,Pune,4.8,Credit Card
ORD008879,2047-04-23,Beauty,Pressure Cooker,18832.22,2,37664.44,Ahmedabad,4.6,Cash on Delivery
ORD008880,2047-04-24,Sports,Lipstick,18762.0,3,56286.0,Ahmedabad,3.2,Credit Card
ORD008881,2047-04-25,Fashion,Mixer,40459.74,7,283218.18,Bangalore,3.2,Wallet
ORD008882,2047-04-26,Sports,Mixer,40147.44,1,40147.44,Pune,4.0,UPI
ORD008883,2047-04-27,Electronics,Football,39937.81,2,79875.62,Pune,4.5,Wallet
ORD008884,2047-04-28,Beauty,Football,28568.28,3,85704.84,Bangalore,3.2,Credit Card
ORD008885,2047-04-29,Electronics,Lipstick,16631.09,7,116417.63,Chennai,4.3,UPI
ORD008886,2047-04-30,Electronics,Pressure Cooker,20842.74,4,83370.96,Indore,4.1,UPI
ORD008887,2047-05-01,Fashion,Cricket Bat,16228.3,8,129826.4,Pune,4.5,UPI
ORD008888,2047-05-02,Electronics,Saree,29305.43,8,234443.44,Delhi,3.9,Credit Card
ORD008889,2047-05-03,Beauty,Cricket Bat,46929.97,1,46929.97,Ahmedabad,4.4,UPI
ORD008890,2047-05-04,Sports,Laptop,14582.59,5,72912.95,Delhi,3.3,Wallet
ORD008891,2047-05-05,Beauty,Lipstick,23213.16,1,23213.16,Bangalore,3.4,Wallet
ORD008892,2047-05-06,Fashion,Saree,32928.29,7,230498.03,Delhi,4.8,Credit Card
ORD008893,2047-05-07,Beauty,Cricket Bat,42312.4,4,169249.6,Pune,3.7,Wallet
ORD008894,2047-05-08,Home & Kitchen,Laptop,13040.03,8,104320.24,Pune,5.0,Credit Card
ORD008895,2047-05-09,Sports,T-shirt,14374.35,8,114994.8,Hyderabad,3.1,Credit Card
ORD008896,2047-05-10,Home & Kitchen,Headphones,44315.69,9,398841.21,Pune,4.0,UPI
ORD008897,2047-05-11,Home & Kitchen,Face Cream,4472.78,6,26836.68,Hyderabad,3.6,Credit Card
ORD008898,2047-05-12,Fashion,Saree,30469.66,7,213287.62,Chennai,5.0,Wallet
ORD008899,2047-05-13,Electronics,Jeans,43092.54,7,301647.78,Pune,5.0,Credit Card
ORD008900,2047-05-14,Home & Kitchen,Saree,46126.27,5,230631.35,Ahmedabad,3.5,UPI
ORD008901,2047-05-15,Beauty,Laptop,1128.02,7,7896.14,Ahmedabad,3.5,Credit Card
ORD008902,2047-05-16,Electronics,Face Cream,18798.47,9,169186.23,Bangalore,4.5,UPI
ORD008903,2047-05-17,Beauty,Mixer,13234.61,4,52938.44,Indore,4.8,UPI
ORD008904,2047-05-18,Beauty,Face Cream,28617.61,2,57235.22,Hyderabad,4.3,UPI
ORD008905,2047-05-19,Electronics,Laptop,31826.68,8,254613.44,Mumbai,4.7,Credit Card
ORD008906,2047-05-20,Electronics,Face Cream,49988.84,7,349921.88,Delhi,3.1,Credit Card
ORD008907,2047-05-21,Beauty,Smartphone,25881.74,6,155290.44,Indore,4.3,Cash on Delivery
ORD008908,2047-05-22,Fashion,Mixer,27797.61,7,194583.27,Bangalore,4.4,Cash on Delivery
ORD008909,2047-05-23,Sports,Laptop,21008.52,3,63025.56,Hyderabad,3.4,Cash on Delivery
ORD008910,2047-05-24,Sports,Cricket Bat,7810.02,6,46860.12,Chennai,4.6,UPI
ORD008911,2047-05-25,Fashion,Headphones,15514.57,7,108601.99,Hyderabad,4.9,Wallet
ORD008912,2047-05-26,Electronics,Laptop,12725.75,7,89080.25,Mumbai,4.8,Cash on Delivery
ORD008913,2047-05-27,Beauty,Cricket Bat,40160.37,5,200801.85,Hyderabad,3.5,Credit Card
ORD008914,2047-05-28,Sports,Jeans,27517.91,3,82553.73,Bangalore,3.6,UPI
ORD008915,2047-05-29,Beauty,Smartphone,15161.58,2,30323.16,Chennai,4.0,UPI
ORD008916,2047-05-30,Fashion,Face Cream,24710.1,7,172970.7,Pune,3.3,Credit Card
ORD008917,2047-05-31,Beauty,T-shirt,11333.81,4,45335.24,Ahmedabad,4.9,Cash on Delivery
ORD008918,2047-06-01,Fashion,Face Cream,9663.79,2,19327.58,Chennai,3.3,Cash on Delivery
ORD008919,2047-06-02,Electronics,Football,43067.14,8,344537.12,Mumbai,4.5,Wallet
ORD008920,2047-06-03,Fashion,Smartphone,47268.14,2,94536.28,Ahmedabad,3.7,Credit Card
ORD008921,2047-06-04,Fashion,Mixer,4460.72,6,26764.32,Bangalore,4.1,Credit Card
ORD008922,2047-06-05,Sports,Headphones,38361.69,4,153446.76,Mumbai,3.1,Cash on Delivery
ORD008923,2047-06-06,Beauty,Smartphone,22938.92,9,206450.28,Mumbai,3.4,Wallet
ORD008924,2047-06-07,Sports,Saree,19754.1,5,98770.5,Mumbai,3.9,Wallet
ORD008925,2047-06-08,Home & Kitchen,T-shirt,34625.86,4,138503.44,Hyderabad,4.4,Credit Card
ORD008926,2047-06-09,Fashion,Mixer,13679.56,8,109436.48,Delhi,4.6,Cash on Delivery
ORD008927,2047-06-10,Home & Kitchen,Saree,1518.77,3,4556.31,Hyderabad,3.1,Credit Card
ORD008928,2047-06-11,Sports,Mixer,11093.14,9,99838.26,Bangalore,3.3,Cash on Delivery
ORD008929,2047-06-12,Beauty,Saree,9653.79,8,77230.32,Indore,4.5,Credit Card
ORD008930,2047-06-13,Sports,Pressure Cooker,2185.44,8,17483.52,Mumbai,4.6,UPI
ORD008931,2047-06-14,Beauty,Headphones,16405.11,5,82025.55,Mumbai,3.5,UPI
ORD008932,2047-06-15,Beauty,Cricket Bat,23988.67,1,23988.67,Delhi,3.5,Wallet
ORD008933,2047-06-16,Electronics,Face Cream,36923.52,9,332311.68,Chennai,3.2,UPI
ORD008934,2047-06-17,Fashion,Smartphone,16620.24,2,33240.48,Mumbai,3.3,Credit Card
ORD008935,2047-06-18,Sports,Jeans,10129.74,1,10129.74,Ahmedabad,3.0,Cash on Delivery
ORD008936,2047-06-19,Beauty,Saree,11915.68,6,71494.08,Hyderabad,4.2,Cash on Delivery
ORD008937,2047-06-20,Sports,Pressure Cooker,44613.27,1,44613.27,Pune,4.8,Cash on Delivery
ORD008938,2047-06-21,Sports,Headphones,10633.66,7,74435.62,Mumbai,3.3,UPI
ORD008939,2047-06-22,Beauty,Jeans,44022.41,7,308156.87,Bangalore,4.5,UPI
ORD008940,2047-06-23,Home & Kitchen,Football,22631.4,1,22631.4,Pune,4.1,Cash on Delivery
ORD008941,2047-06-24,Fashion,Smartphone,46752.82,5,233764.1,Delhi,4.9,Credit Card
ORD008942,2047-06-25,Fashion,Pressure Cooker,20700.56,3,62101.68,Indore,4.6,Credit Card
ORD008943,2047-06-26,Electronics,Jeans,9295.31,2,18590.62,Chennai,4.7,Wallet
ORD008944,2047-06-27,Electronics,T-shirt,27676.98,5,138384.9,Indore,4.3,Cash on Delivery
ORD008945,2047-06-28,Electronics,Lipstick,29591.48,5,147957.4,Bangalore,4.6,Cash on Delivery
ORD008946,2047-06-29,Fashion,Face Cream,31956.72,2,63913.44,Hyderabad,3.7,Credit Card
ORD008947,2047-06-30,Home & Kitchen,Mixer,20869.09,6,125214.54,Indore,3.4,Cash on Delivery
ORD008948,2047-07-01,Fashion,Mixer,2905.77,7,20340.39,Bangalore,4.8,Wallet
ORD008949,2047-07-02,Fashion,Laptop,31522.64,1,31522.64,Indore,4.5,Credit Card
ORD008950,2047-07-03,Fashion,Football,46684.99,3,140054.97,Mumbai,3.2,Credit Card
ORD008951,2047-07-04,Fashion,T-shirt,47899.15,4,191596.6,Delhi,4.7,UPI
ORD008952,2047-07-05,Home & Kitchen,Face Cream,30045.83,2,60091.66,Ahmedabad,3.7,Wallet
ORD008953,2047-07-06,Electronics,Lipstick,1484.41,5,7422.05,Mumbai,3.6,UPI
ORD008954,2047-07-07,Sports,Laptop,5748.9,4,22995.6,Delhi,4.2,Wallet
ORD008955,2047-07-08,Electronics,Jeans,41782.53,2,83565.06,Hyderabad,4.1,UPI
ORD008956,2047-07-09,Electronics,Laptop,41572.35,1,41572.35,Bangalore,4.1,Cash on Delivery
ORD008957,2047-07-10,Sports,Saree,47327.77,8,378622.16,Indore,3.5,Credit Card
ORD008958,2047-07-11,Fashion,T-shirt,28406.83,2,56813.66,Delhi,4.9,Cash on Delivery
ORD008959,2047-07-12,Home & Kitchen,Pressure Cooker,43258.91,4,173035.64,Bangalore,4.9,Cash on Delivery
ORD008960,2047-07-13,Home & Kitchen,Pressure Cooker,41331.9,5,206659.5,Pune,3.0,Wallet
ORD008961,2047-07-14,Electronics,Lipstick,29676.33,2,59352.66,Indore,3.7,Wallet
ORD008962,2047-07-15,Sports,Smartphone,39290.06,9,353610.54,Ahmedabad,3.1,Wallet
ORD008963,2047-07-16,Beauty,Face Cream,6722.67,2,13445.34,Pune,4.7,Cash on Delivery
ORD008964,2047-07-17,Fashion,Pressure Cooker,32140.54,6,192843.24,Pune,4.8,Credit Card
ORD008965,2047-07-18,Electronics,T-shirt,47695.82,7,333870.74,Ahmedabad,4.0,UPI
ORD008966,2047-07-19,Home & Kitchen,Headphones,8516.9,6,51101.4,Delhi,4.7,Wallet
ORD008967,2047-07-20,Sports,Mixer,37330.11,4,149320.44,Mumbai,4.4,Credit Card
ORD008968,2047-07-21,Sports,Headphones,16378.9,1,16378.9,Delhi,4.0,Credit Card
ORD008969,2047-07-22,Electronics,Laptop,40946.64,2,81893.28,Delhi,3.7,Wallet
ORD008970,2047-07-23,Beauty,Cricket Bat,35011.94,6,210071.64,Chennai,3.5,Cash on Delivery
ORD008971,2047-07-24,Home & Kitchen,Saree,46345.63,8,370765.04,Indore,3.5,Cash on Delivery
ORD008972,2047-07-25,Electronics,Cricket Bat,35740.8,3,107222.4,Indore,4.1,UPI
ORD008973,2047-07-26,Beauty,T-shirt,20810.37,7,145672.59,Pune,3.3,Credit Card
ORD008974,2047-07-27,Sports,Cricket Bat,1039.18,9,9352.62,Hyderabad,3.3,UPI
ORD008975,2047-07-28,Fashion,Headphones,39749.39,4,158997.56,Indore,3.0,Cash on Delivery
ORD008976,2047-07-29,Home & Kitchen,Smartphone,20719.02,7,145033.14,Mumbai,4.2,Cash on Delivery
ORD008977,2047-07-30,Home & Kitchen,T-shirt,33696.39,7,235874.73,Mumbai,5.0,UPI
ORD008978,2047-07-31,Beauty,Mixer,5700.79,9,51307.11,Bangalore,4.8,UPI
ORD008979,2047-08-01,Electronics,Football,44602.95,3,133808.85,Delhi,4.4,Credit Card
ORD008980,2047-08-02,Sports,Lipstick,22065.06,1,22065.06,Delhi,4.6,UPI
ORD008981,2047-08-03,Beauty,T-shirt,46024.74,8,368197.92,Indore,3.8,UPI
ORD008982,2047-08-04,Fashion,Jeans,35497.36,4,141989.44,Delhi,3.6,Credit Card
ORD008983,2047-08-05,Fashion,Mixer,6512.38,2,13024.76,Mumbai,3.7,Cash on Delivery
ORD008984,2047-08-06,Fashion,T-shirt,29170.23,5,145851.15,Chennai,3.2,Credit Card
ORD008985,2047-08-07,Beauty,Jeans,45541.76,4,182167.04,Bangalore,4.3,Cash on Delivery
ORD008986,2047-08-08,Sports,Mixer,40098.54,1,40098.54,Delhi,3.3,Cash on Delivery
ORD008987,2047-08-09,Home & Kitchen,Laptop,21190.03,7,148330.21,Chennai,4.5,UPI
ORD008988,2047-08-10,Electronics,Pressure Cooker,47775.69,4,191102.76,Indore,3.4,Wallet
ORD008989,2047-08-11,Home & Kitchen,Saree,13794.52,8,110356.16,Ahmedabad,3.5,UPI
ORD008990,2047-08-12,Sports,Pressure Cooker,19067.83,9,171610.47,Hyderabad,4.9,Wallet
ORD008991,2047-08-13,Home & Kitchen,Headphones,37610.85,8,300886.8,Mumbai,3.2,Wallet
ORD008992,2047-08-14,Beauty,Football,12028.78,1,12028.78,Hyderabad,4.0,UPI
ORD008993,2047-08-15,Fashion,Lipstick,26011.04,8,208088.32,Ahmedabad,3.1,UPI
ORD008994,2047-08-16,Sports,Pressure Cooker,36575.06,5,182875.3,Mumbai,3.2,UPI
ORD008995,2047-08-17,Sports,Face Cream,32376.4,1,32376.4,Bangalore,4.3,Wallet
ORD008996,2047-08-18,Home & Kitchen,T-shirt,8190.81,9,73717.29,Ahmedabad,4.3,Cash on Delivery
ORD008997,2047-08-19,Beauty,Face Cream,31668.19,9,285013.71,Indore,3.4,Wallet
ORD008998,2047-08-20,Home & Kitchen,Laptop,28849.17,7,201944.19,Hyderabad,4.7,Credit Card
ORD008999,2047-08-21,Home & Kitchen,Cricket Bat,28113.32,7,196793.24,Bangalore,4.4,UPI
ORD009000,2047-08-22,Sports,Headphones,41389.34,1,41389.34,Pune,3.6,Wallet
ORD009001,2047-08-23,Home & Kitchen,Pressure Cooker,9602.85,9,86425.65,Pune,3.5,Wallet
ORD009002,2047-08-24,Fashion,Smartphone,37702.52,1,37702.52,Bangalore,4.5,Cash on Delivery
ORD009003,2047-08-25,Home & Kitchen,Lipstick,38165.84,7,267160.88,Bangalore,4.5,UPI
ORD009004,2047-08-26,Fashion,Cricket Bat,36270.95,9,326438.55,Hyderabad,3.3,Credit Card
ORD009005,2047-08-27,Sports,Saree,25545.43,9,229908.87,Hyderabad,3.7,Cash on Delivery
ORD009006,2047-08-28,Beauty,Football,20079.17,5,100395.85,Ahmedabad,3.4,Wallet
ORD009007,2047-08-29,Fashion,T-shirt,20036.52,6,120219.12,Hyderabad,3.6,Wallet
ORD009008,2047-08-30,Beauty,Laptop,36823.53,2,73647.06,Pune,3.6,Credit Card
ORD009009,2047-08-31,Beauty,Mixer,25145.89,2,50291.78,Pune,5.0,Wallet
ORD009010,2047-09-01,Fashion,Pressure Cooker,17252.47,9,155272.23,Delhi,4.5,Wallet
ORD009011,2047-09-02,Sports,Smartphone,31460.75,1,31460.75,Ahmedabad,4.6,UPI
ORD009012,2047-09-03,Electronics,Lipstick,41932.06,5,209660.3,Bangalore,3.6,Cash on Delivery
ORD009013,2047-09-04,Beauty,Saree,3544.68,7,24812.76,Indore,3.0,Credit Card
ORD009014,2047-09-05,Beauty,Pressure Cooker,48620.78,6,291724.68,Delhi,3.1,UPI
ORD009015,2047-09-06,Sports,Saree,5284.27,6,31705.62,Mumbai,4.1,UPI
ORD009016,2047-09-07,Sports,Cricket Bat,25831.04,6,154986.24,Ahmedabad,3.6,Cash on Delivery
ORD009017,2047-09-08,Home & Kitchen,Face Cream,28230.37,8,225842.96,Pune,3.4,UPI
ORD009018,2047-09-09,Sports,Cricket Bat,7341.43,7,51390.01,Hyderabad,3.1,Wallet
ORD009019,2047-09-10,Beauty,Headphones,45821.89,5,229109.45,Indore,4.8,Credit Card
ORD009020,2047-09-11,Fashion,Pressure Cooker,23837.62,2,47675.24,Ahmedabad,4.2,UPI
ORD009021,2047-09-12,Electronics,Laptop,7584.47,6,45506.82,Chennai,3.2,Credit Card
ORD009022,2047-09-13,Home & Kitchen,Lipstick,35724.81,5,178624.05,Mumbai,4.5,Credit Card
ORD009023,2047-09-14,Fashion,Mixer,33338.52,4,133354.08,Bangalore,4.5,Credit Card
ORD009024,2047-09-15,Electronics,Mixer,48161.85,5,240809.25,Pune,3.6,Wallet
ORD009025,2047-09-16,Electronics,T-shirt,22355.06,9,201195.54,Pune,3.4,Credit Card
ORD009026,2047-09-17,Electronics,T-shirt,13755.9,2,27511.8,Bangalore,4.6,Cash on Delivery
ORD009027,2047-09-18,Fashion,Lipstick,3469.7,6,20818.2,Ahmedabad,3.7,Credit Card
ORD009028,2047-09-19,Home & Kitchen,Football,36789.52,9,331105.68,Ahmedabad,4.7,Wallet
ORD009029,2047-09-20,Home & Kitchen,Pressure Cooker,31055.25,5,155276.25,Indore,3.1,Wallet
ORD009030,2047-09-21,Electronics,Pressure Cooker,48644.24,6,291865.44,Delhi,4.0,Cash on Delivery
ORD009031,2047-09-22,Fashion,Cricket Bat,35752.17,4,143008.68,Pune,3.4,Cash on Delivery
ORD009032,2047-09-23,Electronics,Smartphone,46691.49,5,233457.45,Hyderabad,4.3,Wallet
ORD009033,2047-09-24,Sports,T-shirt,49583.15,8,396665.2,Pune,5.0,Wallet
ORD009034,2047-09-25,Home & Kitchen,Football,21707.34,1,21707.34,Indore,3.8,Cash on Delivery
ORD009035,2047-09-26,Beauty,Smartphone,7939.6,1,7939.6,Hyderabad,3.2,Wallet
ORD009036,2047-09-27,Electronics,Pressure Cooker,10194.61,4,40778.44,Pune,3.6,UPI
ORD009037,2047-09-28,Sports,T-shirt,16259.57,3,48778.71,Mumbai,4.8,Credit Card
ORD009038,2047-09-29,Home & Kitchen,Mixer,25690.34,5,128451.7,Indore,4.5,Wallet
ORD009039,2047-09-30,Fashion,Saree,6559.79,8,52478.32,Mumbai,3.5,Wallet
ORD009040,2047-10-01,Home & Kitchen,T-shirt,15435.03,1,15435.03,Mumbai,4.9,Wallet
ORD009041,2047-10-02,Fashion,Pressure Cooker,15735.8,5,78679.0,Ahmedabad,4.2,UPI
ORD009042,2047-10-03,Fashion,Pressure Cooker,702.24,5,3511.2,Chennai,3.3,Credit Card
ORD009043,2047-10-04,Electronics,Saree,18031.35,2,36062.7,Chennai,4.1,Cash on Delivery
ORD009044,2047-10-05,Electronics,Smartphone,6249.53,5,31247.65,Bangalore,3.9,UPI
ORD009045,2047-10-06,Home & Kitchen,Lipstick,21770.71,8,174165.68,Ahmedabad,4.6,UPI
ORD009046,2047-10-07,Sports,Saree,10228.57,7,71599.99,Pune,3.7,Cash on Delivery
ORD009047,2047-10-08,Home & Kitchen,Football,41194.65,2,82389.3,Bangalore,4.7,Cash on Delivery
ORD009048,2047-10-09,Beauty,Mixer,4486.0,6,26916.0,Bangalore,4.6,Wallet
ORD009049,2047-10-10,Fashion,Face Cream,43350.19,1,43350.19,Ahmedabad,4.3,Cash on Delivery
ORD009050,2047-10-11,Fashion,Pressure Cooker,29236.07,3,87708.21,Indore,3.5,UPI
ORD009051,2047-10-12,Electronics,Laptop,23202.71,6,139216.26,Hyderabad,4.9,Wallet
ORD009052,2047-10-13,Sports,Mixer,27712.24,9,249410.16,Bangalore,4.1,Cash on Delivery
ORD009053,2047-10-14,Electronics,Smartphone,19117.4,1,19117.4,Delhi,4.8,UPI
ORD009054,2047-10-15,Beauty,Saree,6816.79,6,40900.74,Mumbai,3.4,Credit Card
ORD009055,2047-10-16,Home & Kitchen,Pressure Cooker,38411.05,2,76822.1,Indore,5.0,Cash on Delivery
ORD009056,2047-10-17,Home & Kitchen,Pressure Cooker,46431.62,9,417884.58,Hyderabad,4.6,UPI
ORD009057,2047-10-18,Sports,Saree,47528.35,2,95056.7,Pune,4.9,Wallet
ORD009058,2047-10-19,Electronics,Lipstick,33700.22,3,101100.66,Chennai,3.4,Cash on Delivery
ORD009059,2047-10-20,Electronics,Face Cream,20812.2,2,41624.4,Mumbai,3.9,Cash on Delivery
ORD009060,2047-10-21,Beauty,Saree,24178.82,4,96715.28,Bangalore,3.2,Wallet
ORD009061,2047-10-22,Home & Kitchen,T-shirt,33019.8,4,132079.2,Chennai,3.3,Wallet
ORD009062,2047-10-23,Electronics,Jeans,41242.09,1,41242.09,Chennai,3.6,UPI
ORD009063,2047-10-24,Sports,Lipstick,19041.07,8,152328.56,Chennai,4.9,Wallet
ORD009064,2047-10-25,Home & Kitchen,Jeans,45880.67,5,229403.35,Ahmedabad,4.3,UPI
ORD009065,2047-10-26,Beauty,Smartphone,16551.47,8,132411.76,Indore,3.6,UPI
ORD009066,2047-10-27,Sports,Cricket Bat,26777.56,6,160665.36,Ahmedabad,4.9,Wallet
ORD009067,2047-10-28,Fashion,Mixer,48087.41,2,96174.82,Mumbai,4.5,Cash on Delivery
ORD009068,2047-10-29,Beauty,Headphones,46940.85,7,328585.95,Hyderabad,4.8,Wallet
ORD009069,2047-10-30,Sports,Saree,34939.38,9,314454.42,Mumbai,4.9,Wallet
ORD009070,2047-10-31,Electronics,Mixer,16565.73,7,115960.11,Ahmedabad,4.5,Credit Card
ORD009071,2047-11-01,Fashion,Headphones,11342.23,5,56711.15,Delhi,3.5,Credit Card
ORD009072,2047-11-02,Beauty,Smartphone,4467.1,4,17868.4,Bangalore,5.0,Wallet
ORD009073,2047-11-03,Electronics,Smartphone,35578.39,8,284627.12,Indore,3.7,Cash on Delivery
ORD009074,2047-11-04,Fashion,Cricket Bat,25420.81,6,152524.86,Ahmedabad,4.3,Cash on Delivery
ORD009075,2047-11-05,Home & Kitchen,Lipstick,28828.24,5,144141.2,Hyderabad,4.7,UPI
ORD009076,2047-11-06,Electronics,Mixer,23883.41,7,167183.87,Indore,3.4,Wallet
ORD009077,2047-11-07,Sports,Mixer,24405.85,3,73217.55,Hyderabad,4.2,Wallet
ORD009078,2047-11-08,Beauty,Saree,28778.04,9,259002.36,Bangalore,3.8,Credit Card
ORD009079,2047-11-09,Fashion,Smartphone,45755.97,4,183023.88,Pune,3.5,Credit Card
ORD009080,2047-11-10,Electronics,Headphones,1953.63,4,7814.52,Delhi,3.0,Credit Card
ORD009081,2047-11-11,Home & Kitchen,Laptop,40181.02,8,321448.16,Chennai,4.7,UPI
ORD009082,2047-11-12,Beauty,Cricket Bat,19830.55,6,118983.3,Bangalore,3.3,Wallet
ORD009083,2047-11-13,Beauty,Lipstick,37373.75,1,37373.75,Ahmedabad,4.8,Credit Card
ORD009084,2047-11-14,Electronics,Pressure Cooker,47452.05,2,94904.1,Chennai,4.2,Wallet
ORD009085,2047-11-15,Home & Kitchen,Laptop,15661.21,9,140950.89,Bangalore,4.2,UPI
ORD009086,2047-11-16,Fashion,Football,4932.95,6,29597.7,Mumbai,4.7,Cash on Delivery
ORD009087,2047-11-17,Electronics,T-shirt,11998.77,7,83991.39,Ahmedabad,4.0,UPI
ORD009088,2047-11-18,Fashion,Jeans,11493.6,9,103442.4,Indore,3.7,Wallet
ORD009089,2047-11-19,Beauty,Cricket Bat,37221.55,3,111664.65,Delhi,3.3,Wallet
ORD009090,2047-11-20,Fashion,Headphones,3561.98,5,17809.9,Ahmedabad,4.1,Wallet
ORD009091,2047-11-21,Home & Kitchen,Face Cream,3021.21,5,15106.05,Indore,4.1,Cash on Delivery
ORD009092,2047-11-22,Sports,Laptop,34833.63,7,243835.41,Ahmedabad,3.6,Wallet
ORD009093,2047-11-23,Home & Kitchen,Headphones,28057.62,2,56115.24,Delhi,4.2,Credit Card
ORD009094,2047-11-24,Fashion,Face Cream,21179.49,4,84717.96,Bangalore,3.9,Cash on Delivery
ORD009095,2047-11-25,Electronics,Saree,28980.74,4,115922.96,Delhi,4.6,Cash on Delivery
ORD009096,2047-11-26,Beauty,Cricket Bat,36894.77,8,295158.16,Chennai,4.1,Cash on Delivery
ORD009097,2047-11-27,Sports,Smartphone,5621.83,3,16865.49,Delhi,4.9,UPI
ORD009098,2047-11-28,Electronics,Lipstick,27887.68,2,55775.36,Delhi,4.0,UPI
ORD009099,2047-11-29,Electronics,Headphones,41308.63,9,371777.67,Indore,4.8,UPI
ORD009100,2047-11-30,Home & Kitchen,Mixer,18440.24,4,73760.96,Delhi,4.0,Cash on Delivery
ORD009101,2047-12-01,Fashion,Football,38269.39,9,344424.51,Pune,4.1,Cash on Delivery
ORD009102,2047-12-02,Home & Kitchen,Laptop,42348.33,6,254089.98,Hyderabad,3.7,Wallet
ORD009103,2047-12-03,Fashion,Mixer,41135.99,1,41135.99,Pune,3.8,Cash on Delivery
ORD009104,2047-12-04,Home & Kitchen,Headphones,32692.64,3,98077.92,Bangalore,4.9,Credit Card
ORD009105,2047-12-05,Electronics,Laptop,36008.55,7,252059.85,Mumbai,3.4,UPI
ORD009106,2047-12-06,Beauty,Smartphone,39489.92,9,355409.28,Ahmedabad,3.2,Wallet
ORD009107,2047-12-07,Fashion,Jeans,36818.61,8,294548.88,Ahmedabad,4.7,Credit Card
ORD009108,2047-12-08,Sports,Jeans,22858.17,5,114290.85,Mumbai,4.2,Credit Card
ORD009109,2047-12-09,Sports,Saree,8376.49,8,67011.92,Hyderabad,3.6,Credit Card
ORD009110,2047-12-10,Electronics,T-shirt,15831.66,2,31663.32,Indore,3.9,Cash on Delivery
ORD009111,2047-12-11,Home & Kitchen,Jeans,10758.7,3,32276.1,Hyderabad,4.0,UPI
ORD009112,2047-12-12,Home & Kitchen,T-shirt,18391.49,8,147131.92,Mumbai,4.2,Credit Card
ORD009113,2047-12-13,Electronics,Laptop,24721.89,9,222497.01,Chennai,4.6,Wallet
ORD009114,2047-12-14,Sports,Jeans,47972.81,8,383782.48,Mumbai,3.8,UPI
ORD009115,2047-12-15,Sports,Headphones,47993.41,4,191973.64,Mumbai,4.4,UPI
ORD009116,2047-12-16,Home & Kitchen,Smartphone,38594.63,6,231567.78,Pune,4.7,Cash on Delivery
ORD009117,2047-12-17,Fashion,Headphones,49016.94,5,245084.7,Ahmedabad,4.7,Credit Card
ORD009118,2047-12-18,Beauty,Headphones,49901.78,4,199607.12,Bangalore,3.5,Wallet
ORD009119,2047-12-19,Fashion,T-shirt,44320.21,9,398881.89,Mumbai,3.7,Cash on Delivery
ORD009120,2047-12-20,Sports,Pressure Cooker,4435.43,3,13306.29,Mumbai,4.2,UPI
ORD009121,2047-12-21,Fashion,Pressure Cooker,21589.18,1,21589.18,Pune,4.8,Credit Card
ORD009122,2047-12-22,Beauty,Football,26938.94,7,188572.58,Delhi,4.6,UPI
ORD009123,2047-12-23,Fashion,Football,6642.09,8,53136.72,Hyderabad,4.2,UPI
ORD009124,2047-12-24,Fashion,Lipstick,40527.22,3,121581.66,Pune,5.0,Cash on Delivery
ORD009125,2047-12-25,Fashion,Jeans,7859.83,3,23579.49,Ahmedabad,3.9,Wallet
ORD009126,2047-12-26,Fashion,Smartphone,19474.77,6,116848.62,Mumbai,4.7,Credit Card
ORD009127,2047-12-27,Electronics,Smartphone,3911.15,2,7822.3,Mumbai,4.6,Cash on Delivery
ORD009128,2047-12-28,Sports,Mixer,26467.36,6,158804.16,Chennai,4.8,Wallet
ORD009129,2047-12-29,Beauty,Football,30053.55,5,150267.75,Ahmedabad,5.0,Cash on Delivery
ORD009130,2047-12-30,Sports,Headphones,36891.25,7,258238.75,Ahmedabad,4.0,Wallet
ORD009131,2047-12-31,Electronics,Smartphone,17303.34,9,155730.06,Pune,3.4,UPI
ORD009132,2048-01-01,Electronics,Laptop,29731.31,9,267581.79,Mumbai,3.9,Credit Card
ORD009133,2048-01-02,Electronics,Cricket Bat,36840.29,1,36840.29,Bangalore,4.7,Credit Card
ORD009134,2048-01-03,Electronics,Headphones,38220.74,7,267545.18,Indore,4.7,Credit Card
ORD009135,2048-01-04,Fashion,Football,15431.27,3,46293.81,Chennai,3.7,Cash on Delivery
ORD009136,2048-01-05,Sports,T-shirt,3851.34,4,15405.36,Mumbai,3.1,Cash on Delivery
ORD009137,2048-01-06,Home & Kitchen,Face Cream,2362.16,2,4724.32,Indore,4.0,Wallet
ORD009138,2048-01-07,Beauty,Football,38518.98,1,38518.98,Bangalore,3.9,Cash on Delivery
ORD009139,2048-01-08,Electronics,Headphones,19579.23,3,58737.69,Hyderabad,3.2,UPI
ORD009140,2048-01-09,Sports,Smartphone,7130.16,9,64171.44,Mumbai,4.6,Wallet
ORD009141,2048-01-10,Electronics,Saree,9632.2,1,9632.2,Hyderabad,3.6,Cash on Delivery
ORD009142,2048-01-11,Electronics,Football,38424.45,3,115273.35,Mumbai,4.3,Credit Card
ORD009143,2048-01-12,Electronics,Laptop,30145.65,5,150728.25,Chennai,3.2,UPI
ORD009144,2048-01-13,Electronics,Laptop,25319.46,3,75958.38,Ahmedabad,4.7,Credit Card
ORD009145,2048-01-14,Electronics,Jeans,31338.88,4,125355.52,Chennai,4.5,Wallet
ORD009146,2048-01-15,Beauty,Football,7306.23,4,29224.92,Indore,3.8,Wallet
ORD009147,2048-01-16,Sports,Pressure Cooker,16292.59,1,16292.59,Bangalore,4.3,Cash on Delivery
ORD009148,2048-01-17,Electronics,T-shirt,19016.14,6,114096.84,Delhi,3.4,Wallet
ORD009149,2048-01-18,Electronics,Jeans,16067.64,7,112473.48,Pune,5.0,Wallet
ORD009150,2048-01-19,Electronics,Lipstick,43288.61,7,303020.27,Indore,4.6,Credit Card
ORD009151,2048-01-20,Electronics,Cricket Bat,29280.35,6,175682.1,Indore,4.6,Wallet
ORD009152,2048-01-21,Fashion,Mixer,36601.41,7,256209.87,Bangalore,3.3,UPI
ORD009153,2048-01-22,Fashion,Laptop,12216.95,3,36650.85,Mumbai,3.0,Cash on Delivery
ORD009154,2048-01-23,Home & Kitchen,T-shirt,13571.66,5,67858.3,Hyderabad,4.2,Wallet
ORD009155,2048-01-24,Electronics,Pressure Cooker,11654.13,7,81578.91,Hyderabad,3.3,UPI
ORD009156,2048-01-25,Home & Kitchen,Face Cream,34554.99,5,172774.95,Ahmedabad,4.6,Cash on Delivery
ORD009157,2048-01-26,Beauty,T-shirt,17777.53,2,35555.06,Mumbai,3.8,UPI
ORD009158,2048-01-27,Home & Kitchen,Mixer,20551.66,6,123309.96,Delhi,3.7,UPI
ORD009159,2048-01-28,Sports,Football,35601.52,7,249210.64,Delhi,3.1,Wallet
ORD009160,2048-01-29,Fashion,Face Cream,48604.04,2,97208.08,Delhi,5.0,Credit Card
ORD009161,2048-01-30,Fashion,Football,8512.83,8,68102.64,Mumbai,4.9,Cash on Delivery
ORD009162,2048-01-31,Electronics,Mixer,3602.48,5,18012.4,Pune,3.3,Wallet
ORD009163,2048-02-01,Electronics,Jeans,10144.87,8,81158.96,Chennai,3.7,Wallet
ORD009164,2048-02-02,Beauty,Headphones,36880.55,3,110641.65,Ahmedabad,3.8,Cash on Delivery
ORD009165,2048-02-03,Beauty,Lipstick,10134.05,2,20268.1,Indore,3.6,Cash on Delivery
ORD009166,2048-02-04,Sports,Lipstick,29425.44,7,205978.08,Chennai,4.9,Wallet
ORD009167,2048-02-05,Electronics,Smartphone,29720.67,5,148603.35,Mumbai,4.4,UPI
ORD009168,2048-02-06,Electronics,Lipstick,15073.94,5,75369.7,Chennai,4.9,Credit Card
ORD009169,2048-02-07,Beauty,T-shirt,3901.95,8,31215.6,Pune,4.7,Credit Card
ORD009170,2048-02-08,Beauty,Lipstick,20260.43,9,182343.87,Delhi,4.5,Cash on Delivery
ORD009171,2048-02-09,Beauty,Pressure Cooker,9745.88,8,77967.04,Chennai,4.4,Cash on Delivery
ORD009172,2048-02-10,Fashion,Face Cream,9631.42,2,19262.84,Mumbai,4.7,UPI
ORD009173,2048-02-11,Home & Kitchen,Lipstick,26368.15,7,184577.05,Ahmedabad,4.4,UPI
ORD009174,2048-02-12,Home & Kitchen,Laptop,33819.5,5,169097.5,Indore,3.4,Wallet
ORD009175,2048-02-13,Electronics,Smartphone,4233.05,7,29631.35,Chennai,4.3,UPI
ORD009176,2048-02-14,Fashion,Face Cream,29126.91,3,87380.73,Chennai,4.0,Credit Card
ORD009177,2048-02-15,Beauty,T-shirt,12686.98,4,50747.92,Chennai,5.0,UPI
ORD009178,2048-02-16,Electronics,Mixer,33828.25,7,236797.75,Chennai,4.0,UPI
ORD009179,2048-02-17,Fashion,Jeans,40605.68,2,81211.36,Indore,3.1,UPI
ORD009180,2048-02-18,Sports,Cricket Bat,40447.17,2,80894.34,Mumbai,3.5,Cash on Delivery
ORD009181,2048-02-19,Fashion,Jeans,18808.14,1,18808.14,Bangalore,4.8,UPI
ORD009182,2048-02-20,Electronics,Headphones,28579.85,1,28579.85,Chennai,4.9,Cash on Delivery
ORD009183,2048-02-21,Home & Kitchen,Cricket Bat,39787.91,1,39787.91,Bangalore,4.5,Credit Card
ORD009184,2048-02-22,Beauty,Pressure Cooker,3510.11,6,21060.66,Indore,3.1,Credit Card
ORD009185,2048-02-23,Sports,Saree,30478.4,5,152392.0,Mumbai,3.0,Cash on Delivery
ORD009186,2048-02-24,Fashion,Smartphone,41907.84,8,335262.72,Hyderabad,4.0,Cash on Delivery
ORD009187,2048-02-25,Electronics,Mixer,18931.67,5,94658.35,Pune,5.0,UPI
ORD009188,2048-02-26,Electronics,Jeans,23042.7,1,23042.7,Bangalore,4.7,UPI
ORD009189,2048-02-27,Beauty,Lipstick,35087.04,8,280696.32,Mumbai,4.9,Credit Card
ORD009190,2048-02-28,Electronics,Smartphone,3860.29,6,23161.74,Ahmedabad,4.2,Credit Card
ORD009191,2048-02-29,Electronics,Lipstick,19588.98,8,156711.84,Hyderabad,4.7,Credit Card
ORD009192,2048-03-01,Beauty,Smartphone,15137.68,2,30275.36,Chennai,3.6,Credit Card
ORD009193,2048-03-02,Sports,Smartphone,1341.22,8,10729.76,Indore,3.1,Wallet
ORD009194,2048-03-03,Home & Kitchen,Headphones,10200.65,6,61203.9,Indore,4.8,UPI
ORD009195,2048-03-04,Home & Kitchen,Laptop,20096.24,1,20096.24,Mumbai,3.4,UPI
ORD009196,2048-03-05,Fashion,Pressure Cooker,10272.72,1,10272.72,Delhi,4.5,Wallet
ORD009197,2048-03-06,Sports,Lipstick,30318.72,5,151593.6,Hyderabad,4.3,Credit Card
ORD009198,2048-03-07,Fashion,Lipstick,22708.3,7,158958.1,Delhi,3.3,UPI
ORD009199,2048-03-08,Home & Kitchen,Lipstick,2454.32,4,9817.28,Indore,3.4,UPI
ORD009200,2048-03-09,Beauty,Headphones,14114.49,5,70572.45,Indore,3.7,Cash on Delivery
ORD009201,2048-03-10,Electronics,Jeans,1464.1,3,4392.3,Chennai,4.5,Wallet
ORD009202,2048-03-11,Home & Kitchen,T-shirt,18227.69,2,36455.38,Chennai,3.1,Cash on Delivery
ORD009203,2048-03-12,Sports,Lipstick,13325.95,2,26651.9,Bangalore,3.8,Wallet
ORD009204,2048-03-13,Home & Kitchen,Jeans,34565.25,5,172826.25,Indore,4.3,Wallet
ORD009205,2048-03-14,Sports,Laptop,15716.64,4,62866.56,Chennai,3.3,Wallet
ORD009206,2048-03-15,Sports,Lipstick,19070.35,2,38140.7,Ahmedabad,3.2,Credit Card
ORD009207,2048-03-16,Sports,Pressure Cooker,36404.03,5,182020.15,Bangalore,3.8,Wallet
ORD009208,2048-03-17,Fashion,Mixer,24305.42,9,218748.78,Hyderabad,3.6,Credit Card
ORD009209,2048-03-18,Beauty,Face Cream,28044.49,8,224355.92,Delhi,4.3,Wallet
ORD009210,2048-03-19,Home & Kitchen,Saree,42146.66,9,379319.94,Hyderabad,4.9,Credit Card
ORD009211,2048-03-20,Beauty,Face Cream,10740.97,9,96668.73,Pune,3.0,Credit Card
ORD009212,2048-03-21,Electronics,Lipstick,49464.68,8,395717.44,Delhi,4.8,Credit Card
ORD009213,2048-03-22,Home & Kitchen,T-shirt,45055.2,9,405496.8,Mumbai,3.9,UPI
ORD009214,2048-03-23,Beauty,Face Cream,14684.37,4,58737.48,Hyderabad,4.3,Cash on Delivery
ORD009215,2048-03-24,Beauty,Mixer,44700.45,8,357603.6,Ahmedabad,4.7,Cash on Delivery
ORD009216,2048-03-25,Electronics,Pressure Cooker,37820.83,2,75641.66,Pune,4.1,Cash on Delivery
ORD009217,2048-03-26,Sports,Headphones,46572.45,9,419152.05,Mumbai,3.2,UPI
ORD009218,2048-03-27,Home & Kitchen,Saree,34711.19,9,312400.71,Delhi,3.3,UPI
ORD009219,2048-03-28,Home & Kitchen,Headphones,33886.63,3,101659.89,Indore,4.6,UPI
ORD009220,2048-03-29,Electronics,T-shirt,671.49,6,4028.94,Indore,3.5,Wallet
ORD009221,2048-03-30,Sports,Saree,23993.27,7,167952.89,Bangalore,4.1,Wallet
ORD009222,2048-03-31,Home & Kitchen,T-shirt,10413.3,3,31239.9,Ahmedabad,3.9,Wallet
ORD009223,2048-04-01,Home & Kitchen,Headphones,16542.03,5,82710.15,Hyderabad,3.6,Wallet
ORD009224,2048-04-02,Home & Kitchen,Pressure Cooker,48951.37,1,48951.37,Hyderabad,4.6,Wallet
ORD009225,2048-04-03,Sports,Saree,4732.35,3,14197.05,Ahmedabad,4.5,Cash on Delivery
ORD009226,2048-04-04,Electronics,Cricket Bat,36263.08,8,290104.64,Bangalore,4.3,Cash on Delivery
ORD009227,2048-04-05,Home & Kitchen,Jeans,9060.77,3,27182.31,Bangalore,3.7,Cash on Delivery
ORD009228,2048-04-06,Beauty,Pressure Cooker,866.37,8,6930.96,Chennai,3.5,Cash on Delivery
ORD009229,2048-04-07,Sports,Saree,25320.23,9,227882.07,Pune,4.0,Cash on Delivery
ORD009230,2048-04-08,Fashion,T-shirt,8480.16,6,50880.96,Ahmedabad,4.6,UPI
ORD009231,2048-04-09,Electronics,T-shirt,48290.58,7,338034.06,Indore,4.2,UPI
ORD009232,2048-04-10,Beauty,Laptop,10582.99,6,63497.94,Chennai,4.9,Wallet
ORD009233,2048-04-11,Home & Kitchen,Pressure Cooker,10005.75,8,80046.0,Delhi,3.0,Cash on Delivery
ORD009234,2048-04-12,Fashion,T-shirt,2092.26,7,14645.82,Indore,5.0,Wallet
ORD009235,2048-04-13,Electronics,Smartphone,16826.07,1,16826.07,Hyderabad,4.4,UPI
ORD009236,2048-04-14,Sports,Jeans,1693.53,3,5080.59,Bangalore,4.7,Wallet
ORD009237,2048-04-15,Fashion,Headphones,25194.89,3,75584.67,Bangalore,3.7,Cash on Delivery
ORD009238,2048-04-16,Fashion,Mixer,25527.73,3,76583.19,Pune,4.0,Cash on Delivery
ORD009239,2048-04-17,Beauty,Laptop,3135.54,4,12542.16,Ahmedabad,4.6,Cash on Delivery
ORD009240,2048-04-18,Electronics,T-shirt,12383.08,1,12383.08,Ahmedabad,4.5,UPI
ORD009241,2048-04-19,Beauty,Smartphone,41689.27,2,83378.54,Indore,3.7,Wallet
ORD009242,2048-04-20,Beauty,Laptop,23395.97,5,116979.85,Mumbai,3.6,Credit Card
ORD009243,2048-04-21,Home & Kitchen,Smartphone,22013.2,6,132079.2,Pune,4.3,Credit Card
ORD009244,2048-04-22,Sports,Laptop,35089.46,9,315805.14,Pune,4.9,Credit Card
ORD009245,2048-04-23,Fashion,T-shirt,35886.66,2,71773.32,Chennai,3.9,Credit Card
ORD009246,2048-04-24,Electronics,Smartphone,38217.15,9,343954.35,Indore,3.7,Credit Card
ORD009247,2048-04-25,Sports,Face Cream,41608.88,7,291262.16,Indore,4.8,UPI
ORD009248,2048-04-26,Sports,Saree,11996.41,9,107967.69,Mumbai,4.4,Cash on Delivery
ORD009249,2048-04-27,Electronics,Pressure Cooker,3785.84,4,15143.36,Bangalore,3.8,Credit Card
ORD009250,2048-04-28,Sports,Mixer,19323.11,7,135261.77,Hyderabad,3.1,Credit Card
ORD009251,2048-04-29,Home & Kitchen,Headphones,42827.35,1,42827.35,Hyderabad,4.4,Credit Card
ORD009252,2048-04-30,Sports,Mixer,4362.42,8,34899.36,Mumbai,3.7,Wallet
ORD009253,2048-05-01,Home & Kitchen,Headphones,29009.71,7,203067.97,Pune,3.1,Cash on Delivery
ORD009254,2048-05-02,Fashion,Cricket Bat,35203.61,7,246425.27,Chennai,4.2,Credit Card
ORD009255,2048-05-03,Fashion,Football,24329.66,2,48659.32,Delhi,3.6,UPI
ORD009256,2048-05-04,Beauty,Jeans,13131.18,9,118180.62,Indore,3.7,Cash on Delivery
ORD009257,2048-05-05,Home & Kitchen,Cricket Bat,16652.32,8,133218.56,Hyderabad,4.0,Cash on Delivery
ORD009258,2048-05-06,Fashion,Lipstick,4046.78,1,4046.78,Delhi,4.4,Cash on Delivery
ORD009259,2048-05-07,Sports,T-shirt,14982.89,1,14982.89,Indore,3.6,Wallet
ORD009260,2048-05-08,Electronics,Saree,2696.71,5,13483.55,Chennai,3.2,Cash on Delivery
ORD009261,2048-05-09,Electronics,Football,36453.09,2,72906.18,Mumbai,3.8,Credit Card
ORD009262,2048-05-10,Home & Kitchen,Pressure Cooker,44950.77,1,44950.77,Pune,3.1,Credit Card
ORD009263,2048-05-11,Beauty,Saree,31858.9,8,254871.2,Chennai,4.4,Wallet
ORD009264,2048-05-12,Sports,Mixer,33006.81,4,132027.24,Bangalore,4.9,UPI
ORD009265,2048-05-13,Home & Kitchen,Headphones,23871.05,2,47742.1,Ahmedabad,4.3,Wallet
ORD009266,2048-05-14,Electronics,Cricket Bat,8223.8,5,41119.0,Chennai,3.6,Wallet
ORD009267,2048-05-15,Home & Kitchen,Saree,882.39,6,5294.34,Mumbai,3.4,Credit Card
ORD009268,2048-05-16,Sports,Cricket Bat,17526.81,8,140214.48,Mumbai,3.5,Cash on Delivery
ORD009269,2048-05-17,Fashion,Jeans,37698.68,7,263890.76,Ahmedabad,3.4,Wallet
ORD009270,2048-05-18,Sports,Jeans,48041.36,7,336289.52,Chennai,3.6,UPI
ORD009271,2048-05-19,Fashion,Face Cream,21838.7,1,21838.7,Indore,3.2,Credit Card
ORD009272,2048-05-20,Fashion,Headphones,18586.86,3,55760.58,Mumbai,4.8,Cash on Delivery
ORD009273,2048-05-21,Fashion,Lipstick,22574.95,3,67724.85,Bangalore,4.8,UPI
ORD009274,2048-05-22,Home & Kitchen,Saree,21674.86,7,151724.02,Delhi,4.2,Wallet
ORD009275,2048-05-23,Electronics,Pressure Cooker,31481.05,2,62962.1,Chennai,3.1,UPI
ORD009276,2048-05-24,Home & Kitchen,Cricket Bat,36840.3,7,257882.1,Mumbai,4.6,Wallet
ORD009277,2048-05-25,Electronics,Cricket Bat,39355.42,9,354198.78,Ahmedabad,3.1,Wallet
ORD009278,2048-05-26,Sports,Jeans,32655.44,1,32655.44,Pune,3.2,Wallet
ORD009279,2048-05-27,Beauty,T-shirt,22167.34,2,44334.68,Indore,3.7,Wallet
ORD009280,2048-05-28,Sports,Headphones,47530.14,6,285180.84,Indore,3.9,Wallet
ORD009281,2048-05-29,Home & Kitchen,Cricket Bat,35695.47,2,71390.94,Ahmedabad,3.7,Credit Card
ORD009282,2048-05-30,Home & Kitchen,Jeans,21619.57,2,43239.14,Indore,3.3,Wallet
ORD009283,2048-05-31,Electronics,Jeans,22605.8,5,113029.0,Delhi,3.2,Cash on Delivery
ORD009284,2048-06-01,Home & Kitchen,Smartphone,40990.05,7,286930.35,Bangalore,4.7,Wallet
ORD009285,2048-06-02,Fashion,Face Cream,22306.77,4,89227.08,Chennai,3.7,Credit Card
ORD009286,2048-06-03,Home & Kitchen,Cricket Bat,26055.54,6,156333.24,Mumbai,3.4,UPI
ORD009287,2048-06-04,Electronics,Smartphone,14931.84,3,44795.52,Delhi,4.0,Cash on Delivery
ORD009288,2048-06-05,Electronics,Pressure Cooker,42026.28,4,168105.12,Bangalore,3.1,UPI
ORD009289,2048-06-06,Fashion,Pressure Cooker,26353.13,4,105412.52,Hyderabad,4.2,UPI
ORD009290,2048-06-07,Electronics,Jeans,27850.53,4,111402.12,Mumbai,3.5,Cash on Delivery
ORD009291,2048-06-08,Beauty,Face Cream,44093.43,1,44093.43,Indore,4.2,Credit Card
ORD009292,2048-06-09,Sports,T-shirt,46065.6,4,184262.4,Indore,4.2,Wallet
ORD009293,2048-06-10,Home & Kitchen,Face Cream,41297.59,4,165190.36,Bangalore,4.6,Wallet
ORD009294,2048-06-11,Beauty,T-shirt,3735.84,6,22415.04,Pune,3.5,Wallet
ORD009295,2048-06-12,Home & Kitchen,Football,22453.7,9,202083.3,Pune,3.9,UPI
ORD009296,2048-06-13,Beauty,Smartphone,17494.88,6,104969.28,Delhi,4.9,Cash on Delivery
ORD009297,2048-06-14,Home & Kitchen,Jeans,11068.98,6,66413.88,Pune,4.5,Wallet
ORD009298,2048-06-15,Fashion,Smartphone,45493.22,7,318452.54,Indore,5.0,Wallet
ORD009299,2048-06-16,Electronics,Headphones,44558.41,7,311908.87,Chennai,4.9,Credit Card
ORD009300,2048-06-17,Electronics,Smartphone,23532.25,1,23532.25,Delhi,4.2,Credit Card
ORD009301,2048-06-18,Fashion,Football,7160.76,8,57286.08,Indore,3.5,UPI
ORD009302,2048-06-19,Beauty,Lipstick,1161.6,1,1161.6,Chennai,4.5,Cash on Delivery
ORD009303,2048-06-20,Sports,Cricket Bat,22204.12,9,199837.08,Bangalore,4.4,Credit Card
ORD009304,2048-06-21,Beauty,Pressure Cooker,2477.78,4,9911.12,Bangalore,4.2,Cash on Delivery
ORD009305,2048-06-22,Electronics,Football,30673.02,9,276057.18,Delhi,4.4,Credit Card
ORD009306,2048-06-23,Sports,Laptop,30616.24,8,244929.92,Delhi,4.2,Cash on Delivery
ORD009307,2048-06-24,Home & Kitchen,Jeans,44997.5,9,404977.5,Chennai,4.0,Cash on Delivery
ORD009308,2048-06-25,Sports,Face Cream,9907.43,6,59444.58,Pune,3.8,Cash on Delivery
ORD009309,2048-06-26,Beauty,T-shirt,18884.01,9,169956.09,Mumbai,3.1,UPI
ORD009310,2048-06-27,Fashion,Saree,43047.5,4,172190.0,Delhi,4.7,Credit Card
ORD009311,2048-06-28,Home & Kitchen,Cricket Bat,23977.68,3,71933.04,Indore,4.7,Credit Card
ORD009312,2048-06-29,Beauty,Laptop,3456.3,3,10368.9,Mumbai,4.2,Wallet
ORD009313,2048-06-30,Home & Kitchen,Face Cream,5983.8,8,47870.4,Mumbai,3.5,Wallet
ORD009314,2048-07-01,Sports,Football,40766.0,2,81532.0,Ahmedabad,3.1,UPI
ORD009315,2048-07-02,Electronics,Lipstick,37313.02,6,223878.12,Ahmedabad,3.0,Credit Card
ORD009316,2048-07-03,Beauty,Saree,43856.14,9,394705.26,Pune,3.1,Wallet
ORD009317,2048-07-04,Fashion,Football,6383.63,9,57452.67,Mumbai,3.7,Credit Card
ORD009318,2048-07-05,Sports,T-shirt,38140.63,8,305125.04,Bangalore,3.4,Wallet
ORD009319,2048-07-06,Beauty,Face Cream,32927.67,8,263421.36,Ahmedabad,3.5,UPI
ORD009320,2048-07-07,Fashion,Lipstick,11998.52,1,11998.52,Bangalore,4.4,Wallet
ORD009321,2048-07-08,Beauty,T-shirt,48708.27,7,340957.89,Ahmedabad,4.9,UPI
ORD009322,2048-07-09,Sports,T-shirt,28732.56,1,28732.56,Mumbai,3.4,UPI
ORD009323,2048-07-10,Beauty,Jeans,45390.46,9,408514.14,Mumbai,3.9,Cash on Delivery
ORD009324,2048-07-11,Home & Kitchen,Saree,43025.11,3,129075.33,Bangalore,5.0,UPI
ORD009325,2048-07-12,Sports,Face Cream,16989.71,1,16989.71,Chennai,4.9,Cash on Delivery
ORD009326,2048-07-13,Beauty,Headphones,27029.86,8,216238.88,Pune,3.7,Credit Card
ORD009327,2048-07-14,Electronics,Smartphone,21852.73,7,152969.11,Pune,3.6,UPI
ORD009328,2048-07-15,Beauty,Football,35599.34,2,71198.68,Ahmedabad,3.5,UPI
ORD009329,2048-07-16,Home & Kitchen,Face Cream,29608.08,7,207256.56,Indore,3.3,UPI
ORD009330,2048-07-17,Fashion,Smartphone,39350.25,5,196751.25,Pune,3.9,Wallet
ORD009331,2048-07-18,Fashion,Cricket Bat,1081.74,7,7572.18,Hyderabad,3.7,UPI
ORD009332,2048-07-19,Fashion,T-shirt,34545.77,7,241820.39,Ahmedabad,4.5,Credit Card
ORD009333,2048-07-20,Electronics,Face Cream,16293.73,2,32587.46,Ahmedabad,3.5,Cash on Delivery
ORD009334,2048-07-21,Home & Kitchen,Cricket Bat,11599.0,2,23198.0,Delhi,4.5,Credit Card
ORD009335,2048-07-22,Sports,Saree,40161.45,7,281130.15,Mumbai,3.6,Cash on Delivery
ORD009336,2048-07-23,Fashion,T-shirt,4916.45,3,14749.35,Bangalore,4.2,Credit Card
ORD009337,2048-07-24,Home & Kitchen,T-shirt,11808.77,4,47235.08,Pune,4.3,Wallet
ORD009338,2048-07-25,Beauty,Laptop,10584.85,7,74093.95,Mumbai,4.3,Credit Card
ORD009339,2048-07-26,Electronics,Pressure Cooker,21281.36,2,42562.72,Mumbai,3.4,Credit Card
ORD009340,2048-07-27,Home & Kitchen,Smartphone,16455.67,2,32911.34,Ahmedabad,3.6,UPI
ORD009341,2048-07-28,Home & Kitchen,Saree,36163.18,9,325468.62,Ahmedabad,3.5,Wallet
ORD009342,2048-07-29,Sports,Lipstick,35118.81,1,35118.81,Mumbai,4.2,Wallet
ORD009343,2048-07-30,Home & Kitchen,Lipstick,16610.81,3,49832.43,Pune,3.2,UPI
ORD009344,2048-07-31,Sports,Headphones,22130.55,4,88522.2,Mumbai,4.0,Cash on Delivery
ORD009345,2048-08-01,Electronics,Face Cream,10791.46,5,53957.3,Chennai,3.2,Credit Card
ORD009346,2048-08-02,Electronics,Mixer,33706.33,3,101118.99,Delhi,3.7,UPI
ORD009347,2048-08-03,Beauty,Saree,20113.03,9,181017.27,Delhi,4.4,Wallet
ORD009348,2048-08-04,Sports,Face Cream,7074.89,5,35374.45,Ahmedabad,3.8,Credit Card
ORD009349,2048-08-05,Sports,Mixer,6799.64,7,47597.48,Ahmedabad,3.6,Credit Card
ORD009350,2048-08-06,Fashion,Laptop,16454.87,7,115184.09,Bangalore,4.2,Cash on Delivery
ORD009351,2048-08-07,Fashion,Lipstick,37492.59,9,337433.31,Chennai,4.5,Cash on Delivery
ORD009352,2048-08-08,Beauty,Saree,1762.46,2,3524.92,Chennai,3.5,Credit Card
ORD009353,2048-08-09,Electronics,T-shirt,13259.85,3,39779.55,Delhi,3.6,Credit Card
ORD009354,2048-08-10,Fashion,Pressure Cooker,8543.06,4,34172.24,Bangalore,4.3,Credit Card
ORD009355,2048-08-11,Home & Kitchen,Jeans,47845.65,8,382765.2,Chennai,4.9,Cash on Delivery
ORD009356,2048-08-12,Electronics,Pressure Cooker,35411.44,1,35411.44,Bangalore,3.4,Cash on Delivery
ORD009357,2048-08-13,Home & Kitchen,Face Cream,12045.02,9,108405.18,Delhi,4.3,UPI
ORD009358,2048-08-14,Sports,Headphones,10769.3,5,53846.5,Mumbai,4.8,Cash on Delivery
ORD009359,2048-08-15,Electronics,Lipstick,42972.51,4,171890.04,Indore,3.9,Wallet
ORD009360,2048-08-16,Beauty,Cricket Bat,9916.22,8,79329.76,Indore,3.6,Wallet
ORD009361,2048-08-17,Sports,Cricket Bat,49854.43,9,448689.87,Indore,4.3,Credit Card
ORD009362,2048-08-18,Sports,Jeans,14474.0,3,43422.0,Chennai,3.1,Credit Card
ORD009363,2048-08-19,Home & Kitchen,Football,4674.47,4,18697.88,Bangalore,3.7,Cash on Delivery
ORD009364,2048-08-20,Sports,Lipstick,34701.62,1,34701.62,Mumbai,3.5,Wallet
ORD009365,2048-08-21,Fashion,Football,30677.32,3,92031.96,Delhi,3.4,UPI
ORD009366,2048-08-22,Electronics,Saree,49991.2,5,249956.0,Ahmedabad,3.4,Cash on Delivery
ORD009367,2048-08-23,Fashion,T-shirt,40203.24,8,321625.92,Pune,4.5,Cash on Delivery
ORD009368,2048-08-24,Home & Kitchen,Headphones,21727.41,1,21727.41,Hyderabad,4.9,Wallet
ORD009369,2048-08-25,Home & Kitchen,Cricket Bat,33992.27,1,33992.27,Indore,3.8,Credit Card
ORD009370,2048-08-26,Electronics,Jeans,40983.55,3,122950.65,Chennai,3.1,Credit Card
ORD009371,2048-08-27,Sports,Pressure Cooker,25929.46,9,233365.14,Pune,4.4,Wallet
ORD009372,2048-08-28,Beauty,T-shirt,14007.14,9,126064.26,Ahmedabad,4.1,Wallet
ORD009373,2048-08-29,Home & Kitchen,Cricket Bat,10900.23,1,10900.23,Chennai,4.4,UPI
ORD009374,2048-08-30,Electronics,Pressure Cooker,15116.43,4,60465.72,Bangalore,4.3,Wallet
ORD009375,2048-08-31,Beauty,Saree,42479.4,8,339835.2,Delhi,4.8,Credit Card
ORD009376,2048-09-01,Sports,Football,19331.4,2,38662.8,Indore,3.3,Wallet
ORD009377,2048-09-02,Home & Kitchen,Pressure Cooker,14689.88,4,58759.52,Delhi,3.3,Wallet
ORD009378,2048-09-03,Electronics,T-shirt,40391.42,7,282739.94,Chennai,3.7,UPI
ORD009379,2048-09-04,Electronics,Pressure Cooker,2080.06,7,14560.42,Chennai,4.0,Cash on Delivery
ORD009380,2048-09-05,Electronics,Saree,29900.93,5,149504.65,Indore,4.9,UPI
ORD009381,2048-09-06,Home & Kitchen,Headphones,43744.77,7,306213.39,Indore,4.8,Wallet
ORD009382,2048-09-07,Beauty,Football,20799.15,6,124794.9,Bangalore,4.7,Cash on Delivery
ORD009383,2048-09-08,Electronics,T-shirt,13831.25,2,27662.5,Ahmedabad,3.4,Wallet
ORD009384,2048-09-09,Sports,Headphones,24839.6,9,223556.4,Bangalore,4.5,Cash on Delivery
ORD009385,2048-09-10,Electronics,Football,36015.12,5,180075.6,Hyderabad,3.8,Wallet
ORD009386,2048-09-11,Beauty,Jeans,26071.98,2,52143.96,Mumbai,4.9,Credit Card
ORD009387,2048-09-12,Home & Kitchen,Lipstick,878.13,6,5268.78,Bangalore,3.4,Cash on Delivery
ORD009388,2048-09-13,Electronics,Football,4377.07,5,21885.35,Mumbai,3.3,Cash on Delivery
ORD009389,2048-09-14,Electronics,Pressure Cooker,36205.76,2,72411.52,Chennai,4.7,UPI
ORD009390,2048-09-15,Sports,Laptop,20297.59,7,142083.13,Hyderabad,4.4,Credit Card
ORD009391,2048-09-16,Sports,Headphones,39346.4,2,78692.8,Hyderabad,4.6,Credit Card
ORD009392,2048-09-17,Electronics,Saree,32649.75,7,228548.25,Pune,3.3,Credit Card
ORD009393,2048-09-18,Electronics,Cricket Bat,29285.03,6,175710.18,Pune,4.8,Wallet
ORD009394,2048-09-19,Sports,Headphones,45118.07,4,180472.28,Pune,4.4,Wallet
ORD009395,2048-09-20,Beauty,Cricket Bat,1555.44,4,6221.76,Hyderabad,4.3,Cash on Delivery
ORD009396,2048-09-21,Fashion,Face Cream,8174.2,6,49045.2,Delhi,4.2,Wallet
ORD009397,2048-09-22,Fashion,Pressure Cooker,31406.61,9,282659.49,Indore,4.5,Wallet
ORD009398,2048-09-23,Electronics,Jeans,3758.49,6,22550.94,Ahmedabad,3.8,Cash on Delivery
ORD009399,2048-09-24,Sports,Smartphone,32426.04,6,194556.24,Pune,3.3,UPI
ORD009400,2048-09-25,Home & Kitchen,T-shirt,49213.99,1,49213.99,Indore,4.1,Wallet
ORD009401,2048-09-26,Home & Kitchen,Cricket Bat,44001.0,5,220005.0,Chennai,4.5,Credit Card
ORD009402,2048-09-27,Fashion,Face Cream,29750.39,1,29750.39,Delhi,3.3,Credit Card
ORD009403,2048-09-28,Beauty,Face Cream,44751.85,9,402766.65,Delhi,3.4,Wallet
ORD009404,2048-09-29,Fashion,Cricket Bat,6255.27,4,25021.08,Hyderabad,4.4,Wallet
ORD009405,2048-09-30,Electronics,Face Cream,23007.36,2,46014.72,Ahmedabad,3.5,Cash on Delivery
ORD009406,2048-10-01,Beauty,T-shirt,21719.47,9,195475.23,Delhi,3.3,Wallet
ORD009407,2048-10-02,Home & Kitchen,Smartphone,17154.16,6,102924.96,Chennai,4.8,UPI
ORD009408,2048-10-03,Sports,Pressure Cooker,509.97,3,1529.91,Chennai,3.3,Cash on Delivery
ORD009409,2048-10-04,Sports,Saree,44605.94,2,89211.88,Pune,3.7,Credit Card
ORD009410,2048-10-05,Electronics,Football,38996.48,6,233978.88,Delhi,3.9,Cash on Delivery
ORD009411,2048-10-06,Fashion,Lipstick,32816.45,6,196898.7,Indore,4.0,Wallet
ORD009412,2048-10-07,Electronics,Football,6883.86,9,61954.74,Chennai,3.7,Wallet
ORD009413,2048-10-08,Sports,Cricket Bat,19221.15,5,96105.75,Ahmedabad,4.8,UPI
ORD009414,2048-10-09,Home & Kitchen,Smartphone,46254.19,9,416287.71,Indore,4.3,UPI
ORD009415,2048-10-10,Sports,Smartphone,31038.02,5,155190.1,Mumbai,3.7,Cash on Delivery
ORD009416,2048-10-11,Beauty,Jeans,30368.82,2,60737.64,Delhi,3.7,Credit Card
ORD009417,2048-10-12,Sports,Cricket Bat,45699.77,1,45699.77,Hyderabad,4.0,Cash on Delivery
ORD009418,2048-10-13,Sports,Face Cream,28211.77,9,253905.93,Pune,3.1,Cash on Delivery
ORD009419,2048-10-14,Beauty,Face Cream,30082.35,7,210576.45,Hyderabad,4.9,UPI
ORD009420,2048-10-15,Fashion,Headphones,17612.93,3,52838.79,Ahmedabad,3.4,Cash on Delivery
ORD009421,2048-10-16,Sports,Pressure Cooker,18886.33,6,113317.98,Chennai,4.4,UPI
ORD009422,2048-10-17,Electronics,Saree,34437.54,4,137750.16,Chennai,4.6,UPI
ORD009423,2048-10-18,Sports,Smartphone,16361.54,9,147253.86,Hyderabad,4.7,Cash on Delivery
ORD009424,2048-10-19,Electronics,Jeans,28175.84,2,56351.68,Mumbai,3.3,UPI
ORD009425,2048-10-20,Beauty,Jeans,14320.24,4,57280.96,Hyderabad,4.1,Wallet
ORD009426,2048-10-21,Sports,T-shirt,8723.2,1,8723.2,Ahmedabad,3.2,Wallet
ORD009427,2048-10-22,Beauty,Cricket Bat,22992.92,7,160950.44,Delhi,4.6,Cash on Delivery
ORD009428,2048-10-23,Beauty,Smartphone,11263.58,4,45054.32,Hyderabad,4.0,Credit Card
ORD009429,2048-10-24,Fashion,Saree,44975.47,5,224877.35,Bangalore,3.3,Credit Card
ORD009430,2048-10-25,Sports,Headphones,15528.84,1,15528.84,Mumbai,4.4,Wallet
ORD009431,2048-10-26,Electronics,Laptop,30071.4,2,60142.8,Pune,3.7,UPI
ORD009432,2048-10-27,Electronics,Laptop,13540.37,4,54161.48,Mumbai,3.2,Credit Card
ORD009433,2048-10-28,Sports,Headphones,13271.95,2,26543.9,Hyderabad,3.9,Credit Card
ORD009434,2048-10-29,Fashion,Face Cream,17856.49,1,17856.49,Bangalore,3.5,Cash on Delivery
ORD009435,2048-10-30,Fashion,Smartphone,45835.79,1,45835.79,Delhi,4.9,Cash on Delivery
ORD009436,2048-10-31,Fashion,Cricket Bat,19879.14,6,119274.84,Ahmedabad,3.7,Credit Card
ORD009437,2048-11-01,Electronics,Saree,41152.69,2,82305.38,Ahmedabad,4.1,Credit Card
ORD009438,2048-11-02,Beauty,Football,10266.25,3,30798.75,Hyderabad,4.9,Wallet
ORD009439,2048-11-03,Fashion,T-shirt,2884.39,5,14421.95,Delhi,3.8,Cash on Delivery
ORD009440,2048-11-04,Electronics,Cricket Bat,39193.06,3,117579.18,Bangalore,3.7,Cash on Delivery
ORD009441,2048-11-05,Electronics,Lipstick,27322.81,6,163936.86,Ahmedabad,3.3,Credit Card
ORD009442,2048-11-06,Beauty,Cricket Bat,25434.43,7,178041.01,Pune,4.9,Wallet
ORD009443,2048-11-07,Sports,Cricket Bat,13974.19,6,83845.14,Hyderabad,4.6,UPI
ORD009444,2048-11-08,Sports,Pressure Cooker,4079.69,2,8159.38,Hyderabad,3.4,Cash on Delivery
ORD009445,2048-11-09,Fashion,Smartphone,24401.57,9,219614.13,Ahmedabad,3.7,Cash on Delivery
ORD009446,2048-11-10,Fashion,T-shirt,43427.7,2,86855.4,Delhi,4.8,Credit Card
ORD009447,2048-11-11,Beauty,Pressure Cooker,6441.09,6,38646.54,Hyderabad,4.1,Credit Card
ORD009448,2048-11-12,Fashion,Smartphone,46493.96,9,418445.64,Bangalore,4.1,UPI
ORD009449,2048-11-13,Beauty,Mixer,14099.09,9,126891.81,Hyderabad,4.3,Cash on Delivery
ORD009450,2048-11-14,Electronics,T-shirt,26843.22,2,53686.44,Pune,4.5,Wallet
ORD009451,2048-11-15,Fashion,Smartphone,3792.17,9,34129.53,Pune,4.9,Wallet
ORD009452,2048-11-16,Electronics,Laptop,21539.81,8,172318.48,Chennai,4.6,Credit Card
ORD009453,2048-11-17,Home & Kitchen,Pressure Cooker,6731.95,7,47123.65,Bangalore,4.9,Wallet
ORD009454,2048-11-18,Beauty,Mixer,2874.7,8,22997.6,Mumbai,4.6,Wallet
ORD009455,2048-11-19,Home & Kitchen,Face Cream,48344.61,8,386756.88,Delhi,3.1,Credit Card
ORD009456,2048-11-20,Fashion,T-shirt,36639.68,1,36639.68,Ahmedabad,3.2,UPI
ORD009457,2048-11-21,Electronics,Lipstick,36093.36,9,324840.24,Indore,4.8,UPI
ORD009458,2048-11-22,Fashion,Saree,4982.21,6,29893.26,Indore,3.1,Cash on Delivery
ORD009459,2048-11-23,Home & Kitchen,Lipstick,46502.85,1,46502.85,Bangalore,4.6,Credit Card
ORD009460,2048-11-24,Fashion,Laptop,23738.69,1,23738.69,Ahmedabad,4.7,Credit Card
ORD009461,2048-11-25,Sports,Laptop,42688.06,7,298816.42,Ahmedabad,3.8,Cash on Delivery
ORD009462,2048-11-26,Home & Kitchen,Headphones,1123.75,2,2247.5,Indore,3.7,Wallet
ORD009463,2048-11-27,Fashion,Face Cream,15261.22,6,91567.32,Mumbai,3.4,UPI
ORD009464,2048-11-28,Electronics,Headphones,49804.33,5,249021.65,Mumbai,3.1,Cash on Delivery
ORD009465,2048-11-29,Fashion,Lipstick,21677.98,5,108389.9,Bangalore,4.5,Cash on Delivery
ORD009466,2048-11-30,Electronics,Pressure Cooker,44480.43,6,266882.58,Mumbai,3.1,Cash on Delivery
ORD009467,2048-12-01,Sports,Cricket Bat,16735.92,8,133887.36,Mumbai,4.9,UPI
ORD009468,2048-12-02,Fashion,Smartphone,26503.79,5,132518.95,Indore,3.6,Wallet
ORD009469,2048-12-03,Sports,Football,42783.84,8,342270.72,Chennai,4.6,UPI
ORD009470,2048-12-04,Home & Kitchen,Saree,30488.12,5,152440.6,Hyderabad,3.1,Credit Card
ORD009471,2048-12-05,Electronics,Mixer,36397.02,6,218382.12,Indore,4.1,Credit Card
ORD009472,2048-12-06,Home & Kitchen,Saree,11827.24,8,94617.92,Indore,3.7,Cash on Delivery
ORD009473,2048-12-07,Electronics,Laptop,8216.58,2,16433.16,Chennai,3.1,Credit Card
ORD009474,2048-12-08,Sports,Headphones,11900.17,7,83301.19,Hyderabad,4.3,UPI
ORD009475,2048-12-09,Beauty,Cricket Bat,24905.91,3,74717.73,Ahmedabad,4.9,Credit Card
ORD009476,2048-12-10,Fashion,Face Cream,40147.76,9,361329.84,Mumbai,3.0,Credit Card
ORD009477,2048-12-11,Sports,Jeans,18022.7,7,126158.9,Hyderabad,3.5,Wallet
ORD009478,2048-12-12,Electronics,T-shirt,28458.38,3,85375.14,Pune,4.4,UPI
ORD009479,2048-12-13,Electronics,Jeans,40338.22,8,322705.76,Pune,4.7,Credit Card
ORD009480,2048-12-14,Electronics,Jeans,12319.44,2,24638.88,Chennai,3.4,UPI
ORD009481,2048-12-15,Electronics,Pressure Cooker,44207.3,8,353658.4,Delhi,3.1,Credit Card
ORD009482,2048-12-16,Fashion,Pressure Cooker,47677.57,7,333742.99,Delhi,3.0,Wallet
ORD009483,2048-12-17,Home & Kitchen,Headphones,2429.02,5,12145.1,Hyderabad,3.4,Credit Card
ORD009484,2048-12-18,Beauty,Jeans,3426.0,4,13704.0,Pune,3.1,Cash on Delivery
ORD009485,2048-12-19,Fashion,Mixer,5002.51,1,5002.51,Delhi,3.7,Wallet
ORD009486,2048-12-20,Electronics,Laptop,38950.04,4,155800.16,Ahmedabad,3.9,Credit Card
ORD009487,2048-12-21,Fashion,Jeans,9872.18,6,59233.08,Bangalore,4.0,Cash on Delivery
ORD009488,2048-12-22,Sports,Cricket Bat,36421.95,6,218531.7,Delhi,3.3,Credit Card
ORD009489,2048-12-23,Electronics,T-shirt,22343.17,2,44686.34,Hyderabad,3.9,Cash on Delivery
ORD009490,2048-12-24,Beauty,Smartphone,41894.62,9,377051.58,Mumbai,3.0,Wallet
ORD009491,2048-12-25,Electronics,Headphones,40523.49,1,40523.49,Chennai,3.5,Credit Card
ORD009492,2048-12-26,Beauty,Headphones,48003.3,4,192013.2,Delhi,3.7,UPI
ORD009493,2048-12-27,Beauty,Lipstick,12926.37,4,51705.48,Hyderabad,3.2,Credit Card
ORD009494,2048-12-28,Home & Kitchen,Cricket Bat,11847.34,2,23694.68,Pune,4.6,UPI
ORD009495,2048-12-29,Home & Kitchen,Pressure Cooker,2059.64,8,16477.12,Chennai,3.4,Wallet
ORD009496,2048-12-30,Fashion,Face Cream,20815.6,2,41631.2,Bangalore,4.5,UPI
ORD009497,2048-12-31,Fashion,Laptop,23223.63,2,46447.26,Ahmedabad,3.9,Cash on Delivery
ORD009498,2049-01-01,Beauty,Mixer,48243.43,2,96486.86,Mumbai,4.0,UPI
ORD009499,2049-01-02,Electronics,Football,41623.87,1,41623.87,Indore,4.3,Wallet
ORD009500,2049-01-03,Sports,Cricket Bat,8756.19,5,43780.95,Chennai,3.1,Wallet
ORD009501,2049-01-04,Sports,Saree,40025.22,4,160100.88,Indore,3.2,UPI
ORD009502,2049-01-05,Electronics,Smartphone,9325.81,2,18651.62,Pune,3.7,Cash on Delivery
ORD009503,2049-01-06,Electronics,T-shirt,4349.37,1,4349.37,Chennai,3.8,Wallet
ORD009504,2049-01-07,Home & Kitchen,Lipstick,41935.6,1,41935.6,Hyderabad,3.9,Credit Card
ORD009505,2049-01-08,Sports,Cricket Bat,48810.0,2,97620.0,Bangalore,4.4,Wallet
ORD009506,2049-01-09,Beauty,Lipstick,4861.87,1,4861.87,Pune,3.0,Credit Card
ORD009507,2049-01-10,Fashion,Smartphone,40789.28,9,367103.52,Delhi,4.9,UPI
ORD009508,2049-01-11,Home & Kitchen,Jeans,43031.03,2,86062.06,Ahmedabad,3.3,Cash on Delivery
ORD009509,2049-01-12,Sports,Lipstick,6378.4,3,19135.2,Bangalore,3.5,Credit Card
ORD009510,2049-01-13,Electronics,Headphones,14521.05,9,130689.45,Mumbai,4.8,Cash on Delivery
ORD009511,2049-01-14,Sports,Pressure Cooker,36816.2,5,184081.0,Indore,3.0,Cash on Delivery
ORD009512,2049-01-15,Beauty,Jeans,40482.65,8,323861.2,Ahmedabad,5.0,UPI
ORD009513,2049-01-16,Home & Kitchen,Cricket Bat,18021.72,7,126152.04,Delhi,3.1,Wallet
ORD009514,2049-01-17,Electronics,Face Cream,8416.51,6,50499.06,Indore,3.2,Wallet
ORD009515,2049-01-18,Beauty,T-shirt,32593.05,2,65186.1,Bangalore,3.5,Wallet
ORD009516,2049-01-19,Fashion,Headphones,35247.45,4,140989.8,Mumbai,3.9,Cash on Delivery
ORD009517,2049-01-20,Home & Kitchen,Smartphone,25428.59,9,228857.31,Chennai,4.0,Wallet
ORD009518,2049-01-21,Beauty,Jeans,7674.58,7,53722.06,Ahmedabad,3.2,Wallet
ORD009519,2049-01-22,Beauty,Headphones,42302.09,3,126906.27,Ahmedabad,3.1,UPI
ORD009520,2049-01-23,Electronics,Pressure Cooker,32440.66,6,194643.96,Chennai,3.1,Wallet
ORD009521,2049-01-24,Fashion,Jeans,43523.63,8,348189.04,Indore,3.5,Cash on Delivery
ORD009522,2049-01-25,Beauty,Laptop,46681.97,8,373455.76,Indore,4.8,UPI
ORD009523,2049-01-26,Home & Kitchen,Laptop,40382.04,8,323056.32,Chennai,3.8,Wallet
ORD009524,2049-01-27,Beauty,Jeans,47953.54,8,383628.32,Pune,4.5,Credit Card
ORD009525,2049-01-28,Sports,Jeans,47735.76,6,286414.56,Indore,3.4,Wallet
ORD009526,2049-01-29,Home & Kitchen,Laptop,31157.56,3,93472.68,Chennai,3.1,Cash on Delivery
ORD009527,2049-01-30,Home & Kitchen,Cricket Bat,36544.62,9,328901.58,Pune,4.1,UPI
ORD009528,2049-01-31,Beauty,Lipstick,35120.72,3,105362.16,Indore,4.6,Wallet
ORD009529,2049-02-01,Electronics,Face Cream,31246.24,4,124984.96,Ahmedabad,4.8,Credit Card
ORD009530,2049-02-02,Home & Kitchen,T-shirt,1458.08,1,1458.08,Delhi,4.1,Wallet
ORD009531,2049-02-03,Sports,Headphones,18117.38,2,36234.76,Indore,3.6,UPI
ORD009532,2049-02-04,Electronics,Headphones,5453.88,6,32723.28,Chennai,3.2,UPI
ORD009533,2049-02-05,Electronics,Smartphone,15362.83,1,15362.83,Delhi,4.3,UPI
ORD009534,2049-02-06,Electronics,T-shirt,3893.96,9,35045.64,Delhi,3.6,UPI
ORD009535,2049-02-07,Home & Kitchen,Mixer,46041.56,8,368332.48,Bangalore,4.7,UPI
ORD009536,2049-02-08,Electronics,Laptop,22840.83,2,45681.66,Chennai,4.2,Cash on Delivery
ORD009537,2049-02-09,Beauty,Football,9873.54,2,19747.08,Pune,4.7,Credit Card
ORD009538,2049-02-10,Electronics,Football,29446.57,8,235572.56,Hyderabad,4.1,Credit Card
ORD009539,2049-02-11,Sports,Mixer,10224.32,8,81794.56,Indore,4.5,Credit Card
ORD009540,2049-02-12,Fashion,Face Cream,40319.8,1,40319.8,Chennai,3.6,Cash on Delivery
ORD009541,2049-02-13,Sports,Pressure Cooker,15643.0,5,78215.0,Hyderabad,4.0,UPI
ORD009542,2049-02-14,Home & Kitchen,T-shirt,16087.58,2,32175.16,Chennai,3.0,Wallet
ORD009543,2049-02-15,Electronics,Saree,43562.57,1,43562.57,Delhi,4.2,Cash on Delivery
ORD009544,2049-02-16,Electronics,Face Cream,28180.54,3,84541.62,Chennai,4.1,UPI
ORD009545,2049-02-17,Beauty,Smartphone,44421.45,3,133264.35,Chennai,4.5,Cash on Delivery
ORD009546,2049-02-18,Electronics,Jeans,20937.96,9,188441.64,Pune,4.5,Wallet
ORD009547,2049-02-19,Sports,Pressure Cooker,17524.42,1,17524.42,Chennai,4.3,Wallet
ORD009548,2049-02-20,Home & Kitchen,Lipstick,25557.05,2,51114.1,Chennai,3.1,Credit Card
ORD009549,2049-02-21,Fashion,Saree,3543.84,9,31894.56,Bangalore,4.8,Cash on Delivery
ORD009550,2049-02-22,Electronics,T-shirt,8132.94,5,40664.7,Indore,3.0,Wallet
ORD009551,2049-02-23,Fashion,T-shirt,11366.32,9,102296.88,Ahmedabad,4.6,UPI
ORD009552,2049-02-24,Electronics,Football,40925.53,6,245553.18,Bangalore,4.0,Credit Card
ORD009553,2049-02-25,Home & Kitchen,Mixer,36823.04,3,110469.12,Delhi,4.6,Wallet
ORD009554,2049-02-26,Sports,Cricket Bat,10068.71,8,80549.68,Delhi,3.9,Credit Card
ORD009555,2049-02-27,Home & Kitchen,Mixer,14199.0,9,127791.0,Hyderabad,4.3,UPI
ORD009556,2049-02-28,Fashion,Face Cream,47240.96,2,94481.92,Delhi,3.7,UPI
ORD009557,2049-03-01,Electronics,Headphones,4747.25,9,42725.25,Bangalore,4.5,Cash on Delivery
ORD009558,2049-03-02,Fashion,Mixer,27599.03,4,110396.12,Delhi,3.5,UPI
ORD009559,2049-03-03,Sports,Cricket Bat,26339.35,8,210714.8,Hyderabad,4.4,UPI
ORD009560,2049-03-04,Home & Kitchen,Lipstick,36422.54,5,182112.7,Hyderabad,3.4,UPI
ORD009561,2049-03-05,Fashion,Pressure Cooker,13441.05,6,80646.3,Bangalore,4.4,Credit Card
ORD009562,2049-03-06,Fashion,Laptop,46771.25,4,187085.0,Pune,3.6,UPI
ORD009563,2049-03-07,Sports,T-shirt,20823.85,5,104119.25,Delhi,3.6,Credit Card
ORD009564,2049-03-08,Electronics,Face Cream,14643.12,1,14643.12,Ahmedabad,4.6,Wallet
ORD009565,2049-03-09,Fashion,Face Cream,17175.04,3,51525.12,Ahmedabad,4.6,Wallet
ORD009566,2049-03-10,Sports,Jeans,17761.76,4,71047.04,Indore,4.4,Credit Card
ORD009567,2049-03-11,Electronics,Mixer,10346.96,1,10346.96,Hyderabad,4.8,Credit Card
ORD009568,2049-03-12,Electronics,Saree,46438.67,3,139316.01,Pune,3.3,UPI
ORD009569,2049-03-13,Home & Kitchen,Lipstick,9156.32,4,36625.28,Pune,3.5,UPI
ORD009570,2049-03-14,Sports,Smartphone,44200.22,9,397801.98,Delhi,3.6,Credit Card
ORD009571,2049-03-15,Electronics,T-shirt,20544.0,3,61632.0,Delhi,3.6,Cash on Delivery
ORD009572,2049-03-16,Home & Kitchen,Cricket Bat,13829.19,3,41487.57,Indore,3.7,Cash on Delivery
ORD009573,2049-03-17,Beauty,Headphones,10326.19,4,41304.76,Pune,4.4,Cash on Delivery
ORD009574,2049-03-18,Sports,Cricket Bat,25464.95,9,229184.55,Bangalore,3.5,Wallet
ORD009575,2049-03-19,Beauty,Mixer,33628.3,9,302654.7,Ahmedabad,3.6,UPI
ORD009576,2049-03-20,Electronics,Pressure Cooker,44961.94,1,44961.94,Bangalore,4.1,Credit Card
ORD009577,2049-03-21,Sports,Headphones,32796.11,8,262368.88,Delhi,3.4,Wallet
ORD009578,2049-03-22,Home & Kitchen,Saree,24441.29,1,24441.29,Chennai,3.7,Wallet
ORD009579,2049-03-23,Electronics,Cricket Bat,2157.07,2,4314.14,Chennai,3.1,UPI
ORD009580,2049-03-24,Sports,Face Cream,45813.63,5,229068.15,Mumbai,4.9,Credit Card
ORD009581,2049-03-25,Sports,Saree,45167.28,6,271003.68,Mumbai,3.6,Cash on Delivery
ORD009582,2049-03-26,Beauty,Smartphone,19246.49,2,38492.98,Mumbai,4.7,UPI
ORD009583,2049-03-27,Electronics,Saree,1937.22,5,9686.1,Bangalore,4.1,Wallet
ORD009584,2049-03-28,Home & Kitchen,T-shirt,36801.79,3,110405.37,Delhi,3.5,Wallet
ORD009585,2049-03-29,Home & Kitchen,Lipstick,39688.2,7,277817.4,Indore,3.4,Wallet
ORD009586,2049-03-30,Electronics,Headphones,27352.06,1,27352.06,Ahmedabad,4.4,Wallet
ORD009587,2049-03-31,Electronics,T-shirt,20442.31,5,102211.55,Indore,4.9,Cash on Delivery
ORD009588,2049-04-01,Fashion,Jeans,42631.08,3,127893.24,Hyderabad,3.4,Credit Card
ORD009589,2049-04-02,Beauty,Cricket Bat,10029.56,2,20059.12,Delhi,3.2,Cash on Delivery
ORD009590,2049-04-03,Electronics,Football,22258.13,3,66774.39,Ahmedabad,3.8,Wallet
ORD009591,2049-04-04,Electronics,Cricket Bat,1712.06,4,6848.24,Ahmedabad,3.8,Credit Card
ORD009592,2049-04-05,Fashion,Jeans,8618.52,2,17237.04,Delhi,4.6,UPI
ORD009593,2049-04-06,Fashion,Saree,47071.15,2,94142.3,Mumbai,3.9,UPI
ORD009594,2049-04-07,Sports,T-shirt,29115.12,3,87345.36,Delhi,3.1,Cash on Delivery
ORD009595,2049-04-08,Home & Kitchen,Football,40376.82,2,80753.64,Indore,4.8,UPI
ORD009596,2049-04-09,Beauty,Headphones,24581.77,6,147490.62,Mumbai,3.7,Wallet
ORD009597,2049-04-10,Sports,Headphones,41823.94,2,83647.88,Delhi,4.3,Credit Card
ORD009598,2049-04-11,Electronics,Jeans,27178.05,1,27178.05,Hyderabad,4.3,Credit Card
ORD009599,2049-04-12,Fashion,Cricket Bat,724.62,8,5796.96,Chennai,3.1,Cash on Delivery
ORD009600,2049-04-13,Home & Kitchen,Jeans,45035.1,4,180140.4,Chennai,3.0,Credit Card
ORD009601,2049-04-14,Sports,Football,7854.02,2,15708.04,Bangalore,3.2,UPI
ORD009602,2049-04-15,Home & Kitchen,Smartphone,22802.46,4,91209.84,Ahmedabad,4.9,Cash on Delivery
ORD009603,2049-04-16,Fashion,Smartphone,24095.38,2,48190.76,Hyderabad,4.6,Wallet
ORD009604,2049-04-17,Sports,Smartphone,2838.2,5,14191.0,Indore,3.3,Cash on Delivery
ORD009605,2049-04-18,Sports,Laptop,3126.98,7,21888.86,Delhi,4.2,UPI
ORD009606,2049-04-19,Home & Kitchen,Lipstick,38246.31,6,229477.86,Ahmedabad,4.2,UPI
ORD009607,2049-04-20,Fashion,Football,15372.31,2,30744.62,Hyderabad,3.0,UPI
ORD009608,2049-04-21,Electronics,Pressure Cooker,20776.59,4,83106.36,Ahmedabad,3.9,Cash on Delivery
ORD009609,2049-04-22,Sports,Face Cream,28423.57,8,227388.56,Delhi,4.4,Cash on Delivery
ORD009610,2049-04-23,Electronics,Mixer,18982.61,7,132878.27,Hyderabad,3.4,Credit Card
ORD009611,2049-04-24,Fashion,Face Cream,38864.35,7,272050.45,Hyderabad,4.7,Cash on Delivery
ORD009612,2049-04-25,Sports,Laptop,44281.0,4,177124.0,Chennai,4.3,Wallet
ORD009613,2049-04-26,Sports,Headphones,3456.04,1,3456.04,Hyderabad,3.0,Cash on Delivery
ORD009614,2049-04-27,Electronics,Saree,31952.47,7,223667.29,Bangalore,4.7,Credit Card
ORD009615,2049-04-28,Beauty,Cricket Bat,16224.17,6,97345.02,Delhi,3.0,Wallet
ORD009616,2049-04-29,Electronics,Football,29372.13,8,234977.04,Mumbai,4.8,Wallet
ORD009617,2049-04-30,Electronics,Football,24453.41,5,122267.05,Hyderabad,3.7,Cash on Delivery
ORD009618,2049-05-01,Beauty,Saree,17017.09,8,136136.72,Ahmedabad,4.4,Credit Card
ORD009619,2049-05-02,Fashion,Jeans,5193.37,8,41546.96,Mumbai,4.6,Credit Card
ORD009620,2049-05-03,Fashion,Cricket Bat,28192.28,9,253730.52,Chennai,3.6,Wallet
ORD009621,2049-05-04,Sports,Mixer,6083.23,1,6083.23,Mumbai,3.7,Wallet
ORD009622,2049-05-05,Home & Kitchen,Mixer,8227.94,3,24683.82,Bangalore,4.0,Credit Card
ORD009623,2049-05-06,Home & Kitchen,T-shirt,49117.68,6,294706.08,Bangalore,4.2,UPI
ORD009624,2049-05-07,Sports,Saree,16176.91,4,64707.64,Chennai,3.6,UPI
ORD009625,2049-05-08,Home & Kitchen,Pressure Cooker,29429.59,8,235436.72,Ahmedabad,5.0,Cash on Delivery
ORD009626,2049-05-09,Electronics,Mixer,13975.48,1,13975.48,Indore,4.5,Credit Card
ORD009627,2049-05-10,Electronics,Lipstick,43342.72,5,216713.6,Bangalore,3.5,Wallet
ORD009628,2049-05-11,Beauty,T-shirt,14525.34,4,58101.36,Delhi,4.3,UPI
ORD009629,2049-05-12,Beauty,Pressure Cooker,18660.82,1,18660.82,Indore,3.9,Wallet
ORD009630,2049-05-13,Sports,Cricket Bat,30615.19,6,183691.14,Bangalore,4.7,Wallet
ORD009631,2049-05-14,Sports,Saree,43564.34,3,130693.02,Indore,3.7,Credit Card
ORD009632,2049-05-15,Sports,Saree,40902.6,5,204513.0,Hyderabad,3.4,Wallet
ORD009633,2049-05-16,Electronics,Pressure Cooker,13561.06,6,81366.36,Pune,3.1,Credit Card
ORD009634,2049-05-17,Home & Kitchen,Pressure Cooker,41562.97,4,166251.88,Bangalore,5.0,Wallet
ORD009635,2049-05-18,Sports,Mixer,35209.17,6,211255.02,Indore,3.7,UPI
ORD009636,2049-05-19,Sports,Cricket Bat,49496.51,7,346475.57,Delhi,3.4,Credit Card
ORD009637,2049-05-20,Electronics,Football,46804.66,2,93609.32,Chennai,4.0,Wallet
ORD009638,2049-05-21,Electronics,Football,26890.27,7,188231.89,Bangalore,3.6,Cash on Delivery
ORD009639,2049-05-22,Electronics,T-shirt,37621.47,7,263350.29,Delhi,3.5,Cash on Delivery
ORD009640,2049-05-23,Home & Kitchen,Lipstick,28723.9,2,57447.8,Hyderabad,4.2,Cash on Delivery
ORD009641,2049-05-24,Sports,Football,29952.27,3,89856.81,Pune,3.1,Cash on Delivery
ORD009642,2049-05-25,Fashion,Headphones,5524.29,3,16572.87,Mumbai,4.0,UPI
ORD009643,2049-05-26,Fashion,Headphones,611.16,1,611.16,Ahmedabad,3.8,UPI
ORD009644,2049-05-27,Sports,Laptop,2885.23,1,2885.23,Mumbai,4.1,Cash on Delivery
ORD009645,2049-05-28,Sports,Lipstick,48348.22,6,290089.32,Chennai,3.6,Wallet
ORD009646,2049-05-29,Sports,Cricket Bat,6750.28,9,60752.52,Ahmedabad,4.1,UPI
ORD009647,2049-05-30,Sports,Football,2697.29,9,24275.61,Chennai,3.2,Cash on Delivery
ORD009648,2049-05-31,Home & Kitchen,Cricket Bat,15827.39,1,15827.39,Mumbai,3.8,UPI
ORD009649,2049-06-01,Fashion,T-shirt,29614.91,7,207304.37,Mumbai,3.5,UPI
ORD009650,2049-06-02,Beauty,Saree,47448.8,6,284692.8,Chennai,3.9,Wallet
ORD009651,2049-06-03,Fashion,Laptop,35144.44,4,140577.76,Mumbai,3.8,Wallet
ORD009652,2049-06-04,Fashion,Face Cream,14179.47,3,42538.41,Bangalore,4.3,Credit Card
ORD009653,2049-06-05,Electronics,T-shirt,46983.37,9,422850.33,Indore,4.3,Wallet
ORD009654,2049-06-06,Sports,Face Cream,2284.03,5,11420.15,Pune,3.8,Cash on Delivery
ORD009655,2049-06-07,Sports,Laptop,48963.17,8,391705.36,Pune,3.4,Credit Card
ORD009656,2049-06-08,Sports,Face Cream,3402.71,4,13610.84,Delhi,4.2,Cash on Delivery
ORD009657,2049-06-09,Electronics,Saree,37815.57,4,151262.28,Indore,4.9,Wallet
ORD009658,2049-06-10,Home & Kitchen,Jeans,2742.23,6,16453.38,Ahmedabad,3.4,Wallet
ORD009659,2049-06-11,Home & Kitchen,Laptop,46612.29,6,279673.74,Chennai,3.1,UPI
ORD009660,2049-06-12,Beauty,T-shirt,5878.96,3,17636.88,Delhi,3.5,Cash on Delivery
ORD009661,2049-06-13,Home & Kitchen,Jeans,2998.71,2,5997.42,Hyderabad,3.8,Credit Card
ORD009662,2049-06-14,Home & Kitchen,Pressure Cooker,44518.63,9,400667.67,Hyderabad,3.6,Wallet
ORD009663,2049-06-15,Sports,Lipstick,5241.8,2,10483.6,Bangalore,4.7,Credit Card
ORD009664,2049-06-16,Fashion,Mixer,39997.6,9,359978.4,Hyderabad,4.0,Wallet
ORD009665,2049-06-17,Home & Kitchen,T-shirt,37478.21,8,299825.68,Chennai,3.5,Wallet
ORD009666,2049-06-18,Home & Kitchen,Pressure Cooker,30144.46,7,211011.22,Bangalore,4.9,UPI
ORD009667,2049-06-19,Electronics,Headphones,19209.15,5,96045.75,Indore,3.3,Credit Card
ORD009668,2049-06-20,Beauty,Headphones,45821.24,3,137463.72,Bangalore,3.2,Wallet
ORD009669,2049-06-21,Electronics,Cricket Bat,43618.52,2,87237.04,Pune,3.5,Wallet
ORD009670,2049-06-22,Sports,T-shirt,21599.23,8,172793.84,Chennai,3.2,UPI
ORD009671,2049-06-23,Fashion,Smartphone,11970.39,2,23940.78,Mumbai,4.5,Wallet
ORD009672,2049-06-24,Beauty,Mixer,13992.3,8,111938.4,Pune,3.6,UPI
ORD009673,2049-06-25,Electronics,Smartphone,11406.02,5,57030.1,Delhi,4.5,UPI
ORD009674,2049-06-26,Home & Kitchen,Lipstick,27291.97,9,245627.73,Chennai,4.5,UPI
ORD009675,2049-06-27,Home & Kitchen,Face Cream,43492.67,4,173970.68,Pune,3.5,Wallet
ORD009676,2049-06-28,Beauty,Cricket Bat,38793.79,8,310350.32,Mumbai,4.0,UPI
ORD009677,2049-06-29,Home & Kitchen,Football,39877.77,7,279144.39,Mumbai,4.0,Credit Card
ORD009678,2049-06-30,Electronics,Mixer,22690.28,8,181522.24,Hyderabad,4.7,Credit Card
ORD009679,2049-07-01,Electronics,Jeans,16461.02,5,82305.1,Indore,3.1,Credit Card
ORD009680,2049-07-02,Home & Kitchen,Laptop,37989.11,2,75978.22,Pune,3.6,Credit Card
ORD009681,2049-07-03,Home & Kitchen,Mixer,39768.26,7,278377.82,Pune,4.8,UPI
ORD009682,2049-07-04,Sports,Saree,34920.01,3,104760.03,Ahmedabad,3.5,Cash on Delivery
ORD009683,2049-07-05,Fashion,Jeans,2089.3,2,4178.6,Bangalore,3.3,Wallet
ORD009684,2049-07-06,Beauty,Laptop,29689.39,3,89068.17,Bangalore,4.2,Wallet
ORD009685,2049-07-07,Electronics,Lipstick,17678.77,4,70715.08,Hyderabad,3.6,Cash on Delivery
ORD009686,2049-07-08,Beauty,Headphones,10211.54,7,71480.78,Hyderabad,3.9,Cash on Delivery
ORD009687,2049-07-09,Sports,Laptop,34872.57,1,34872.57,Bangalore,4.6,Wallet
ORD009688,2049-07-10,Electronics,Saree,13792.04,6,82752.24,Ahmedabad,4.0,Wallet
ORD009689,2049-07-11,Sports,Cricket Bat,45685.64,6,274113.84,Chennai,4.0,Cash on Delivery
ORD009690,2049-07-12,Sports,Laptop,15254.91,8,122039.28,Chennai,3.6,Credit Card
ORD009691,2049-07-13,Home & Kitchen,Face Cream,27981.44,2,55962.88,Chennai,4.6,UPI
ORD009692,2049-07-14,Beauty,Mixer,41474.23,2,82948.46,Chennai,4.5,Wallet
ORD009693,2049-07-15,Beauty,Mixer,20404.86,1,20404.86,Hyderabad,3.5,Wallet
ORD009694,2049-07-16,Home & Kitchen,Cricket Bat,41518.57,3,124555.71,Delhi,3.6,Wallet
ORD009695,2049-07-17,Beauty,Mixer,36322.97,7,254260.79,Delhi,4.6,Credit Card
ORD009696,2049-07-18,Home & Kitchen,Face Cream,46082.86,8,368662.88,Bangalore,3.7,Credit Card
ORD009697,2049-07-19,Electronics,Lipstick,16628.81,7,116401.67,Delhi,3.8,Wallet
ORD009698,2049-07-20,Sports,Saree,5698.89,9,51290.01,Chennai,3.7,Credit Card
ORD009699,2049-07-21,Sports,T-shirt,21802.3,8,174418.4,Hyderabad,3.3,Wallet
ORD009700,2049-07-22,Beauty,T-shirt,39397.77,8,315182.16,Chennai,3.7,UPI
ORD009701,2049-07-23,Fashion,Headphones,22796.54,2,45593.08,Mumbai,4.6,Credit Card
ORD009702,2049-07-24,Sports,Pressure Cooker,13468.4,1,13468.4,Hyderabad,4.0,UPI
ORD009703,2049-07-25,Home & Kitchen,Football,1866.36,6,11198.16,Mumbai,3.9,Cash on Delivery
ORD009704,2049-07-26,Fashion,Lipstick,15994.68,7,111962.76,Mumbai,3.3,Wallet
ORD009705,2049-07-27,Fashion,Football,35812.37,6,214874.22,Ahmedabad,3.4,Credit Card
ORD009706,2049-07-28,Sports,Pressure Cooker,7806.88,7,54648.16,Ahmedabad,3.1,UPI
ORD009707,2049-07-29,Sports,T-shirt,17373.53,8,138988.24,Pune,3.0,Credit Card
ORD009708,2049-07-30,Sports,Laptop,1501.46,2,3002.92,Bangalore,4.0,Cash on Delivery
ORD009709,2049-07-31,Home & Kitchen,Laptop,36226.87,1,36226.87,Mumbai,3.8,UPI
ORD009710,2049-08-01,Fashion,Laptop,44093.81,8,352750.48,Pune,3.6,Cash on Delivery
ORD009711,2049-08-02,Beauty,Mixer,28642.15,8,229137.2,Delhi,5.0,Cash on Delivery
ORD009712,2049-08-03,Home & Kitchen,Football,1780.67,8,14245.36,Delhi,3.8,UPI
ORD009713,2049-08-04,Electronics,Mixer,11272.45,7,78907.15,Mumbai,4.6,Credit Card
ORD009714,2049-08-05,Sports,Smartphone,22204.22,2,44408.44,Bangalore,3.4,UPI
ORD009715,2049-08-06,Fashion,Laptop,29585.27,4,118341.08,Mumbai,3.5,Cash on Delivery
ORD009716,2049-08-07,Home & Kitchen,Laptop,25065.68,9,225591.12,Pune,4.1,Wallet
ORD009717,2049-08-08,Electronics,Jeans,45835.37,8,366682.96,Hyderabad,3.0,UPI
ORD009718,2049-08-09,Home & Kitchen,Cricket Bat,46962.5,4,187850.0,Hyderabad,3.0,Wallet
ORD009719,2049-08-10,Home & Kitchen,T-shirt,5804.05,8,46432.4,Hyderabad,3.3,Credit Card
ORD009720,2049-08-11,Beauty,Mixer,7350.35,6,44102.1,Hyderabad,3.4,UPI
ORD009721,2049-08-12,Beauty,Face Cream,18223.72,9,164013.48,Mumbai,4.1,Wallet
ORD009722,2049-08-13,Home & Kitchen,Saree,21351.13,1,21351.13,Chennai,4.4,Cash on Delivery
ORD009723,2049-08-14,Electronics,Mixer,29510.3,6,177061.8,Chennai,3.6,Credit Card
ORD009724,2049-08-15,Fashion,Saree,38771.41,4,155085.64,Indore,3.5,Wallet
ORD009725,2049-08-16,Fashion,Smartphone,7220.5,3,21661.5,Hyderabad,4.6,Credit Card
ORD009726,2049-08-17,Sports,Saree,40230.66,5,201153.3,Ahmedabad,3.3,UPI
ORD009727,2049-08-18,Sports,Mixer,30696.4,8,245571.2,Ahmedabad,4.4,Wallet
ORD009728,2049-08-19,Fashion,Headphones,49053.78,6,294322.68,Pune,4.9,UPI
ORD009729,2049-08-20,Home & Kitchen,Mixer,32732.8,1,32732.8,Pune,3.5,UPI
ORD009730,2049-08-21,Home & Kitchen,Football,35946.53,6,215679.18,Indore,3.2,Cash on Delivery
ORD009731,2049-08-22,Beauty,Lipstick,10162.84,7,71139.88,Indore,5.0,Wallet
ORD009732,2049-08-23,Beauty,Headphones,38558.67,6,231352.02,Bangalore,3.5,Wallet
ORD009733,2049-08-24,Sports,Laptop,4423.68,3,13271.04,Bangalore,3.6,Wallet
ORD009734,2049-08-25,Fashion,T-shirt,32998.26,9,296984.34,Mumbai,4.0,Credit Card
ORD009735,2049-08-26,Home & Kitchen,Face Cream,3250.86,4,13003.44,Chennai,3.5,Credit Card
ORD009736,2049-08-27,Fashion,Saree,6203.68,5,31018.4,Pune,5.0,Credit Card
ORD009737,2049-08-28,Electronics,Mixer,5839.38,5,29196.9,Ahmedabad,3.1,Credit Card
ORD009738,2049-08-29,Fashion,Mixer,3097.96,3,9293.88,Pune,3.9,Wallet
ORD009739,2049-08-30,Electronics,Saree,16396.38,2,32792.76,Mumbai,4.1,Wallet
ORD009740,2049-08-31,Beauty,Pressure Cooker,49720.45,8,397763.6,Delhi,3.9,Credit Card
ORD009741,2049-09-01,Beauty,T-shirt,17737.16,7,124160.12,Pune,4.0,Cash on Delivery
ORD009742,2049-09-02,Sports,Jeans,38158.41,5,190792.05,Pune,5.0,Wallet
ORD009743,2049-09-03,Fashion,Cricket Bat,7049.69,1,7049.69,Hyderabad,4.8,Credit Card
ORD009744,2049-09-04,Fashion,Laptop,22997.31,1,22997.31,Delhi,3.6,UPI
ORD009745,2049-09-05,Electronics,Headphones,9663.23,8,77305.84,Ahmedabad,4.1,Cash on Delivery
ORD009746,2049-09-06,Beauty,Mixer,10008.81,4,40035.24,Delhi,3.0,Wallet
ORD009747,2049-09-07,Electronics,Smartphone,5434.66,4,21738.64,Ahmedabad,3.8,Cash on Delivery
ORD009748,2049-09-08,Beauty,T-shirt,21886.19,9,196975.71,Indore,3.3,Credit Card
ORD009749,2049-09-09,Electronics,Saree,4238.98,2,8477.96,Pune,4.4,UPI
ORD009750,2049-09-10,Beauty,Mixer,45535.66,5,227678.3,Bangalore,3.4,UPI
ORD009751,2049-09-11,Electronics,Headphones,22671.07,6,136026.42,Pune,4.5,Credit Card
ORD009752,2049-09-12,Beauty,Smartphone,42009.02,6,252054.12,Chennai,3.6,Cash on Delivery
ORD009753,2049-09-13,Electronics,Cricket Bat,48983.49,3,146950.47,Indore,4.9,Wallet
ORD009754,2049-09-14,Fashion,Cricket Bat,34050.07,6,204300.42,Indore,3.9,Credit Card
ORD009755,2049-09-15,Sports,Headphones,45124.78,5,225623.9,Hyderabad,4.7,Cash on Delivery
ORD009756,2049-09-16,Electronics,T-shirt,7200.69,8,57605.52,Mumbai,4.3,Credit Card
ORD009757,2049-09-17,Sports,Smartphone,41584.69,4,166338.76,Hyderabad,5.0,UPI
ORD009758,2049-09-18,Fashion,Face Cream,13925.26,3,41775.78,Mumbai,4.5,Wallet
ORD009759,2049-09-19,Fashion,Saree,23893.6,6,143361.6,Ahmedabad,4.5,Credit Card
ORD009760,2049-09-20,Beauty,Smartphone,32505.84,9,292552.56,Mumbai,3.5,UPI
ORD009761,2049-09-21,Sports,Face Cream,45225.41,8,361803.28,Ahmedabad,4.0,Credit Card
ORD009762,2049-09-22,Home & Kitchen,Lipstick,45594.19,8,364753.52,Ahmedabad,3.6,UPI
ORD009763,2049-09-23,Beauty,Saree,5059.07,3,15177.21,Chennai,3.0,UPI
ORD009764,2049-09-24,Sports,Laptop,18545.5,1,18545.5,Delhi,4.4,Wallet
ORD009765,2049-09-25,Electronics,Jeans,39762.17,3,119286.51,Ahmedabad,3.5,UPI
ORD009766,2049-09-26,Electronics,Laptop,35306.27,3,105918.81,Mumbai,3.8,Wallet
ORD009767,2049-09-27,Fashion,Jeans,1804.45,6,10826.7,Chennai,3.6,Wallet
ORD009768,2049-09-28,Home & Kitchen,Laptop,22769.53,3,68308.59,Delhi,3.4,UPI
ORD009769,2049-09-29,Electronics,Football,41548.03,2,83096.06,Indore,3.1,UPI
ORD009770,2049-09-30,Sports,Smartphone,37015.38,9,333138.42,Indore,3.7,Wallet
ORD009771,2049-10-01,Sports,Face Cream,20886.56,6,125319.36,Delhi,3.2,Credit Card
ORD009772,2049-10-02,Electronics,T-shirt,36890.48,5,184452.4,Hyderabad,4.1,Credit Card
ORD009773,2049-10-03,Sports,Headphones,27784.93,3,83354.79,Hyderabad,3.0,Credit Card
ORD009774,2049-10-04,Sports,Mixer,45675.14,7,319725.98,Pune,4.9,Cash on Delivery
ORD009775,2049-10-05,Fashion,Jeans,29562.8,7,206939.6,Hyderabad,4.9,UPI
ORD009776,2049-10-06,Home & Kitchen,Mixer,20336.34,4,81345.36,Pune,3.6,Wallet
ORD009777,2049-10-07,Fashion,Lipstick,43214.57,2,86429.14,Pune,3.5,Cash on Delivery
ORD009778,2049-10-08,Home & Kitchen,Lipstick,2968.51,2,5937.02,Ahmedabad,3.2,UPI
ORD009779,2049-10-09,Sports,Mixer,45075.28,8,360602.24,Bangalore,4.8,Wallet
ORD009780,2049-10-10,Home & Kitchen,Football,34969.17,4,139876.68,Delhi,4.2,UPI
ORD009781,2049-10-11,Sports,Face Cream,47059.99,7,329419.93,Bangalore,4.2,Credit Card
ORD009782,2049-10-12,Sports,Football,12899.99,3,38699.97,Hyderabad,4.8,Cash on Delivery
ORD009783,2049-10-13,Fashion,Lipstick,34898.61,9,314087.49,Chennai,4.8,Wallet
ORD009784,2049-10-14,Fashion,Saree,40568.43,9,365115.87,Hyderabad,4.7,UPI
ORD009785,2049-10-15,Beauty,Mixer,35254.08,7,246778.56,Mumbai,4.5,Wallet
ORD009786,2049-10-16,Electronics,Lipstick,10911.52,7,76380.64,Chennai,4.8,Wallet
ORD009787,2049-10-17,Beauty,Jeans,14141.68,1,14141.68,Pune,4.8,Wallet
ORD009788,2049-10-18,Beauty,T-shirt,28553.75,8,228430.0,Pune,3.7,Credit Card
ORD009789,2049-10-19,Home & Kitchen,Football,22614.15,2,45228.3,Chennai,4.9,Wallet
ORD009790,2049-10-20,Sports,Lipstick,36888.3,8,295106.4,Pune,4.4,Cash on Delivery
ORD009791,2049-10-21,Sports,Face Cream,19244.5,2,38489.0,Delhi,3.7,Cash on Delivery
ORD009792,2049-10-22,Sports,Face Cream,43044.29,1,43044.29,Ahmedabad,3.9,UPI
ORD009793,2049-10-23,Electronics,Mixer,21880.06,8,175040.48,Bangalore,4.4,UPI
ORD009794,2049-10-24,Home & Kitchen,Jeans,2482.04,4,9928.16,Mumbai,3.7,Wallet
ORD009795,2049-10-25,Home & Kitchen,Mixer,1359.52,6,8157.12,Chennai,4.7,Credit Card
ORD009796,2049-10-26,Sports,Cricket Bat,32513.76,1,32513.76,Ahmedabad,3.3,Cash on Delivery
ORD009797,2049-10-27,Beauty,Smartphone,27257.38,9,245316.42,Bangalore,4.8,Wallet
ORD009798,2049-10-28,Electronics,Smartphone,27365.86,7,191561.02,Bangalore,3.6,Cash on Delivery
ORD009799,2049-10-29,Beauty,Face Cream,39605.45,5,198027.25,Mumbai,3.3,UPI
ORD009800,2049-10-30,Fashion,Smartphone,19098.15,6,114588.9,Ahmedabad,4.7,Credit Card
ORD009801,2049-10-31,Home & Kitchen,Laptop,49774.63,3,149323.89,Mumbai,3.5,Cash on Delivery
ORD009802,2049-11-01,Home & Kitchen,Saree,47303.74,9,425733.66,Hyderabad,4.7,UPI
ORD009803,2049-11-02,Beauty,Mixer,1141.61,2,2283.22,Pune,3.6,Cash on Delivery
ORD009804,2049-11-03,Electronics,Saree,44839.27,1,44839.27,Pune,4.9,Wallet
ORD009805,2049-11-04,Home & Kitchen,Mixer,34187.21,1,34187.21,Hyderabad,3.4,Cash on Delivery
ORD009806,2049-11-05,Beauty,Cricket Bat,25353.47,2,50706.94,Chennai,3.1,Cash on Delivery
ORD009807,2049-11-06,Electronics,Lipstick,29346.0,6,176076.0,Chennai,4.9,Wallet
ORD009808,2049-11-07,Beauty,Laptop,42171.94,6,253031.64,Chennai,3.3,Credit Card
ORD009809,2049-11-08,Electronics,T-shirt,47576.35,9,428187.15,Hyderabad,4.9,Credit Card
ORD009810,2049-11-09,Sports,Mixer,28236.51,4,112946.04,Ahmedabad,4.6,Wallet
ORD009811,2049-11-10,Electronics,Jeans,9473.93,8,75791.44,Chennai,3.2,Credit Card
ORD009812,2049-11-11,Fashion,Face Cream,32167.82,4,128671.28,Chennai,3.9,Credit Card
ORD009813,2049-11-12,Sports,Lipstick,4272.84,3,12818.52,Hyderabad,3.1,Wallet
ORD009814,2049-11-13,Beauty,Headphones,31939.37,4,127757.48,Hyderabad,3.7,Cash on Delivery
ORD009815,2049-11-14,Sports,Headphones,40526.28,1,40526.28,Chennai,3.7,Credit Card
ORD009816,2049-11-15,Sports,T-shirt,17989.91,9,161909.19,Chennai,4.2,UPI
ORD009817,2049-11-16,Beauty,Jeans,4023.63,5,20118.15,Bangalore,5.0,UPI
ORD009818,2049-11-17,Beauty,Smartphone,34765.19,7,243356.33,Delhi,3.3,Wallet
ORD009819,2049-11-18,Fashion,Laptop,17296.77,3,51890.31,Hyderabad,3.7,UPI
ORD009820,2049-11-19,Beauty,Saree,12830.28,5,64151.4,Delhi,4.2,UPI
ORD009821,2049-11-20,Home & Kitchen,Football,34614.5,4,138458.0,Ahmedabad,3.3,Wallet
ORD009822,2049-11-21,Home & Kitchen,Pressure Cooker,48494.53,7,339461.71,Pune,4.4,UPI
ORD009823,2049-11-22,Fashion,Pressure Cooker,37393.46,5,186967.3,Hyderabad,3.8,UPI
ORD009824,2049-11-23,Electronics,Laptop,24821.83,2,49643.66,Ahmedabad,4.9,Cash on Delivery
ORD009825,2049-11-24,Electronics,Football,30225.28,3,90675.84,Indore,4.3,Wallet
ORD009826,2049-11-25,Home & Kitchen,Lipstick,7542.81,8,60342.48,Pune,3.7,Credit Card
ORD009827,2049-11-26,Beauty,Cricket Bat,40754.06,3,122262.18,Pune,4.4,Wallet
ORD009828,2049-11-27,Fashion,Lipstick,30412.6,7,212888.2,Bangalore,4.7,UPI
ORD009829,2049-11-28,Electronics,Headphones,48308.6,5,241543.0,Pune,4.6,UPI
ORD009830,2049-11-29,Electronics,Saree,48984.43,7,342891.01,Ahmedabad,3.5,Credit Card
ORD009831,2049-11-30,Sports,Headphones,18052.04,9,162468.36,Delhi,3.8,Credit Card
ORD009832,2049-12-01,Home & Kitchen,Mixer,49433.02,7,346031.14,Bangalore,3.9,Cash on Delivery
ORD009833,2049-12-02,Beauty,Headphones,47863.26,6,287179.56,Mumbai,3.8,UPI
ORD009834,2049-12-03,Fashion,Pressure Cooker,32171.68,1,32171.68,Pune,3.6,UPI
ORD009835,2049-12-04,Electronics,Pressure Cooker,17006.49,4,68025.96,Delhi,4.5,UPI
ORD009836,2049-12-05,Sports,Saree,37790.34,8,302322.72,Delhi,3.0,Cash on Delivery
ORD009837,2049-12-06,Home & Kitchen,Headphones,13926.24,1,13926.24,Indore,3.6,Wallet
ORD009838,2049-12-07,Home & Kitchen,Laptop,31677.27,6,190063.62,Delhi,3.3,Credit Card
ORD009839,2049-12-08,Fashion,Laptop,1716.79,2,3433.58,Mumbai,3.3,Cash on Delivery
ORD009840,2049-12-09,Electronics,Football,31614.85,9,284533.65,Pune,3.6,Cash on Delivery
ORD009841,2049-12-10,Fashion,T-shirt,47604.61,8,380836.88,Ahmedabad,4.5,UPI
ORD009842,2049-12-11,Fashion,Cricket Bat,12139.58,9,109256.22,Ahmedabad,4.9,Credit Card
ORD009843,2049-12-12,Sports,Saree,39019.88,9,351178.92,Mumbai,4.0,Wallet
ORD009844,2049-12-13,Home & Kitchen,Headphones,15024.47,2,30048.94,Pune,3.7,UPI
ORD009845,2049-12-14,Beauty,Saree,35538.56,2,71077.12,Bangalore,4.7,Cash on Delivery
ORD009846,2049-12-15,Home & Kitchen,Lipstick,35148.63,9,316337.67,Ahmedabad,3.1,Cash on Delivery
ORD009847,2049-12-16,Home & Kitchen,Smartphone,9644.52,2,19289.04,Mumbai,3.2,Credit Card
ORD009848,2049-12-17,Sports,Football,30057.83,4,120231.32,Hyderabad,3.7,Credit Card
ORD009849,2049-12-18,Beauty,Jeans,43028.86,2,86057.72,Chennai,3.9,Credit Card
ORD009850,2049-12-19,Electronics,Lipstick,19435.39,1,19435.39,Delhi,4.6,UPI
ORD009851,2049-12-20,Beauty,Football,35658.71,7,249610.97,Pune,4.9,Cash on Delivery
ORD009852,2049-12-21,Electronics,Lipstick,33884.29,5,169421.45,Bangalore,4.1,Credit Card
ORD009853,2049-12-22,Beauty,Headphones,13246.94,3,39740.82,Bangalore,4.0,Wallet
ORD009854,2049-12-23,Fashion,Smartphone,45972.86,8,367782.88,Pune,3.4,Credit Card
ORD009855,2049-12-24,Beauty,Face Cream,28393.85,5,141969.25,Bangalore,3.9,Credit Card
ORD009856,2049-12-25,Sports,Laptop,18086.99,1,18086.99,Bangalore,4.8,UPI
ORD009857,2049-12-26,Electronics,Laptop,8635.74,9,77721.66,Delhi,3.8,UPI
ORD009858,2049-12-27,Home & Kitchen,Lipstick,23936.19,5,119680.95,Bangalore,3.4,UPI
ORD009859,2049-12-28,Sports,Face Cream,36640.62,3,109921.86,Delhi,3.7,UPI
ORD009860,2049-12-29,Electronics,Cricket Bat,31370.19,6,188221.14,Bangalore,4.0,Credit Card
ORD009861,2049-12-30,Electronics,Laptop,36489.1,8,291912.8,Bangalore,4.2,Cash on Delivery
ORD009862,2049-12-31,Home & Kitchen,Mixer,39692.16,2,79384.32,Chennai,3.9,Wallet
ORD009863,2050-01-01,Fashion,Lipstick,22329.74,3,66989.22,Pune,4.5,Wallet
ORD009864,2050-01-02,Sports,Jeans,26248.23,7,183737.61,Hyderabad,4.2,Cash on Delivery
ORD009865,2050-01-03,Home & Kitchen,Smartphone,49327.89,2,98655.78,Mumbai,4.3,Wallet
ORD009866,2050-01-04,Home & Kitchen,T-shirt,48418.54,5,242092.7,Mumbai,4.7,Credit Card
ORD009867,2050-01-05,Fashion,Pressure Cooker,21033.45,9,189301.05,Mumbai,4.7,Cash on Delivery
ORD009868,2050-01-06,Sports,Saree,34416.39,7,240914.73,Hyderabad,3.4,UPI
ORD009869,2050-01-07,Home & Kitchen,Lipstick,13745.71,3,41237.13,Delhi,4.2,UPI
ORD009870,2050-01-08,Fashion,Laptop,8058.53,2,16117.06,Mumbai,4.4,UPI
ORD009871,2050-01-09,Sports,Saree,38535.86,9,346822.74,Mumbai,3.3,Credit Card
ORD009872,2050-01-10,Beauty,Jeans,22090.91,9,198818.19,Mumbai,4.7,UPI
ORD009873,2050-01-11,Electronics,Face Cream,9264.11,9,83376.99,Pune,3.4,UPI
ORD009874,2050-01-12,Fashion,Headphones,38062.97,3,114188.91,Delhi,4.6,UPI
ORD009875,2050-01-13,Electronics,Pressure Cooker,45800.93,1,45800.93,Hyderabad,3.3,Wallet
ORD009876,2050-01-14,Beauty,Cricket Bat,46697.04,9,420273.36,Hyderabad,4.5,Cash on Delivery
ORD009877,2050-01-15,Home & Kitchen,Football,30018.52,7,210129.64,Indore,3.3,Wallet
ORD009878,2050-01-16,Home & Kitchen,Face Cream,24242.24,2,48484.48,Indore,3.8,Credit Card
ORD009879,2050-01-17,Sports,T-shirt,7522.4,6,45134.4,Delhi,3.3,Credit Card
ORD009880,2050-01-18,Fashion,Headphones,39743.1,9,357687.9,Pune,3.5,Credit Card
ORD009881,2050-01-19,Fashion,Jeans,47293.5,8,378348.0,Chennai,5.0,Wallet
ORD009882,2050-01-20,Sports,Laptop,44528.29,6,267169.74,Bangalore,3.2,Cash on Delivery
ORD009883,2050-01-21,Electronics,Face Cream,37713.28,6,226279.68,Delhi,3.8,UPI
ORD009884,2050-01-22,Home & Kitchen,Mixer,726.16,8,5809.28,Bangalore,4.4,Credit Card
ORD009885,2050-01-23,Home & Kitchen,Smartphone,20683.67,9,186153.03,Hyderabad,3.2,Credit Card
ORD009886,2050-01-24,Fashion,Headphones,20830.35,8,166642.8,Bangalore,3.2,Wallet
ORD009887,2050-01-25,Fashion,Headphones,44771.23,1,44771.23,Indore,3.3,UPI
ORD009888,2050-01-26,Sports,T-shirt,3749.71,2,7499.42,Mumbai,4.3,UPI
ORD009889,2050-01-27,Beauty,Smartphone,26795.52,6,160773.12,Bangalore,4.8,Wallet
ORD009890,2050-01-28,Electronics,Jeans,7238.65,8,57909.2,Indore,4.7,Wallet
ORD009891,2050-01-29,Beauty,Saree,33283.55,4,133134.2,Bangalore,5.0,Wallet
ORD009892,2050-01-30,Beauty,Saree,39716.65,4,158866.6,Hyderabad,4.2,Cash on Delivery
ORD009893,2050-01-31,Fashion,Smartphone,32276.98,2,64553.96,Pune,4.9,Credit Card
ORD009894,2050-02-01,Fashion,Face Cream,39831.96,1,39831.96,Pune,3.6,Credit Card
ORD009895,2050-02-02,Fashion,Cricket Bat,30571.07,9,275139.63,Chennai,3.8,Credit Card
ORD009896,2050-02-03,Beauty,Lipstick,9897.04,7,69279.28,Bangalore,3.8,Cash on Delivery
ORD009897,2050-02-04,Electronics,Cricket Bat,19441.84,9,174976.56,Pune,3.1,Wallet
ORD009898,2050-02-05,Fashion,Cricket Bat,47865.01,2,95730.02,Hyderabad,4.7,Credit Card
ORD009899,2050-02-06,Home & Kitchen,Headphones,14764.66,5,73823.3,Ahmedabad,3.0,Credit Card
ORD009900,2050-02-07,Electronics,Headphones,3611.69,2,7223.38,Ahmedabad,4.5,Credit Card
ORD009901,2050-02-08,Home & Kitchen,Pressure Cooker,19549.08,7,136843.56,Mumbai,3.8,Cash on Delivery
ORD009902,2050-02-09,Electronics,Face Cream,18632.2,9,167689.8,Ahmedabad,3.0,Wallet
ORD009903,2050-02-10,Fashion,Laptop,23780.29,3,71340.87,Ahmedabad,3.6,Credit Card
ORD009904,2050-02-11,Sports,Football,28235.02,1,28235.02,Bangalore,3.7,Credit Card
ORD009905,2050-02-12,Fashion,Football,49624.95,4,198499.8,Bangalore,4.9,Cash on Delivery
ORD009906,2050-02-13,Beauty,Football,37933.58,4,151734.32,Mumbai,4.3,Wallet
ORD009907,2050-02-14,Beauty,Jeans,2276.59,6,13659.54,Ahmedabad,4.1,Wallet
ORD009908,2050-02-15,Electronics,Jeans,35779.26,5,178896.3,Indore,3.3,Credit Card
ORD009909,2050-02-16,Beauty,Face Cream,41299.47,5,206497.35,Pune,3.8,UPI
ORD009910,2050-02-17,Fashion,Pressure Cooker,44833.72,9,403503.48,Indore,3.1,Cash on Delivery
ORD009911,2050-02-18,Home & Kitchen,Football,21488.3,1,21488.3,Indore,4.5,UPI
ORD009912,2050-02-19,Fashion,Headphones,16024.47,8,128195.76,Ahmedabad,3.3,UPI
ORD009913,2050-02-20,Electronics,T-shirt,42046.58,8,336372.64,Delhi,4.2,Credit Card
ORD009914,2050-02-21,Beauty,Football,38991.96,8,311935.68,Chennai,4.4,Credit Card
ORD009915,2050-02-22,Home & Kitchen,Football,27034.1,3,81102.3,Mumbai,3.7,Credit Card
ORD009916,2050-02-23,Sports,T-shirt,6335.2,8,50681.6,Pune,4.3,Cash on Delivery
ORD009917,2050-02-24,Home & Kitchen,Laptop,32762.19,2,65524.38,Indore,4.5,Cash on Delivery
ORD009918,2050-02-25,Home & Kitchen,Smartphone,3750.54,8,30004.32,Mumbai,3.4,Cash on Delivery
ORD009919,2050-02-26,Fashion,Headphones,5468.16,8,43745.28,Mumbai,4.2,UPI
ORD009920,2050-02-27,Sports,Saree,16891.44,3,50674.32,Delhi,4.5,Cash on Delivery
ORD009921,2050-02-28,Electronics,Saree,18873.19,4,75492.76,Mumbai,3.7,Wallet
ORD009922,2050-03-01,Electronics,Face Cream,23367.71,9,210309.39,Delhi,3.3,Cash on Delivery
ORD009923,2050-03-02,Home & Kitchen,Headphones,17287.58,9,155588.22,Chennai,3.6,Credit Card
ORD009924,2050-03-03,Home & Kitchen,Mixer,2172.51,9,19552.59,Delhi,4.9,UPI
ORD009925,2050-03-04,Beauty,Smartphone,8292.08,6,49752.48,Chennai,3.7,Cash on Delivery
ORD009926,2050-03-05,Sports,Saree,6198.04,1,6198.04,Chennai,3.2,Credit Card
ORD009927,2050-03-06,Home & Kitchen,Lipstick,21843.59,8,174748.72,Chennai,3.2,Credit Card
ORD009928,2050-03-07,Beauty,Football,11000.38,9,99003.42,Hyderabad,3.4,Wallet
ORD009929,2050-03-08,Sports,Cricket Bat,15030.49,8,120243.92,Ahmedabad,3.3,Wallet
ORD009930,2050-03-09,Electronics,Headphones,23842.59,1,23842.59,Chennai,4.0,Cash on Delivery
ORD009931,2050-03-10,Beauty,Mixer,12160.31,6,72961.86,Ahmedabad,3.7,UPI
ORD009932,2050-03-11,Sports,Lipstick,12673.49,9,114061.41,Delhi,4.7,UPI
ORD009933,2050-03-12,Beauty,Football,41740.64,9,375665.76,Hyderabad,4.8,Cash on Delivery
ORD009934,2050-03-13,Home & Kitchen,Cricket Bat,27630.3,7,193412.1,Pune,3.9,Cash on Delivery
ORD009935,2050-03-14,Fashion,Cricket Bat,42909.59,7,300367.13,Pune,4.8,Cash on Delivery
ORD009936,2050-03-15,Electronics,Laptop,25969.03,4,103876.12,Mumbai,3.9,UPI
ORD009937,2050-03-16,Home & Kitchen,Face Cream,45508.58,7,318560.06,Ahmedabad,4.3,Wallet
ORD009938,2050-03-17,Home & Kitchen,Football,13109.73,5,65548.65,Pune,3.3,UPI
ORD009939,2050-03-18,Sports,Smartphone,31025.17,5,155125.85,Mumbai,3.1,Credit Card
ORD009940,2050-03-19,Beauty,Headphones,25409.97,1,25409.97,Bangalore,3.3,Wallet
ORD009941,2050-03-20,Electronics,Mixer,45975.2,2,91950.4,Chennai,3.5,Credit Card
ORD009942,2050-03-21,Home & Kitchen,Pressure Cooker,21214.74,9,190932.66,Pune,4.5,UPI
ORD009943,2050-03-22,Sports,Laptop,42813.78,2,85627.56,Bangalore,3.3,Credit Card
ORD009944,2050-03-23,Electronics,T-shirt,28413.25,2,56826.5,Ahmedabad,3.3,UPI
ORD009945,2050-03-24,Beauty,Lipstick,35572.88,9,320155.92,Chennai,4.9,Wallet
ORD009946,2050-03-25,Home & Kitchen,Pressure Cooker,44401.21,3,133203.63,Pune,4.4,Wallet
ORD009947,2050-03-26,Home & Kitchen,Lipstick,49846.87,2,99693.74,Chennai,3.9,Wallet
ORD009948,2050-03-27,Home & Kitchen,Headphones,36691.41,7,256839.87,Ahmedabad,3.2,Credit Card
ORD009949,2050-03-28,Electronics,Mixer,16068.84,9,144619.56,Pune,4.7,Cash on Delivery
ORD009950,2050-03-29,Electronics,Mixer,15301.09,6,91806.54,Indore,3.2,Wallet
ORD009951,2050-03-30,Electronics,Cricket Bat,15800.64,7,110604.48,Delhi,4.2,UPI
ORD009952,2050-03-31,Electronics,Pressure Cooker,5346.46,3,16039.38,Delhi,4.3,Credit Card
ORD009953,2050-04-01,Sports,Mixer,3153.15,3,9459.45,Mumbai,3.8,Wallet
ORD009954,2050-04-02,Fashion,Saree,29251.72,8,234013.76,Hyderabad,4.8,Cash on Delivery
ORD009955,2050-04-03,Sports,Lipstick,40624.13,7,284368.91,Mumbai,3.1,Wallet
ORD009956,2050-04-04,Home & Kitchen,Cricket Bat,2288.66,5,11443.3,Chennai,4.6,Credit Card
ORD009957,2050-04-05,Sports,Football,28548.4,6,171290.4,Indore,4.1,Credit Card
ORD009958,2050-04-06,Beauty,Headphones,18902.18,9,170119.62,Hyderabad,4.2,Cash on Delivery
ORD009959,2050-04-07,Electronics,Mixer,44678.02,3,134034.06,Bangalore,5.0,Cash on Delivery
ORD009960,2050-04-08,Beauty,Face Cream,7696.65,3,23089.95,Chennai,4.2,UPI
ORD009961,2050-04-09,Beauty,Jeans,28389.88,6,170339.28,Delhi,4.6,Wallet
ORD009962,2050-04-10,Home & Kitchen,Football,48560.57,8,388484.56,Mumbai,3.3,Credit Card
ORD009963,2050-04-11,Electronics,Headphones,17579.13,5,87895.65,Mumbai,4.6,Cash on Delivery
ORD009964,2050-04-12,Beauty,Football,37217.96,1,37217.96,Ahmedabad,4.5,Credit Card
ORD009965,2050-04-13,Home & Kitchen,Pressure Cooker,44181.33,3,132543.99,Bangalore,4.9,Cash on Delivery
ORD009966,2050-04-14,Electronics,Saree,9717.42,8,77739.36,Mumbai,4.9,UPI
ORD009967,2050-04-15,Fashion,Smartphone,49630.1,4,198520.4,Mumbai,3.4,Wallet
ORD009968,2050-04-16,Home & Kitchen,T-shirt,40564.64,9,365081.76,Pune,3.9,Cash on Delivery
ORD009969,2050-04-17,Sports,Football,7309.43,6,43856.58,Hyderabad,4.8,Credit Card
ORD009970,2050-04-18,Electronics,Jeans,15888.79,4,63555.16,Chennai,4.3,Credit Card
ORD009971,2050-04-19,Beauty,Cricket Bat,31436.02,4,125744.08,Hyderabad,3.9,UPI
ORD009972,2050-04-20,Beauty,Lipstick,44303.43,5,221517.15,Hyderabad,3.2,UPI
ORD009973,2050-04-21,Sports,Pressure Cooker,10144.36,7,71010.52,Mumbai,3.7,Cash on Delivery
ORD009974,2050-04-22,Sports,Pressure Cooker,36694.68,7,256862.76,Pune,4.3,Wallet
ORD009975,2050-04-23,Beauty,Face Cream,13897.08,7,97279.56,Chennai,4.6,Cash on Delivery
ORD009976,2050-04-24,Electronics,Smartphone,40368.11,5,201840.55,Mumbai,3.9,Credit Card
ORD009977,2050-04-25,Home & Kitchen,Jeans,34330.38,9,308973.42,Indore,3.1,Cash on Delivery
ORD009978,2050-04-26,Sports,Lipstick,26384.0,2,52768.0,Pune,4.3,UPI
ORD009979,2050-04-27,Sports,T-shirt,32668.37,8,261346.96,Indore,4.8,Cash on Delivery
ORD009980,2050-04-28,Sports,Laptop,43884.04,8,351072.32,Pune,4.0,UPI
ORD009981,2050-04-29,Fashion,Laptop,19628.08,3,58884.24,Mumbai,4.9,Credit Card
ORD009982,2050-04-30,Electronics,Pressure Cooker,38577.88,5,192889.4,Hyderabad,3.7,Wallet
ORD009983,2050-05-01,Electronics,Football,8365.82,8,66926.56,Indore,4.8,Cash on Delivery
ORD009984,2050-05-02,Electronics,Football,35208.69,9,316878.21,Delhi,4.6,UPI
ORD009985,2050-05-03,Electronics,Jeans,37657.54,7,263602.78,Indore,4.9,Cash on Delivery
ORD009986,2050-05-04,Electronics,Smartphone,22428.39,4,89713.56,Delhi,4.6,UPI
ORD009987,2050-05-05,Beauty,Pressure Cooker,39784.29,4,159137.16,Pune,3.6,UPI
ORD009988,2050-05-06,Sports,Laptop,28076.62,3,84229.86,Hyderabad,4.8,UPI
ORD009989,2050-05-07,Beauty,Pressure Cooker,46845.58,8,374764.64,Hyderabad,4.3,Cash on Delivery
ORD009990,2050-05-08,Fashion,Laptop,6067.09,6,36402.54,Mumbai,3.3,UPI
ORD009991,2050-05-09,Home & Kitchen,Jeans,6975.66,6,41853.96,Chennai,3.1,Cash on Delivery
ORD009992,2050-05-10,Sports,Jeans,42200.16,9,379801.44,Indore,3.7,UPI
ORD009993,2050-05-11,Fashion,Smartphone,42196.88,3,126590.64,Mumbai,4.6,Wallet
ORD009994,2050-05-12,Beauty,Cricket Bat,23825.63,4,95302.52,Mumbai,4.2,UPI
ORD009995,2050-05-13,Home & Kitchen,Cricket Bat,48216.13,3,144648.39,Bangalore,4.1,Cash on Delivery
ORD009996,2050-05-14,Fashion,Pressure Cooker,34129.77,3,102389.31,Mumbai,3.0,Cash on Delivery
ORD009997,2050-05-15,Home & Kitchen,Face Cream,49151.24,1,49151.24,Chennai,3.9,Cash on Delivery
ORD009998,2050-05-16,Fashion,Pressure Cooker,26853.57,6,161121.42,Mumbai,3.3,Credit Card
ORD009999,2050-05-17,Beauty,Pressure Cooker,10479.86,9,94318.74,Ahmedabad,3.9,Wallet
ORD010000,2050-05-18,Home & Kitchen,Smartphone,22497.46,5,112487.3,Hyderabad,5.0,Wallet
